;Proband__;Trial__;Duration_ densening_6;Duration_ densening_9;Duration_ densening_12;Duration_ densening_15;Duration_ densening_18;Duration_ densening_21;Duration_ direct_6;Duration_ direct_9;Duration_ direct_12;Duration_ direct_15;Duration_ direct_18;Duration_ direct_21;Duration_ widening_6;Duration_ widening_9;Duration_ widening_12;Duration_ widening_15;Duration_ widening_18;Duration_ widening_21
0;1;0;6.442666666666667;6.523;7.272333333333333;9.031333333333334;6.681;6.329999999999999;6.2956666666666665;7.859666666666667;6.161666666666666;8.141;7.027333333333334;7.777666666666666;5.608333333333333;5.769000000000001;5.6193333333333335;6.728666666666666;12.254666666666665;7.306333333333334
1;1;1;6.391333333333333;6.341666666666666;6.1816666666666675;6.281333333333333;8.007666666666667;7.966;5.1193333333333335;6.731000000000001;11.839666666666668;8.448;6.697666666666667;8.550333333333333;5.020333333333333;6.273666666666666;7.872333333333334;8.589666666666666;9.326333333333332;9.176666666666668
2;1;2;4.664000000000001;6.035666666666667;6.6546666666666665;7.336000000000001;8.615666666666668;9.626666666666667;6.047666666666667;9.462;7.018666666666667;8.031333333333334;8.234333333333334;7.516666666666667;3.6176666666666666;5.852333333333334;6.204666666666667;9.912;7.639333333333333;7.864999999999999
3;1;3;5.513000000000001;4.257666666666666;7.054666666666667;6.896999999999999;6.114999999999999;8.149000000000001;4.867666666666667;7.622333333333334;5.719;7.036666666666666;6.065666666666666;10.392999999999999;5.331666666666667;13.129333333333333;6.121666666666666;6.176666666666667;9.312666666666667;7.945
4;1;4;4.5040000000000004;5.250666666666667;6.707333333333334;7.959666666666666;9.580666666666668;7.0456666666666665;5.04;8.154;6.657333333333334;6.968333333333334;8.542;24.816999999999997;4.913333333333333;6.674666666666667;7.033666666666666;10.355333333333332;7.527;7.349
5;2;0;6.301666666666667;8.634666666666666;8.458;8.942;23.41033333333333;7.199333333333333;6.2203333333333335;8.098666666666666;9.784;7.107333333333333;17.102666666666668;10.505666666666666;7.319333333333333;6.488333333333333;7.868333333333333;8.271666666666667;8.154666666666666;15.02533333333333
6;2;1;6.3486666666666665;7.866666666666667;6.9703333333333335;7.468;7.435;24.947333333333333;5.7893333333333326;8.562;8.935666666666668;8.902333333333333;8.093000000000002;9.334000000000001;6.121666666666666;5.816333333333333;7.428999999999999;8.648333333333333;11.734666666666667;9.162666666666667
7;2;2;6.136333333333333;5.625333333333333;9.323666666666666;18.558333333333334;8.814;12.748333333333335;5.210999999999999;7.582333333333334;11.49;7.978333333333333;9.292666666666667;10.117666666666667;4.945666666666667;6.498666666666666;23.238;6.454000000000001;8.155666666666667;10.366666666666667
8;2;3;6.461666666666667;10.891;8.254;9.465;11.892000000000001;7.694333333333333;6.587;10.782000000000002;16.270333333333333;7.305;9.120666666666667;10.883000000000001;5.589666666666666;9.218;8.217333333333334;7.692;11.460666666666667;9.749
9;2;4;5.335333333333334;10.520333333333333;7.335333333333334;12.809666666666667;9.447333333333333;10.656333333333334;5.226;7.117;7.8613333333333335;9.329333333333333;12.740666666666664;10.708;8.698333333333332;8.332666666666666;7.975999999999999;15.760333333333334;21.301333333333336;12.288666666666666
10;3;0;7.168333333333333;7.495666666666668;8.517333333333333;11.577666666666667;12.058;16.034666666666666;13.159333333333334;6.477666666666667;8.211666666666666;6.335666666666666;12.627666666666668;16.093666666666667;4.694333333333334;6.149000000000001;6.473;8.803666666666667;5.059;12.441333333333333
11;3;1;5.59;6.320333333333333;5.609333333333333;7.9316666666666675;13.965333333333334;11.606666666666664;4.399333333333334;9.028;7.1946666666666665;7.492;21.180333333333333;11.871333333333334;4.710333333333334;8.934;10.631666666666666;15.050666666666666;7.2059999999999995;10.362333333333334
12;3;2;4.136666666666667;5.467333333333333;7.762333333333333;8.894;9.727666666666666;16.819;4.016666666666667;5.973;7.686333333333334;10.822666666666668;20.156000000000002;18.563666666666666;4.329666666666667;6.4013333333333335;7.237333333333333;8.172333333333333;6.8580000000000005;10.39
13;3;3;5.048666666666667;7.512666666666667;5.141333333333333;11.890666666666666;18.698666666666668;9.922666666666666;3.497666666666667;7.164666666666666;5.075666666666667;9.136333333333335;8.496;11.423;4.891333333333333;5.656666666666666;8.401;12.207999999999998;18.291666666666668;10.893
14;3;4;4.4543333333333335;6.995;5.177333333333333;12.519333333333334;15.239666666666666;10.485;5.622666666666667;3.375666666666667;11.134;10.029;14.717999999999998;8.005999999999998;5.381666666666667;5.277;7.648666666666666;7.861999999999999;9.703666666666667;12.514333333333333
15;4;0;7.6706666666666665;12.677999999999999;8.272;10.196333333333333;23.330000000000002;18.143333333333334;5.6930000000000005;8.280333333333333;8.941333333333333;10.879;19.434;18.528;8.176333333333334;6.445333333333333;9.831999999999999;16.648999999999997;9.293999999999999;10.324333333333334
16;4;1;5.502;9.392666666666667;7.272666666666667;7.978666666666666;9.140333333333333;22.37966666666667;4.9046666666666665;5.953333333333333;7.344333333333334;11.009333333333332;16.405666666666665;19.417333333333332;7.067333333333333;7.866;7.950666666666667;13.792000000000002;10.034666666666666;19.191333333333333
17;4;2;5.959333333333333;8.504666666666667;8.347666666666667;22.574;36.53;14.569333333333333;4.188666666666667;9.537999999999998;10.590666666666666;10.488333333333335;23.375666666666664;20.753666666666668;6.2523333333333335;13.746666666666668;14.033333333333333;22.416666666666668;12.411666666666667;33.14033333333333
18;4;3;5.830333333333333;5.771333333333334;10.058;25.930999999999997;12.259666666666668;18.462666666666667;8.205333333333334;6.830333333333333;13.87;13.901000000000002;16.419;17.912000000000003;5.604666666666667;10.094333333333333;8.667333333333334;10.664;15.429666666666668;21.756
19;4;4;4.525333333333333;6.677;9.819;17.033666666666665;20.15366666666667;12.087666666666665;6.823;4.666333333333333;8.400666666666666;14.667333333333334;25.300666666666668;16.796000000000003;5.423333333333333;14.393333333333333;16.759;13.405333333333331;18.512666666666668;12.185666666666668
20;5;0;5.018;6.165666666666667;9.013666666666667;8.446666666666667;8.555333333333333;7.510333333333333;4.382000000000001;5.291666666666667;7.350999999999999;10.867333333333335;10.222;9.434666666666667;4.5343333333333335;5.683333333333334;7.483;7.049666666666667;7.119;9.998
21;5;1;9.254666666666667;7.3453333333333335;7.109333333333335;6.0809999999999995;9.189666666666668;8.049666666666667;5.483666666666667;4.734666666666667;8.759;6.203666666666667;8.211;10.333666666666668;5.353666666666666;6.13;5.865666666666667;8.801;8.700333333333333;7.657666666666667
22;5;2;5.233333333333333;6.943666666666666;9.242666666666667;7.351;9.899666666666667;11.411000000000001;4.135333333333333;6.114;5.669999999999999;6.976333333333333;7.192666666666667;9.769333333333334;4.934333333333334;5.139333333333333;7.731999999999999;8.070333333333332;9.222;8.789666666666667
23;5;3;5.562333333333334;4.57;7.537333333333334;8.289;9.180333333333333;7.222333333333334;4.942333333333333;6.549333333333333;7.481000000000001;7.825;11.125;7.5569999999999995;4.712666666666666;7.016333333333333;7.255;8.869333333333334;8.221666666666666;8.032
24;5;4;5.734000000000001;6.0;7.408999999999999;13.345666666666666;7.901;9.976333333333335;5.967666666666666;8.414;6.391666666666667;7.321000000000001;6.865666666666667;7.035;7.4703333333333335;4.986666666666667;7.809666666666668;6.857333333333333;10.222666666666667;8.459999999999999
25;6;0;6.293666666666667;5.7426666666666675;11.266;8.882666666666667;7.607333333333333;9.545;6.178333333333334;5.817333333333333;6.941333333333334;8.736333333333334;11.521;7.098999999999999;5.7620000000000005;102.03833333333334;8.24;8.735666666666667;17.235000000000003;18.323666666666664
26;6;1;7.367999999999999;17.465999999999998;7.421333333333333;11.242333333333335;8.037333333333335;9.582333333333333;6.370333333333334;7.853666666666666;11.992333333333335;9.275666666666668;5.759666666666667;22.802666666666667;6.803333333333334;7.133333333333333;9.365333333333334;9.592;9.875666666666666;12.179
27;6;2;8.884;6.303333333333334;8.045;10.87;7.725333333333334;9.689;5.993333333333333;6.014333333333333;7.5393333333333326;6.9303333333333335;9.780666666666667;8.785666666666666;6.856000000000001;6.072333333333333;5.343333333333334;6.508333333333333;9.038;7.015333333333333
28;6;3;6.903666666666666;7.681666666666666;10.434;10.687333333333333;7.048666666666667;10.814333333333332;5.387666666666667;6.472666666666666;7.229333333333333;9.937666666666667;8.697666666666667;10.889666666666665;5.808666666666667;7.393000000000001;12.186333333333332;9.154666666666666;7.671666666666667;10.947666666666668
29;6;4;7.698;7.077000000000001;6.929666666666667;13.684666666666667;9.568;9.686333333333334;6.193666666666666;7.3116666666666665;6.6419999999999995;8.089666666666666;9.615333333333334;10.981333333333334;6.450666666666667;13.166666666666666;9.378;8.564333333333332;8.136000000000001;13.460333333333333
30;7;0;6.803;6.784666666666666;6.940333333333332;8.063666666666666;8.173;9.506333333333332;6.134666666666667;19.091333333333335;6.889666666666667;12.581666666666665;11.308;8.711333333333334;5.050999999999999;9.648666666666665;17.024666666666665;10.572666666666667;7.832333333333334;9.845333333333334
31;7;1;6.524333333333334;6.406;8.02;6.271999999999999;7.984333333333333;14.884666666666666;4.5536666666666665;6.237333333333333;9.878666666666666;9.056333333333333;9.613666666666667;7.282;5.351333333333334;7.009333333333333;6.3676666666666675;8.948666666666666;9.818666666666667;12.561333333333332
32;7;2;6.7139999999999995;6.923333333333333;7.056333333333334;13.149666666666667;7.810333333333333;6.954;5.288333333333333;8.510666666666667;6.773000000000001;7.102666666666667;11.120666666666665;12.238333333333335;5.5986666666666665;7.376;20.317666666666668;8.589666666666666;11.487333333333332;10.300333333333334
33;7;3;29.237666666666666;5.858333333333333;8.270000000000001;10.609;8.224666666666666;7.007666666666666;5.666333333333333;10.095666666666666;11.667000000000002;7.0409999999999995;5.585;13.202333333333334;7.53;6.581333333333333;9.017000000000001;9.956;8.897;16.438
34;7;4;21.525333333333332;8.058333333333334;6.592;7.438333333333333;12.173666666666668;9.158666666666667;6.921666666666667;6.625333333333334;8.578;9.290999999999999;8.316666666666666;13.932333333333332;5.877333333333333;9.683333333333334;8.015666666666666;10.828333333333333;8.548;7.460999999999999
35;8;0;13.982;18.782666666666668;14.282000000000002;12.278666666666666;12.862666666666668;13.315333333333333;7.290333333333333;11.106;7.828666666666666;24.80666666666667;19.280333333333335;121.00233333333334;37.06133333333333;10.292333333333334;15.429333333333334;20.917666666666666;12.618;32.346333333333334
36;8;1;7.44;11.713666666666667;9.128;13.613999999999999;9.825666666666665;16.621666666666666;6.459666666666666;5.848333333333334;6.669;18.12633333333333;12.575999999999999;12.920666666666667;5.361666666666667;10.089;9.847666666666667;8.203000000000001;9.163333333333334;14.142000000000001
37;8;2;7.540333333333334;7.406333333333333;8.663333333333334;9.293666666666667;4.774;9.377333333333334;4.453666666666667;7.032;8.941;7.823;7.8053333333333335;10.387333333333332;7.146;7.825333333333333;9.056;9.456333333333333;8.448333333333332;12.197000000000001
38;8;3;7.622;12.933;8.206333333333333;8.673;18.804333333333336;11.329;4.349666666666667;7.8756666666666675;6.489666666666667;8.927333333333335;9.627666666666666;11.571666666666667;7.053;8.139666666666667;12.217999999999998;8.859333333333334;10.935333333333332;10.582666666666666
39;8;4;6.626333333333334;9.693333333333333;8.592666666666666;9.917666666666667;11.092666666666666;12.866666666666667;7.603000000000001;7.364666666666667;6.743666666666667;11.468333333333334;9.100333333333333;9.106666666666667;4.863;8.051;8.396333333333333;9.865666666666668;15.138666666666666;19.217333333333332
40;9;0;7.010333333333333;14.763333333333334;8.057666666666668;12.87;7.161666666666666;11.829999999999998;8.821666666666667;5.665333333333333;8.723;8.512333333333332;8.956999999999999;9.388666666666667;7.69;7.608666666666667;12.727666666666666;8.812666666666667;8.157333333333334;12.369
41;9;1;8.504666666666667;11.68;7.399333333333334;10.687333333333333;10.133666666666667;9.704666666666666;5.742333333333334;6.368666666666667;9.035666666666666;20.563666666666666;11.692333333333332;9.143666666666666;6.806333333333334;9.122333333333332;10.568333333333333;18.703333333333333;18.973333333333333;11.391333333333334
42;9;2;6.658666666666666;6.680666666666667;8.881333333333332;9.513666666666667;12.275666666666666;10.488333333333333;5.600333333333334;6.195666666666667;7.359333333333333;6.519000000000001;7.964333333333333;8.250666666666666;6.178666666666667;6.241666666666667;9.134;11.219000000000001;13.777000000000001;12.404666666666666
43;9;3;11.482;12.395333333333333;9.148333333333333;21.780333333333335;19.887666666666668;13.746;5.207666666666667;6.491666666666667;7.8053333333333335;8.316666666666668;8.718666666666666;9.353666666666667;6.478333333333333;6.925333333333334;7.905;10.441333333333333;18.548666666666666;13.362666666666668
44;9;4;8.862333333333334;7.488666666666667;7.688666666666666;9.502;8.113666666666667;7.2669999999999995;6.928999999999999;8.008666666666667;8.009333333333332;12.456666666666669;10.810666666666668;8.380333333333333;6.340333333333334;6.672666666666667;7.388000000000001;9.360666666666667;8.186666666666667;11.987333333333332
45;10;0;3.651666666666666;7.900333333333333;5.016;7.906;9.715;18.303333333333335;3.6643333333333334;91.36333333333333;4.548333333333333;7.106999999999999;11.795666666666667;7.321000000000001;5.060333333333333;3.6976666666666667;6.824333333333333;4.004333333333333;21.75333333333333;51.16533333333333
46;10;1;6.545999999999999;4.258333333333334;8.703000000000001;7.797999999999999;8.295333333333334;10.889333333333333;4.850333333333333;7.490333333333333;8.143333333333333;5.059;10.051666666666668;13.225;6.917666666666666;7.669666666666667;11.163666666666666;7.0023333333333335;7.727999999999999;7.956
47;10;2;3.763666666666667;6.097;8.689333333333334;9.607000000000001;8.429666666666668;14.662666666666667;4.2283333333333335;5.479666666666667;4.103666666666666;5.227;7.907666666666667;10.853333333333333;11.306666666666667;4.852333333333333;7.915666666666667;5.421333333333333;9.077666666666666;7.427333333333333
48;10;3;5.210333333333334;5.505333333333333;10.134666666666668;11.835999999999999;8.765666666666666;10.693666666666667;5.588;3.720666666666667;6.690666666666666;5.0776666666666666;6.236666666666667;10.616666666666667;3.5400000000000005;4.514666666666667;8.781666666666666;6.131;4.931;5.074666666666666
49;10;4;5.241;4.830666666666667;5.4750000000000005;7.9206666666666665;9.146333333333333;9.753;4.950333333333333;5.866333333333333;4.749;8.095666666666666;19.745;13.351666666666667;4.586666666666667;6.653666666666666;5.056;10.167;5.062;8.241999999999999
50;11;0;7.61;5.192666666666667;6.615666666666667;8.68;89.79466666666667;7.691666666666667;4.734666666666667;6.77;5.983666666666667;10.204333333333333;7.661666666666666;9.792666666666667;5.597;6.474333333333333;7.039333333333334;7.383333333333334;11.200000000000001;10.120333333333333
51;11;1;8.025333333333334;5.703333333333333;5.560333333333333;6.569;8.940333333333333;12.343666666666666;4.5536666666666665;5.0183333333333335;7.579;8.863;8.923333333333334;8.495333333333333;4.9223333333333334;6.09;8.119666666666665;7.910333333333334;9.371333333333334;8.341333333333333
52;11;2;5.963;5.3693333333333335;8.054;7.375;7.32;6.346;5.900666666666666;5.689666666666667;7.337;11.357333333333335;11.311;9.406666666666666;5.344666666666666;5.583666666666666;8.526333333333332;5.9303333333333335;8.314333333333334;8.384333333333332
53;11;3;6.955333333333333;6.0826666666666656;7.344333333333332;8.725666666666667;9.549666666666667;13.021;5.165666666666667;8.734;8.527666666666667;7.231000000000001;12.300666666666666;8.880333333333333;6.298666666666667;4.953333333333333;8.052999999999999;9.928666666666667;8.294333333333332;9.154666666666666
54;11;4;6.222333333333334;4.546333333333333;7.028666666666666;10.223666666666666;7.801666666666667;9.180333333333333;5.107333333333333;6.625333333333334;8.016666666666667;9.154333333333334;6.100666666666666;9.692333333333332;5.025666666666667;4.827;7.102;6.594666666666666;8.573333333333332;14.772
55;12;0;5.955333333333333;6.007000000000001;7.8309999999999995;7.245666666666668;9.317;6.848333333333334;6.3773333333333335;7.489333333333334;5.726333333333334;7.822333333333333;9.848333333333334;9.354333333333335;5.565666666666666;7.394000000000001;7.803333333333334;7.153333333333333;8.362333333333334;7.667666666666666
56;12;1;6.005333333333333;7.203666666666667;6.299666666666667;5.695666666666667;7.2379999999999995;7.467;5.853666666666666;7.178999999999999;6.958666666666667;10.544333333333332;7.590333333333334;10.212;5.649333333333334;6.185333333333333;7.411666666666666;8.362333333333334;9.483666666666666;10.590666666666666
57;12;2;4.511666666666667;6.749;8.183;9.285;8.790333333333335;10.199;7.873666666666666;9.828999999999999;7.874666666666666;7.084333333333333;8.096;10.915333333333331;4.647333333333333;8.487666666666668;6.781333333333333;6.472666666666666;7.147666666666666;7.437333333333334
58;12;3;7.024666666666666;5.550666666666667;7.574333333333333;8.059666666666667;7.471;9.541666666666666;5.830333333333333;7.860333333333333;7.970666666666666;12.082333333333333;10.433;11.481;5.678333333333334;6.161333333333334;7.150666666666667;7.521333333333334;10.894;8.063666666666668
59;12;4;6.206333333333333;7.258;8.338;8.662333333333333;8.326;7.564;6.410666666666667;6.967;7.706666666666667;9.244666666666665;7.411333333333334;7.196666666666666;5.3196666666666665;5.797999999999999;7.878;8.072333333333333;6.8709999999999996;9.052333333333333
60;13;0;5.565333333333334;8.473666666666666;45.08833333333333;8.885;16.76033333333333;11.712000000000002;108.276;11.105333333333334;8.077;7.028;8.283333333333333;8.289;7.412333333333334;10.666333333333332;12.999666666666664;11.375666666666667;7.5040000000000004;21.050666666666668
61;13;1;6.651666666666667;7.196333333333333;9.822333333333333;8.475;16.611666666666668;10.361333333333334;5.871666666666666;5.996666666666667;7.212000000000001;7.998333333333334;6.423666666666667;7.183666666666666;5.024333333333334;6.599333333333334;7.841333333333334;10.978666666666664;22.413666666666668;10.004
62;13;2;6.482666666666667;7.470666666666666;33.489;10.291;10.741666666666667;15.920333333333332;5.042;6.9703333333333335;13.693;28.003666666666664;13.654333333333334;14.396666666666667;4.800333333333334;10.854333333333335;9.722;11.232;12.639333333333333;21.782666666666668
63;13;3;4.668;4.564333333333334;10.521333333333333;8.21;6.78;10.012333333333332;7.275333333333333;6.103000000000001;9.407666666666666;11.030333333333333;12.855333333333334;8.648000000000001;4.9799999999999995;8.213;8.268333333333333;8.962;8.970333333333334;10.971333333333334
64;13;4;11.147666666666666;9.185333333333334;7.962;9.854;7.5120000000000005;12.882333333333333;4.811333333333333;7.142;5.9606666666666674;10.758666666666665;8.900333333333334;14.927333333333332;4.936;7.2620000000000005;6.782333333333334;12.751333333333333;48.068000000000005;15.299666666666667
65;14;0;5.215;6.103333333333334;7.871333333333333;9.097333333333333;9.847;12.052;5.846;6.668666666666667;7.257666666666666;10.416;8.310666666666668;12.481333333333334;4.616333333333333;7.488666666666667;6.4623333333333335;5.340333333333334;9.087666666666665;25.608666666666664
66;14;1;5.588666666666666;6.873666666666668;6.158666666666666;8.722333333333333;7.602999999999999;8.984666666666667;6.291666666666667;8.687;7.837000000000001;7.375;8.112666666666668;9.222666666666667;5.315666666666666;6.087666666666666;4.833666666666667;16.627666666666666;7.255;9.015
67;14;2;10.731333333333334;7.0136666666666665;10.085333333333333;7.343;8.589;7.307666666666667;5.380333333333333;6.09;7.044999999999999;8.107333333333333;9.841333333333333;10.511000000000001;4.362666666666667;6.479;6.633333333333333;11.678333333333333;12.012333333333332;15.392333333333333
68;14;3;5.177666666666667;5.479666666666667;7.689666666666667;7.2;9.762333333333332;10.587333333333333;6.108333333333333;8.314333333333332;9.671999999999999;14.589666666666666;8.868333333333334;12.306666666666667;5.037;7.573666666666667;7.8180000000000005;9.666;8.114333333333333;13.09066666666667
69;14;4;5.753;7.986;6.589666666666666;9.587000000000002;9.434;10.470666666666666;6.465333333333334;6.858333333333333;5.624666666666666;8.551333333333334;14.849666666666666;10.874;5.8693333333333335;12.543;10.665666666666667;7.139666666666667;9.785666666666666;6.973333333333334
70;15;0;6.625666666666667;131.21133333333333;13.982666666666667;10.547666666666666;9.262333333333332;12.666000000000002;5.715333333333334;8.115333333333334;7.695;9.888666666666667;6.142666666666667;9.229666666666667;7.127333333333333;11.597999999999999;7.119666666666667;11.676333333333334;10.996666666666668;8.997666666666667
71;15;1;5.841333333333334;10.644333333333334;12.162333333333335;8.359333333333334;8.242333333333333;12.031333333333334;5.105;11.514666666666665;7.539666666666666;6.124666666666667;9.064666666666666;14.955;5.789000000000001;7.904;7.139333333333333;11.495333333333335;11.010666666666665;9.754666666666667
72;15;2;8.255666666666666;7.415666666666667;9.358333333333334;11.480333333333334;9.568;9.182;6.034;6.830666666666666;8.987333333333334;9.784666666666666;10.050666666666666;36.09766666666667;5.080333333333333;7.163;6.820666666666667;9.896666666666667;13.432;14.587333333333333
73;15;3;6.548333333333333;10.293999999999999;5.858999999999999;9.829333333333333;11.357;11.454;5.619;7.701666666666667;9.172333333333333;11.722999999999999;9.525;9.996333333333334;7.753333333333334;10.031999999999998;11.186;15.931666666666667;8.755333333333333;9.26
74;15;4;5.995333333333334;7.034;10.878333333333332;7.761333333333333;12.409666666666666;13.071666666666667;6.019000000000001;9.049333333333333;8.738999999999999;14.323;8.735;11.833;8.140666666666666;7.512666666666668;7.5729999999999995;9.248666666666667;9.156333333333334;9.671000000000001
75;16;0;5.778333333333333;9.323666666666666;7.207000000000001;8.455333333333334;7.726666666666667;8.943666666666667;5.897333333333333;8.243666666666668;10.190666666666667;80.92966666666666;8.318;16.233999999999998;6.044666666666667;6.641333333333333;8.975666666666667;13.766666666666666;6.864666666666666;24.929999999999996
76;16;1;5.727666666666667;8.653333333333334;4.731333333333333;9.241999999999999;9.592;7.148333333333333;10.701333333333332;8.599666666666666;8.184;8.59;13.94;24.586333333333332;5.604333333333333;6.5776666666666666;13.832666666666666;26.23266666666667;13.848666666666665;14.593000000000002
77;16;2;3.8556666666666666;7.46;11.645666666666665;10.170333333333334;12.270000000000001;10.665666666666667;5.6739999999999995;6.239333333333334;8.855;10.850333333333333;8.941333333333333;9.487666666666668;6.3933333333333335;8.120333333333333;7.354333333333333;8.714;8.334666666666665;25.595333333333333
78;16;3;6.163;8.525999999999998;6.93;11.145666666666665;12.780666666666669;5.812666666666666;5.418666666666667;6.6723333333333334;13.975;10.140333333333333;11.245666666666667;12.571;5.148333333333333;6.994;8.948333333333332;6.219333333333334;20.796666666666667;8.812666666666667
79;16;4;7.8373333333333335;5.280333333333334;7.909666666666666;9.406;11.197666666666668;13.584333333333333;4.724;7.689;11.613333333333335;17.83066666666667;16.697;9.578000000000001;7.077999999999999;6.816;13.611666666666665;12.772333333333334;10.630333333333335;20.147666666666666
80;17;0;6.1546666666666665;8.581999999999999;6.525333333333333;8.421999999999999;8.663;10.001666666666667;5.553999999999999;6.284666666666666;6.169666666666667;7.565333333333332;7.570333333333333;6.314333333333334;6.908;8.894333333333334;7.438;7.726333333333334;7.516333333333333;8.551333333333334
81;17;1;5.18;5.339333333333333;6.5760000000000005;8.452333333333334;6.770666666666667;7.058666666666667;6.361999999999999;5.628;6.241;6.7620000000000005;8.657333333333334;6.5569999999999995;18.317000000000004;8.342;6.728666666666666;6.213666666666666;6.075666666666667;5.901666666666666
82;17;2;5.889;6.288666666666667;8.029;6.460333333333334;7.144333333333333;5.561666666666667;5.260333333333333;5.864333333333334;8.797666666666666;8.092333333333334;6.257666666666666;7.048333333333333;5.976666666666667;6.373666666666666;6.803;8.036;5.82;10.630333333333333
83;17;3;6.3676666666666675;6.685333333333333;7.261;6.066;8.852666666666666;8.249333333333333;4.650333333333333;5.866666666666667;6.095666666666666;11.86;8.316666666666666;7.928;5.202333333333333;8.065666666666667;6.428333333333334;11.190333333333333;6.2636666666666665;15.154333333333334
84;17;4;7.129666666666668;4.8566666666666665;5.7956666666666665;8.502333333333333;6.098;9.070666666666666;5.580666666666667;6.658;7.1819999999999995;7.204000000000001;6.527333333333334;8.613666666666667;6.0;11.777000000000001;6.476;8.524666666666667;7.648;6.548333333333333
85;18;0;6.639333333333333;6.19;7.083666666666667;11.636333333333333;17.37;10.362333333333334;6.263333333333333;6.634;6.9959999999999996;7.614666666666667;7.7923333333333344;7.120666666666668;5.9013333333333335;6.982333333333333;7.297333333333334;6.906333333333333;10.628666666666666;10.216666666666667
86;18;1;5.808333333333334;6.191333333333333;13.158;7.242999999999999;7.806333333333334;7.831;7.168666666666667;6.066333333333333;8.238333333333333;7.623;7.0073333333333325;8.343;6.1386666666666665;7.409;6.027;8.642999999999999;7.309666666666668;8.761000000000001
87;18;2;99.69233333333334;6.243333333333333;17.354666666666667;8.055666666666667;12.589333333333334;11.972999999999999;6.059333333333334;6.051333333333333;8.961;6.820666666666667;7.192333333333333;9.793999999999999;5.041333333333333;6.895333333333333;6.755333333333333;6.554666666666667;7.658;10.539666666666667
88;18;3;5.811;7.0073333333333325;15.094333333333333;7.685333333333333;8.361666666666666;9.162666666666667;5.376333333333332;7.158;8.808;6.634;8.694666666666667;7.0683333333333325;4.070666666666667;7.942666666666667;11.482333333333335;9.405333333333333;126.73733333333332;6.8790000000000004
89;18;4;10.516;7.582999999999999;6.442;7.399333333333334;14.03433333333333;8.918333333333333;5.331333333333333;5.555;8.628666666666668;7.516333333333333;11.097;8.035666666666666;4.003;7.019333333333333;5.391000000000001;8.557;7.941;7.682666666666667
90;19;0;6.662333333333334;10.509;11.440666666666667;8.978333333333333;11.203000000000001;8.506333333333332;5.627666666666666;89.34566666666666;9.025333333333334;7.900666666666666;11.458666666666666;10.220333333333334;8.713333333333333;6.525333333333333;5.723333333333334;9.507666666666667;10.389666666666667;8.341666666666667
91;19;1;7.073333333333333;6.685333333333333;9.860999999999999;11.703333333333333;9.528;14.644666666666666;5.947666666666667;9.282666666666666;9.478;13.217333333333334;7.0296666666666665;8.815;10.526666666666666;6.965;9.729666666666667;11.595333333333334;9.662666666666667;10.684333333333335
92;19;2;5.272333333333333;11.466333333333333;5.6739999999999995;8.124333333333333;11.277666666666667;10.248333333333333;6.361999999999999;6.703666666666667;8.022333333333334;11.174666666666667;8.979666666666667;13.972;5.545333333333333;7.287999999999999;7.147333333333333;8.241999999999999;10.856333333333334;9.418333333333333
93;19;3;7.280333333333334;6.302666666666667;11.590666666666666;9.668;11.752666666666668;9.968333333333334;6.2156666666666665;7.625;9.614333333333333;25.62933333333333;7.585;9.299666666666667;6.026;6.532333333333334;7.394333333333333;6.872;12.154666666666666;7.4316666666666675
94;19;4;5.445333333333333;7.4223333333333334;9.700999999999999;12.845666666666666;14.021;8.418000000000001;6.181333333333334;6.924666666666667;6.736;12.541666666666666;9.545333333333334;9.922;5.8693333333333335;6.4863333333333335;9.072666666666667;7.546333333333333;9.732;19.76366666666667
95;20;0;5.121333333333333;5.459333333333333;7.889333333333333;7.723333333333334;12.328666666666669;9.011999999999999;6.127333333333333;8.149;8.555666666666667;8.664;10.743;7.824000000000001;6.028666666666666;6.5360000000000005;7.103333333333334;11.906;8.005;8.083333333333334
96;20;1;6.031333333333333;6.969;5.916;7.574999999999999;9.299999999999999;8.308666666666667;5.951333333333333;7.504666666666666;7.425333333333334;6.6946666666666665;7.5889999999999995;7.609000000000001;6.292666666666666;7.280666666666666;7.346333333333334;6.355999999999999;6.484333333333333;7.979333333333334
97;20;2;5.798333333333333;6.7749999999999995;7.128666666666667;7.291333333333334;8.595333333333334;7.325333333333333;5.073333333333333;5.482666666666667;6.292000000000001;7.790333333333333;7.355333333333333;9.573666666666666;8.008666666666667;7.307666666666666;8.66;7.471666666666667;11.622666666666666;7.945
98;20;3;5.804333333333333;7.583000000000001;6.475333333333334;9.445333333333332;8.351;7.041;5.698666666666667;7.478333333333334;8.397666666666666;8.496;6.932666666666667;12.998666666666665;5.027666666666666;6.98;8.860666666666667;7.812666666666668;9.324;23.21066666666667
99;20;4;5.022333333333333;6.541666666666667;6.611;8.213666666666667;10.463666666666667;9.594333333333333;6.325;6.042999999999999;6.898333333333333;7.006999999999999;11.094000000000001;7.1690000000000005;4.120666666666667;6.059333333333334;6.081666666666667;6.609999999999999;23.394333333333336;9.357333333333333
100;22;0;5.332;6.793;7.478666666666666;7.669666666666667;10.639333333333333;8.756666666666666;6.709333333333333;6.940666666666666;7.145333333333333;7.525333333333333;8.784666666666666;8.809;6.352999999999999;5.342;7.278333333333333;7.853333333333333;9.406;9.289333333333333
101;22;1;6.260000000000001;6.755333333333333;10.702666666666667;9.386333333333333;7.7620000000000005;7.552666666666667;5.9223333333333334;8.465333333333334;7.615333333333333;7.5456666666666665;7.503;7.979;4.949;5.398333333333333;7.204000000000001;8.019666666666668;10.491999999999999;9.167
102;22;2;6.795333333333333;6.167333333333333;10.160333333333334;8.155333333333333;7.2506666666666675;10.146333333333333;5.262333333333333;5.2459999999999996;9.563;9.658999999999999;8.784666666666666;9.932333333333332;5.324666666666666;6.866333333333333;11.285333333333334;6.968333333333334;6.676666666666667;9.58
103;22;3;7.445333333333333;7.112000000000001;7.7043333333333335;6.920333333333333;8.202666666666667;9.724666666666666;5.451666666666667;6.950666666666667;6.305;8.243;9.022;7.0696666666666665;3.8366666666666664;6.538;8.078999999999999;8.100333333333333;6.791333333333334;12.653
104;22;4;7.242;6.784666666666666;6.134666666666667;7.255;8.548333333333334;8.658333333333333;5.873;7.109999999999999;7.987333333333332;10.571666666666667;7.739999999999999;8.744666666666667;5.538333333333333;6.394666666666666;9.240666666666668;6.195666666666667;8.443;7.490666666666667
105;23;0;5.3693333333333335;7.126333333333334;7.142666666666667;8.321333333333333;9.032333333333334;8.199666666666667;4.3133333333333335;6.316666666666666;6.778666666666666;8.636333333333333;8.002333333333334;9.318666666666667;5.47;8.291333333333332;6.773666666666667;10.680666666666667;7.918666666666667;7.978666666666666
106;23;1;6.344666666666666;7.137666666666665;7.149333333333334;5.934666666666668;9.045;9.486666666666666;5.965;6.549333333333333;7.4959999999999996;7.099333333333334;6.948333333333333;11.779333333333334;5.528333333333333;5.750333333333334;7.292333333333333;7.122;8.587000000000002;6.816333333333333
107;23;2;5.110333333333333;6.329000000000001;7.259;9.860666666666667;6.951;8.871666666666668;6.667999999999999;6.626666666666666;6.651666666666666;8.364333333333333;8.126;7.072;5.346666666666667;6.484666666666667;10.984333333333332;6.335;19.072333333333333;7.552666666666667
108;23;3;6.346;9.162333333333335;7.742999999999999;7.715666666666667;7.9046666666666665;8.556666666666667;5.472333333333334;6.326333333333333;6.956666666666667;9.613;6.790333333333334;5.859666666666667;5.695;5.921333333333334;5.926666666666667;9.695333333333332;7.294999999999999;27.906333333333336
109;23;4;5.887333333333333;6.084666666666666;8.368;7.964333333333333;9.276666666666666;9.539333333333333;6.084666666666666;8.033;7.443666666666666;10.498333333333333;9.428333333333333;8.432666666666666;5.594;5.761;9.151666666666666;7.311;7.159;6.873
110;24;0;6.866666666666667;8.004;7.531333333333333;7.550666666666667;7.207333333333334;11.735666666666667;5.03;6.139666666666667;8.169666666666666;7.365666666666667;7.7363333333333335;6.0393333333333326;5.3406666666666665;6.1659999999999995;7.653666666666666;6.25;8.783666666666667;7.700333333333333
111;24;1;6.595666666666666;5.969666666666666;10.485666666666667;7.598;12.053333333333333;8.848999999999998;5.943333333333334;5.446000000000001;6.538333333333334;8.823333333333332;8.634333333333332;7.736333333333332;6.553;6.199333333333333;8.510333333333334;7.386333333333333;6.247;10.576
112;24;2;6.264333333333333;6.928999999999999;9.014999999999999;9.751;7.576333333333333;10.948666666666668;5.663666666666667;5.492;8.008000000000001;6.352333333333334;7.208333333333333;9.041;4.2796666666666665;5.818666666666666;7.751;6.240666666666667;9.013333333333334;7.804333333333333
113;24;3;5.9110000000000005;11.263;6.539666666666666;7.656333333333333;6.632000000000001;15.616333333333335;5.241666666666667;6.855333333333334;8.574666666666667;8.244;8.464666666666666;9.700666666666667;4.994666666666666;5.465333333333334;6.997;6.557666666666666;6.074000000000001;5.708000000000001
114;24;4;4.674333333333333;7.289666666666666;9.565;6.840333333333334;11.101666666666667;8.340666666666666;4.652333333333334;6.700333333333333;7.114333333333334;8.065666666666667;6.775666666666666;11.537666666666667;5.817666666666667;5.266666666666667;5.381333333333333;6.729333333333333;6.071333333333333;11.816666666666668
