;0;1;2;3;4;5;6
0;Id;EndInit|START;EndTests|TASK_VIEW;SwapLines;Time_Start;Time_End;Shift
1;23;8605;88316;-;2021-06-29T07:19:25.224Z;2021-06-29T08:09:17.995Z;54/54
2;23;8609;8670;X;2021-06-29T07:19:25.229Z;2021-06-29T07:19:27.465Z;0
3;23;10044;10104;X;2021-06-29T07:20:19.266Z;2021-06-29T07:20:21.532Z;0
4;23;11411;11481;X;2021-06-29T07:21:10.969Z;2021-06-29T07:21:13.462Z;0
5;23;12956;13017;X;2021-06-29T07:22:08.844Z;2021-06-29T07:22:11.078Z;0
6;23;14130;14176;X;2021-06-29T07:22:52.571Z;2021-06-29T07:22:54.285Z;0
7;23;15563;15616;X;2021-06-29T07:23:46.496Z;2021-06-29T07:23:48.441Z;0
8;23;16536;16621;X;2021-06-29T07:24:23.363Z;2021-06-29T07:24:26.563Z;0
9;23;17967;18058;X;2021-06-29T07:25:17.546Z;2021-06-29T07:25:21.008Z;0
10;23;19209;19261;X;2021-06-29T07:26:03.974Z;2021-06-29T07:26:05.916Z;0
11;23;20395;20452;X;2021-06-29T07:26:48.098Z;2021-06-29T07:26:50.311Z;0
12;23;21876;21923;X;2021-06-29T07:27:43.547Z;2021-06-29T07:27:45.326Z;0
13;23;23301;23375;X;2021-06-29T07:28:37.155Z;2021-06-29T07:28:39.847Z;0
14;23;24440;24484;X;2021-06-29T07:29:20.234Z;2021-06-29T07:29:21.985Z;0
15;23;25490;25600;X;2021-06-29T07:29:59.490Z;2021-06-29T07:30:03.489Z;0
16;23;26629;26713;X;2021-06-29T07:30:42.151Z;2021-06-29T07:30:45.322Z;0
17;23;28080;28179;X;2021-06-29T07:31:36.420Z;2021-06-29T07:31:40.106Z;0
18;23;29361;29450;X;2021-06-29T07:32:24.120Z;2021-06-29T07:32:27.413Z;0
19;23;30639;30709;X;2021-06-29T07:33:11.559Z;2021-06-29T07:33:14.190Z;0
20;23;35968;36021;X;2021-06-29T07:36:34.873Z;2021-06-29T07:36:36.850Z;0
21;23;37100;37185;X;2021-06-29T07:37:16.930Z;2021-06-29T07:37:20.079Z;0
22;23;38786;38835;X;2021-06-29T07:38:20.148Z;2021-06-29T07:38:21.908Z;0
23;23;41191;41276;X;2021-06-29T07:39:51.311Z;2021-06-29T07:39:54.550Z;0
24;23;43710;43801;X;2021-06-29T07:41:27.221Z;2021-06-29T07:41:30.637Z;0
25;23;44724;44771;X;2021-06-29T07:42:04.982Z;2021-06-29T07:42:06.766Z;0
26;23;46157;46202;X;2021-06-29T07:42:58.584Z;2021-06-29T07:43:00.353Z;0
27;23;47369;47414;X;2021-06-29T07:43:44.027Z;2021-06-29T07:43:45.776Z;0
28;23;48492;48540;X;2021-06-29T07:44:25.980Z;2021-06-29T07:44:27.751Z;0
29;23;49758;49832;X;2021-06-29T07:45:13.488Z;2021-06-29T07:45:16.384Z;0
30;23;50826;50920;X;2021-06-29T07:45:53.709Z;2021-06-29T07:45:57.144Z;0
31;23;51848;51931;X;2021-06-29T07:46:31.026Z;2021-06-29T07:46:34.199Z;0
32;23;53024;53097;X;2021-06-29T07:47:14.551Z;2021-06-29T07:47:17.278Z;0
33;23;54634;54693;X;2021-06-29T07:48:14.158Z;2021-06-29T07:48:16.415Z;0
34;23;56200;56259;X;2021-06-29T07:49:12.098Z;2021-06-29T07:49:14.280Z;0
35;23;57483;57536;X;2021-06-29T07:49:59.861Z;2021-06-29T07:50:01.876Z;0
36;23;58670;58720;X;2021-06-29T07:50:44.098Z;2021-06-29T07:50:45.924Z;0
37;23;59880;59980;X;2021-06-29T07:51:29.565Z;2021-06-29T07:51:33.365Z;0
38;23;61189;64952;X;2021-06-29T07:52:18.309Z;2021-06-29T07:54:41.583Z;0
39;23;66332;66385;X;2021-06-29T07:55:33.638Z;2021-06-29T07:55:35.600Z;0
40;23;67676;67762;X;2021-06-29T07:56:23.688Z;2021-06-29T07:56:26.892Z;0
41;23;68819;68874;X;2021-06-29T07:57:05.988Z;2021-06-29T07:57:08.059Z;0
42;23;70059;70111;X;2021-06-29T07:57:52.472Z;2021-06-29T07:57:54.431Z;0
43;23;71389;71440;X;2021-06-29T07:58:42.456Z;2021-06-29T07:58:44.390Z;0
44;23;72706;72757;X;2021-06-29T07:59:32.216Z;2021-06-29T07:59:34.159Z;0
45;23;74241;74308;X;2021-06-29T08:00:29.871Z;2021-06-29T08:00:32.326Z;0
46;23;75554;75614;X;2021-06-29T08:01:19.278Z;2021-06-29T08:01:21.459Z;0
47;23;76842;76921;X;2021-06-29T08:02:07.393Z;2021-06-29T08:02:10.381Z;0
48;23;78301;78355;X;2021-06-29T08:03:02.793Z;2021-06-29T08:03:04.842Z;0
49;23;79690;79737;X;2021-06-29T08:03:55.118Z;2021-06-29T08:03:56.836Z;0
50;23;81052;81106;X;2021-06-29T08:04:46.104Z;2021-06-29T08:04:48.032Z;0
51;23;82508;82558;X;2021-06-29T08:05:40.681Z;2021-06-29T08:05:42.634Z;0
52;23;83682;83772;X;2021-06-29T08:06:24.320Z;2021-06-29T08:06:27.615Z;0
53;23;84656;84714;X;2021-06-29T08:07:00.666Z;2021-06-29T08:07:02.822Z;0
54;23;85954;85999;X;2021-06-29T08:07:49.268Z;2021-06-29T08:07:50.981Z;0
55;23;87130;87210;X;2021-06-29T08:08:32.946Z;2021-06-29T08:08:35.971Z;0
56;22;7588;96247;-;2021-06-25T12:16:12.259Z;2021-06-25T13:11:48.470Z;53/54
57;22;7591;7667;X;2021-06-25T12:16:12.263Z;2021-06-25T12:16:15.162Z;0
58;22;9252;9429;X;2021-06-25T12:17:14.694Z;2021-06-25T12:17:21.383Z;0
59;22;10921;10985;X;2021-06-25T12:18:17.934Z;2021-06-25T12:18:20.354Z;0
60;22;12234;12508;X;2021-06-25T12:19:07.591Z;2021-06-25T12:19:17.848Z;0
61;22;13663;13721;X;2021-06-25T12:20:00.738Z;2021-06-25T12:20:02.796Z;0
62;22;15294;15394;X;2021-06-25T12:21:01.885Z;2021-06-25T12:21:05.589Z;0
63;22;17074;17168;X;2021-06-25T12:22:08.549Z;2021-06-25T12:22:12.225Z;0
64;22;18705;18797;X;2021-06-25T12:23:09.922Z;2021-06-25T12:23:13.277Z;0
65;22;20227;20327;X;2021-06-25T12:24:06.783Z;2021-06-25T12:24:10.516Z;0
66;22;21972;22032;X;2021-06-25T12:25:12.630Z;2021-06-25T12:25:14.956Z;0
67;22;23483;23601;X;2021-06-25T12:26:09.705Z;2021-06-25T12:26:14.361Z;0
68;22;25071;25125;X;2021-06-25T12:27:09.862Z;2021-06-25T12:27:11.828Z;0
69;22;26570;26661;X;2021-06-25T12:28:06.196Z;2021-06-25T12:28:09.677Z;0
70;22;27890;27976;X;2021-06-25T12:28:55.968Z;2021-06-25T12:28:59.042Z;0
71;22;29294;29384;X;2021-06-25T12:29:48.697Z;2021-06-25T12:29:52.039Z;0
72;22;30422;30479;X;2021-06-25T12:30:31.184Z;2021-06-25T12:30:33.277Z;0
73;22;31549;31641;X;2021-06-25T12:31:13.060Z;2021-06-25T12:31:16.476Z;0
74;22;32758;32986;X;2021-06-25T12:31:57.974Z;2021-06-25T12:32:06.598Z;0
75;22;43924;44078;X;2021-06-25T12:39:04.983Z;2021-06-25T12:39:11.005Z;0
76;22;45119;45195;X;2021-06-25T12:39:50.070Z;2021-06-25T12:39:52.833Z;0
77;22;46496;46597;X;2021-06-25T12:40:41.854Z;2021-06-25T12:40:45.694Z;0
78;22;47883;47943;X;2021-06-25T12:41:34.102Z;2021-06-25T12:41:36.309Z;0
79;22;48962;49065;X;2021-06-25T12:42:14.126Z;2021-06-25T12:42:18.026Z;0
80;22;50393;50441;X;2021-06-25T12:43:08.257Z;2021-06-25T12:43:10.045Z;0
81;22;51641;51721;X;2021-06-25T12:43:54.918Z;2021-06-25T12:43:57.905Z;0
82;22;53147;53255;X;2021-06-25T12:44:51.088Z;2021-06-25T12:44:55.085Z;0
83;22;54555;54612;X;2021-06-25T12:45:43.847Z;2021-06-25T12:45:45.922Z;0
84;22;56762;56814;X;2021-06-25T12:47:06.654Z;2021-06-25T12:47:08.600Z;1
85;22;57838;57896;X;2021-06-25T12:47:47.061Z;2021-06-25T12:47:49.183Z;1
86;22;58714;58828;X;2021-06-25T12:48:19.078Z;2021-06-25T12:48:23.370Z;1
87;22;60374;60423;X;2021-06-25T12:49:21.152Z;2021-06-25T12:49:22.998Z;1
88;22;61745;61799;X;2021-06-25T12:50:12.410Z;2021-06-25T12:50:14.394Z;1
89;22;63004;63082;X;2021-06-25T12:50:59.396Z;2021-06-25T12:51:02.292Z;1
90;22;64592;64651;X;2021-06-25T12:51:58.824Z;2021-06-25T12:52:01.012Z;1
91;22;66518;66610;X;2021-06-25T12:53:11.806Z;2021-06-25T12:53:15.158Z;1
92;22;67931;71632;X;2021-06-25T12:54:04.676Z;2021-06-25T12:56:25.789Z;1
93;22;72943;73068;X;2021-06-25T12:57:15.255Z;2021-06-25T12:57:19.959Z;1
94;22;74189;74236;X;2021-06-25T12:58:02.006Z;2021-06-25T12:58:03.830Z;1
95;22;75696;75793;X;2021-06-25T12:58:58.461Z;2021-06-25T12:59:02.073Z;1
96;22;77304;77381;X;2021-06-25T12:59:58.600Z;2021-06-25T13:00:01.532Z;1
97;22;78907;78991;X;2021-06-25T13:00:58.721Z;2021-06-25T13:01:01.814Z;1
98;22;80301;80409;X;2021-06-25T13:01:50.627Z;2021-06-25T13:01:54.674Z;1
99;22;81465;81526;X;2021-06-25T13:02:34.272Z;2021-06-25T13:02:36.601Z;1
100;22;83008;83210;X;2021-06-25T13:03:32.104Z;2021-06-25T13:03:39.669Z;1
101;22;84669;84727;X;2021-06-25T13:04:34.784Z;2021-06-25T13:04:36.950Z;1
102;22;86032;86123;X;2021-06-25T13:05:25.457Z;2021-06-25T13:05:28.911Z;1
103;22;87290;87342;X;2021-06-25T13:06:12.779Z;2021-06-25T13:06:14.618Z;1
104;22;88317;88373;X;2021-06-25T13:06:51.115Z;2021-06-25T13:06:53.149Z;1
105;22;89511;89561;X;2021-06-25T13:07:35.685Z;2021-06-25T13:07:37.564Z;1
106;22;90547;90616;X;2021-06-25T13:08:13.931Z;2021-06-25T13:08:16.437Z;1
107;22;91999;92092;X;2021-06-25T13:09:08.080Z;2021-06-25T13:09:11.625Z;1
108;22;93376;93481;X;2021-06-25T13:09:59.986Z;2021-06-25T13:10:03.966Z;1
109;22;94662;94733;X;2021-06-25T13:10:47.988Z;2021-06-25T13:10:50.705Z;1
110;08;29259;169467;-;2021-05-25T12:31:20.212Z;2021-05-25T13:59:40.466Z;54/54
111;08;29262;29867;X;2021-05-25T12:31:20.215Z;2021-05-25T12:31:43.328Z;0
112;08;32247;32501;X;2021-05-25T12:33:13.433Z;2021-05-25T12:33:23.104Z;0
113;08;34518;35685;X;2021-05-25T12:34:39.587Z;2021-05-25T12:35:24.284Z;0
114;08;38870;38940;X;2021-05-25T12:37:24.897Z;2021-05-25T12:37:27.591Z;0
115;08;40989;41058;X;2021-05-25T12:38:45.159Z;2021-05-25T12:38:47.850Z;0
116;08;42871;45381;X;2021-05-25T12:39:56.577Z;2021-05-25T12:41:32.001Z;0
117;08;47955;48429;X;2021-05-25T12:43:09.007Z;2021-05-25T12:43:26.901Z;0
118;08;51243;51347;X;2021-05-25T12:45:13.117Z;2021-05-25T12:45:17.060Z;0
119;08;53096;53237;X;2021-05-25T12:46:23.164Z;2021-05-25T12:46:28.629Z;0
120;08;54875;56484;X;2021-05-25T12:47:30.001Z;2021-05-25T12:48:31.054Z;0
121;08;58574;58695;X;2021-05-25T12:49:49.713Z;2021-05-25T12:49:54.286Z;0
122;08;60445;60573;X;2021-05-25T12:50:59.755Z;2021-05-25T12:51:04.583Z;0
123;08;62499;62667;X;2021-05-25T12:52:16.875Z;2021-05-25T12:52:23.181Z;0
124;08;64167;64220;X;2021-05-25T12:53:19.971Z;2021-05-25T12:53:22.002Z;0
125;08;66988;67322;X;2021-05-25T12:55:05.951Z;2021-05-25T12:55:18.866Z;0
126;08;68900;69045;X;2021-05-25T12:56:18.123Z;2021-05-25T12:56:23.529Z;0
127;08;70367;70415;X;2021-05-25T12:57:12.781Z;2021-05-25T12:57:14.588Z;0
128;08;72122;72208;X;2021-05-25T12:58:19.211Z;2021-05-25T12:58:22.536Z;0
129;08;74172;74255;X;2021-05-25T12:59:36.542Z;2021-05-25T12:59:39.578Z;0
130;08;84558;84651;X;2021-05-25T13:06:12.304Z;2021-05-25T13:06:15.718Z;0
131;08;85887;86016;X;2021-05-25T13:07:02.377Z;2021-05-25T13:07:07.246Z;0
132;08;88263;88380;X;2021-05-25T13:08:31.891Z;2021-05-25T13:08:36.286Z;0
133;08;90901;90987;X;2021-05-25T13:10:11.482Z;2021-05-25T13:10:14.591Z;0
134;08;92416;92496;X;2021-05-25T13:11:08.045Z;2021-05-25T13:11:11.011Z;0
135;08;93627;93726;X;2021-05-25T13:11:53.441Z;2021-05-25T13:11:57.153Z;0
136;08;95213;95373;X;2021-05-25T13:12:52.586Z;2021-05-25T13:12:58.741Z;0
137;08;96599;96758;X;2021-05-25T13:13:44.829Z;2021-05-25T13:13:50.954Z;0
138;08;98083;98178;X;2021-05-25T13:14:40.770Z;2021-05-25T13:14:44.235Z;0
139;08;101144;101234;X;2021-05-25T13:16:36.398Z;2021-05-25T13:16:39.824Z;0
140;08;105522;105631;X;2021-05-25T13:19:22.501Z;2021-05-25T13:19:26.575Z;0
141;08;108559;108647;X;2021-05-25T13:21:17.030Z;2021-05-25T13:21:20.350Z;0
142;08;111163;111383;X;2021-05-25T13:22:54.914Z;2021-05-25T13:23:03.058Z;0
143;08;115154;115223;X;2021-05-25T13:25:25.461Z;2021-05-25T13:25:28.022Z;0
144;08;116765;118090;X;2021-05-25T13:26:25.766Z;2021-05-25T13:27:15.884Z;0
145;08;119510;119627;X;2021-05-25T13:28:09.080Z;2021-05-25T13:28:13.577Z;0
146;08;120945;121213;X;2021-05-25T13:29:03.370Z;2021-05-25T13:29:13.433Z;0
147;08;122293;128313;X;2021-05-25T13:29:54.345Z;2021-05-25T13:33:44.405Z;0
148;08;132271;132391;X;2021-05-25T13:36:14.542Z;2021-05-25T13:36:19.093Z;0
149;08;133485;133583;X;2021-05-25T13:37:00.220Z;2021-05-25T13:37:03.845Z;0
150;08;135619;135753;X;2021-05-25T13:38:21.317Z;2021-05-25T13:38:26.540Z;0
151;08;137978;138028;X;2021-05-25T13:39:51.273Z;2021-05-25T13:39:53.181Z;0
152;08;140094;140198;X;2021-05-25T13:41:11.734Z;2021-05-25T13:41:15.635Z;0
153;08;142163;142476;X;2021-05-25T13:42:29.890Z;2021-05-25T13:42:41.719Z;0
154;08;145404;145497;X;2021-05-25T13:44:33.248Z;2021-05-25T13:44:36.756Z;0
155;08;148012;148065;X;2021-05-25T13:46:11.668Z;2021-05-25T13:46:13.678Z;0
156;08;149603;149843;X;2021-05-25T13:47:11.498Z;2021-05-25T13:47:20.434Z;0
157;08;153806;154045;X;2021-05-25T13:49:49.302Z;2021-05-25T13:49:58.236Z;0
158;08;156096;156145;X;2021-05-25T13:51:15.954Z;2021-05-25T13:51:17.757Z;0
159;08;157750;157861;X;2021-05-25T13:52:18.829Z;2021-05-25T13:52:23.071Z;0
160;08;159039;159091;X;2021-05-25T13:53:07.179Z;2021-05-25T13:53:09.090Z;0
161;08;160099;160473;X;2021-05-25T13:53:47.166Z;2021-05-25T13:54:01.207Z;0
162;08;164048;164134;X;2021-05-25T13:56:16.844Z;2021-05-25T13:56:20.060Z;0
163;08;166403;166502;X;2021-05-25T13:57:45.750Z;2021-05-25T13:57:49.412Z;0
164;08;167727;167819;X;2021-05-25T13:58:34.630Z;2021-05-25T13:58:38.016Z;0
165;20;8550;85870;-;2021-06-24T07:13:55.518Z;2021-06-24T08:02:25.394Z;53/54
166;20;8554;8743;X;2021-06-24T07:13:55.522Z;2021-06-24T07:14:02.775Z;0
167;20;9784;9893;X;2021-06-24T07:14:41.873Z;2021-06-24T07:14:45.880Z;0
168;20;10961;11081;X;2021-06-24T07:15:26.020Z;2021-06-24T07:15:30.565Z;0
169;20;12435;12581;X;2021-06-24T07:16:22.243Z;2021-06-24T07:16:27.658Z;0
170;20;13667;13743;X;2021-06-24T07:17:07.634Z;2021-06-24T07:17:10.343Z;0
171;20;15173;15235;X;2021-06-24T07:18:04.322Z;2021-06-24T07:18:06.613Z;0
172;20;16406;16457;X;2021-06-24T07:18:50.396Z;2021-06-24T07:18:52.321Z;0
173;20;17839;17925;X;2021-06-24T07:19:44.406Z;2021-06-24T07:19:47.791Z;0
174;20;19029;19121;X;2021-06-24T07:20:29.564Z;2021-06-24T07:20:32.916Z;0
175;20;21200;21290;X;2021-06-24T07:21:51.850Z;2021-06-24T07:21:55.328Z;0
176;20;22424;22485;X;2021-06-24T07:22:37.761Z;2021-06-24T07:22:40.015Z;0
177;20;24113;24200;X;2021-06-24T07:23:41.354Z;2021-06-24T07:23:44.601Z;0
178;20;25375;25425;X;2021-06-24T07:24:29.104Z;2021-06-24T07:24:30.996Z;0
179;20;26449;26541;X;2021-06-24T07:25:09.415Z;2021-06-24T07:25:12.855Z;0
180;20;29145;29227;X;2021-06-24T07:26:50.989Z;2021-06-24T07:26:54.050Z;0
181;20;30516;30616;X;2021-06-24T07:27:42.187Z;2021-06-24T07:27:45.964Z;0
182;20;31726;31783;X;2021-06-24T07:28:27.458Z;2021-06-24T07:28:29.640Z;0
183;20;33241;33327;X;2021-06-24T07:29:24.089Z;2021-06-24T07:29:27.345Z;0
184;20;34486;38134;X;2021-06-24T07:30:11.352Z;2021-06-24T07:32:30.452Z;0
185;20;39323;39421;X;2021-06-24T07:33:15.583Z;2021-06-24T07:33:19.212Z;0
186;20;40577;40662;X;2021-06-24T07:34:02.362Z;2021-06-24T07:34:05.533Z;0
187;20;41589;41671;X;2021-06-24T07:34:40.420Z;2021-06-24T07:34:43.523Z;0
188;20;42662;42744;X;2021-06-24T07:35:21.025Z;2021-06-24T07:35:24.166Z;0
189;20;43810;43895;X;2021-06-24T07:36:04.415Z;2021-06-24T07:36:07.559Z;0
190;20;45380;45465;X;2021-06-24T07:37:03.308Z;2021-06-24T07:37:06.662Z;0
191;20;46668;46749;X;2021-06-24T07:37:52.272Z;2021-06-24T07:37:55.401Z;0
192;20;48088;48165;X;2021-06-24T07:38:46.452Z;2021-06-24T07:38:49.395Z;0
193;20;49540;49587;X;2021-06-24T07:39:41.298Z;2021-06-24T07:39:43.017Z;0
194;20;50911;50988;X;2021-06-24T07:40:32.665Z;2021-06-24T07:40:35.401Z;0
195;20;52022;52094;X;2021-06-24T07:41:13.621Z;2021-06-24T07:41:16.344Z;0
196;20;53511;53596;X;2021-06-24T07:42:09.914Z;2021-06-24T07:42:13.013Z;0
197;20;54625;54717;X;2021-06-24T07:42:51.706Z;2021-06-24T07:42:55.084Z;0
198;20;55919;55967;X;2021-06-24T07:43:39.848Z;2021-06-24T07:43:41.593Z;0
199;20;56876;56955;X;2021-06-24T07:44:15.582Z;2021-06-24T07:44:18.502Z;0
200;20;57983;58074;X;2021-06-24T07:44:56.709Z;2021-06-24T07:45:00.325Z;0
201;20;59489;59549;X;2021-06-24T07:45:53.681Z;2021-06-24T07:45:55.871Z;0
202;20;60729;63173;X;2021-06-24T07:46:40.114Z;2021-06-24T07:48:13.962Z;0
203;20;64389;64465;X;2021-06-24T07:48:59.756Z;2021-06-24T07:49:02.609Z;0
204;20;65528;66141;X;2021-06-24T07:49:42.187Z;2021-06-24T07:50:05.688Z;0
205;20;67453;67506;X;2021-06-24T07:50:54.423Z;2021-06-24T07:50:56.327Z;0
206;20;68484;68559;X;2021-06-24T07:51:32.660Z;2021-06-24T07:51:35.397Z;0
207;20;69776;69836;X;2021-06-24T07:52:20.252Z;2021-06-24T07:52:22.480Z;0
208;20;70707;70781;X;2021-06-24T07:52:55.028Z;2021-06-24T07:52:57.713Z;0
209;20;73216;73300;X;2021-06-24T07:54:29.403Z;2021-06-24T07:54:32.615Z;1
210;20;74669;74759;X;2021-06-24T07:55:23.901Z;2021-06-24T07:55:27.293Z;1
211;20;75926;76003;X;2021-06-24T07:56:11.342Z;2021-06-24T07:56:14.121Z;1
212;20;77438;77494;X;2021-06-24T07:57:07.719Z;2021-06-24T07:57:09.879Z;1
213;20;78634;78679;X;2021-06-24T07:57:53.054Z;2021-06-24T07:57:54.786Z;1
214;20;79725;79805;X;2021-06-24T07:58:34.039Z;2021-06-24T07:58:37.023Z;1
215;20;80821;80888;X;2021-06-24T07:59:15.174Z;2021-06-24T07:59:17.659Z;1
216;20;82444;82511;X;2021-06-24T08:00:16.419Z;2021-06-24T08:00:18.879Z;1
217;20;83582;83647;X;2021-06-24T08:00:59.398Z;2021-06-24T08:01:01.864Z;1
218;20;84622;84697;X;2021-06-24T08:01:38.448Z;2021-06-24T08:01:41.231Z;1
219;09;12276;117077;-;2021-05-25T14:38:23.245Z;2021-05-25T15:43:12.278Z;54/54
220;09;12280;12493;X;2021-05-25T14:38:23.251Z;2021-05-25T14:38:31.558Z;0
221;09;14733;14895;X;2021-05-25T14:39:54.779Z;2021-05-25T14:40:00.809Z;0
222;09;17515;17708;X;2021-05-25T14:41:39.089Z;2021-05-25T14:41:46.052Z;0
223;09;18899;19070;X;2021-05-25T14:42:29.941Z;2021-05-25T14:42:36.386Z;0
224;09;21306;21397;X;2021-05-25T14:43:59.895Z;2021-05-25T14:44:03.318Z;0
225;09;23105;23255;X;2021-05-25T14:45:06.537Z;2021-05-25T14:45:12.052Z;0
226;09;24549;24728;X;2021-05-25T14:46:00.350Z;2021-05-25T14:46:07.097Z;0
227;09;25994;26081;X;2021-05-25T14:46:54.104Z;2021-05-25T14:46:57.396Z;0
228;09;27489;27539;X;2021-05-25T14:47:49.325Z;2021-05-25T14:47:51.114Z;0
229;09;28651;28714;X;2021-05-25T14:48:31.999Z;2021-05-25T14:48:34.260Z;0
230;09;31074;31132;X;2021-05-25T14:50:02.079Z;2021-05-25T14:50:04.222Z;0
231;09;32414;32501;X;2021-05-25T14:50:51.600Z;2021-05-25T14:50:54.696Z;0
232;09;33857;33943;X;2021-05-25T14:51:44.617Z;2021-05-25T14:51:47.863Z;0
233;09;35966;36063;X;2021-05-25T14:53:03.558Z;2021-05-25T14:53:07.100Z;0
234;09;38369;38442;X;2021-05-25T14:54:32.967Z;2021-05-25T14:54:35.673Z;0
235;09;39905;40001;X;2021-05-25T14:55:29.736Z;2021-05-25T14:55:33.314Z;0
236;09;41755;41828;X;2021-05-25T14:56:37.841Z;2021-05-25T14:56:40.500Z;0
237;09;43372;43604;X;2021-05-25T14:57:37.763Z;2021-05-25T14:57:46.406Z;0
238;09;45472;52558;X;2021-05-25T14:58:55.979Z;2021-05-25T15:03:23.280Z;0
239;09;54469;54591;X;2021-05-25T15:04:34.210Z;2021-05-25T15:04:38.742Z;0
240;09;57755;57810;X;2021-05-25T15:06:37.841Z;2021-05-25T15:06:39.789Z;0
241;09;59780;59828;X;2021-05-25T15:07:53.307Z;2021-05-25T15:07:55.122Z;0
242;09;61704;61790;X;2021-05-25T15:09:05.152Z;2021-05-25T15:09:08.319Z;0
243;09;63579;63639;X;2021-05-25T15:10:14.560Z;2021-05-25T15:10:16.700Z;0
244;09;65231;65410;X;2021-05-25T15:11:15.564Z;2021-05-25T15:11:22.135Z;0
245;09;67887;67939;X;2021-05-25T15:12:54.189Z;2021-05-25T15:12:56.080Z;0
246;09;69605;69654;X;2021-05-25T15:13:57.186Z;2021-05-25T15:13:59.005Z;0
247;09;70803;70885;X;2021-05-25T15:14:41.347Z;2021-05-25T15:14:44.392Z;0
248;09;72133;72181;X;2021-05-25T15:15:30.262Z;2021-05-25T15:15:32.020Z;0
249;09;74038;74153;X;2021-05-25T15:16:40.815Z;2021-05-25T15:16:45.097Z;0
250;09;76085;76225;X;2021-05-25T15:17:55.963Z;2021-05-25T15:18:01.291Z;0
251;09;78137;78195;X;2021-05-25T15:19:11.543Z;2021-05-25T15:19:13.652Z;0
252;09;79500;79546;X;2021-05-25T15:20:01.203Z;2021-05-25T15:20:02.961Z;0
253;09;81046;81122;X;2021-05-25T15:20:58.577Z;2021-05-25T15:21:01.333Z;0
254;09;82903;82984;X;2021-05-25T15:22:07.571Z;2021-05-25T15:22:10.596Z;0
255;09;84400;84526;X;2021-05-25T15:23:02.920Z;2021-05-25T15:23:07.483Z;0
256;09;85953;90029;X;2021-05-25T15:24:00.173Z;2021-05-25T15:26:32.877Z;0
257;09;92084;92210;X;2021-05-25T15:27:50.102Z;2021-05-25T15:27:54.720Z;0
258;09;94576;94652;X;2021-05-25T15:29:22.971Z;2021-05-25T15:29:25.828Z;0
259;09;95752;95800;X;2021-05-25T15:30:06.272Z;2021-05-25T15:30:07.997Z;0
260;09;96819;96873;X;2021-05-25T15:30:45.835Z;2021-05-25T15:30:47.793Z;0
261;09;98526;98580;X;2021-05-25T15:31:48.786Z;2021-05-25T15:31:50.701Z;0
262;09;99580;99633;X;2021-05-25T15:32:27.389Z;2021-05-25T15:32:29.336Z;0
263;09;101056;101130;X;2021-05-25T15:33:21.329Z;2021-05-25T15:33:24.101Z;0
264;09;102715;102767;X;2021-05-25T15:34:22.305Z;2021-05-25T15:34:24.228Z;0
265;09;104429;104513;X;2021-05-25T15:35:25.531Z;2021-05-25T15:35:28.677Z;0
266;09;105988;106037;X;2021-05-25T15:36:22.771Z;2021-05-25T15:36:24.597Z;0
267;09;107154;107206;X;2021-05-25T15:37:05.987Z;2021-05-25T15:37:07.936Z;0
268;09;108469;108553;X;2021-05-25T15:37:55.044Z;2021-05-25T15:37:58.249Z;0
269;09;109833;109912;X;2021-05-25T15:38:45.654Z;2021-05-25T15:38:48.437Z;0
270;09;111154;111260;X;2021-05-25T15:39:33.825Z;2021-05-25T15:39:37.851Z;0
271;09;112741;112792;X;2021-05-25T15:40:32.698Z;2021-05-25T15:40:34.592Z;0
272;09;114126;114228;X;2021-05-25T15:41:23.668Z;2021-05-25T15:41:27.439Z;0
273;09;115465;115513;X;2021-05-25T15:42:12.906Z;2021-05-25T15:42:14.644Z;0
274;19;9683;113287;-;2021-06-22T14:35:38.733Z;2021-06-22T15:40:51.794Z;54/54
275;19;9685;9820;X;2021-06-22T14:35:38.735Z;2021-06-22T14:35:43.814Z;0
276;19;11174;11279;X;2021-06-22T14:36:35.283Z;2021-06-22T14:36:39.343Z;0
277;19;12918;13200;X;2021-06-22T14:37:41.265Z;2021-06-22T14:37:52.156Z;0
278;19;14998;15096;X;2021-06-22T14:39:00.434Z;2021-06-22T14:39:04.176Z;0
279;19;16843;16910;X;2021-06-22T14:40:10.198Z;2021-06-22T14:40:12.688Z;0
280;19;18549;18711;X;2021-06-22T14:41:14.095Z;2021-06-22T14:41:20.047Z;0
281;19;19741;19815;X;2021-06-22T14:41:58.108Z;2021-06-22T14:42:00.902Z;0
282;19;21601;21668;X;2021-06-22T14:43:08.296Z;2021-06-22T14:43:10.779Z;0
283;19;23672;23761;X;2021-06-22T14:44:27.151Z;2021-06-22T14:44:30.604Z;0
284;19;25408;25558;X;2021-06-22T14:45:33.073Z;2021-06-22T14:45:38.694Z;0
285;19;26893;27158;X;2021-06-22T14:46:28.506Z;2021-06-22T14:46:38.914Z;0
286;19;28756;28848;X;2021-06-22T14:47:39.533Z;2021-06-22T14:47:42.957Z;0
287;19;30369;30478;X;2021-06-22T14:48:40.330Z;2021-06-22T14:48:44.469Z;0
288;19;32946;33076;X;2021-06-22T14:50:18.162Z;2021-06-22T14:50:23.091Z;0
289;19;34427;34540;X;2021-06-22T14:51:13.610Z;2021-06-22T14:51:17.915Z;0
290;19;36011;36056;X;2021-06-22T14:52:13.348Z;2021-06-22T14:52:15.117Z;0
291;19;37705;37792;X;2021-06-22T14:53:16.804Z;2021-06-22T14:53:19.924Z;0
292;19;39404;39489;X;2021-06-22T14:54:20.655Z;2021-06-22T14:54:23.837Z;0
293;19;41212;41278;X;2021-06-22T14:55:28.806Z;2021-06-22T14:55:31.281Z;0
294;19;42495;42629;X;2021-06-22T14:56:16.630Z;2021-06-22T14:56:21.727Z;0
295;19;50471;50552;X;2021-06-22T15:01:20.041Z;2021-06-22T15:01:23.170Z;0
296;19;51984;52179;X;2021-06-22T15:02:16.523Z;2021-06-22T15:02:23.883Z;0
297;19;53610;53660;X;2021-06-22T15:03:17.664Z;2021-06-22T15:03:19.517Z;0
298;19;54724;54828;X;2021-06-22T15:03:59.429Z;2021-06-22T15:04:03.243Z;0
299;19;56490;56622;X;2021-06-22T15:05:05.238Z;2021-06-22T15:05:10.330Z;0
300;19;58007;58139;X;2021-06-22T15:06:01.320Z;2021-06-22T15:06:06.270Z;0
301;19;59581;59692;X;2021-06-22T15:07:00.026Z;2021-06-22T15:07:04.131Z;0
302;19;60714;60801;X;2021-06-22T15:07:42.266Z;2021-06-22T15:07:45.570Z;0
303;19;62645;62926;X;2021-06-22T15:08:55.033Z;2021-06-22T15:09:05.562Z;0
304;19;65058;65571;X;2021-06-22T15:10:26.735Z;2021-06-22T15:10:46.321Z;0
305;19;66812;67167;X;2021-06-22T15:11:33.875Z;2021-06-22T15:11:47.775Z;0
306;19;70270;70350;X;2021-06-22T15:13:45.790Z;2021-06-22T15:13:48.794Z;0
307;19;71773;71843;X;2021-06-22T15:14:42.115Z;2021-06-22T15:14:44.719Z;0
308;19;73805;73872;X;2021-06-22T15:15:59.258Z;2021-06-22T15:16:01.766Z;0
309;19;75933;75982;X;2021-06-22T15:17:19.828Z;2021-06-22T15:17:21.675Z;0
310;19;77563;77617;X;2021-06-22T15:18:21.748Z;2021-06-22T15:18:23.768Z;0
311;19;79589;83048;X;2021-06-22T15:19:38.377Z;2021-06-22T15:21:49.717Z;0
312;19;84275;84388;X;2021-06-22T15:22:35.802Z;2021-06-22T15:22:39.975Z;0
313;19;86938;87162;X;2021-06-22T15:24:17.396Z;2021-06-22T15:24:25.727Z;0
314;19;89102;89239;X;2021-06-22T15:25:39.318Z;2021-06-22T15:25:44.520Z;0
315;19;90790;90872;X;2021-06-22T15:26:43.750Z;2021-06-22T15:26:46.929Z;0
316;19;91934;92004;X;2021-06-22T15:27:27.063Z;2021-06-22T15:27:29.664Z;0
317;19;93145;93190;X;2021-06-22T15:28:12.406Z;2021-06-22T15:28:14.164Z;0
318;19;96238;96299;X;2021-06-22T15:30:09.656Z;2021-06-22T15:30:12.077Z;0
319;19;98206;98502;X;2021-06-22T15:31:24.102Z;2021-06-22T15:31:35.519Z;0
320;19;99473;99588;X;2021-06-22T15:32:12.310Z;2021-06-22T15:32:16.638Z;0
321;19;100779;100876;X;2021-06-22T15:33:02.206Z;2021-06-22T15:33:05.792Z;0
322;19;102522;102643;X;2021-06-22T15:34:07.696Z;2021-06-22T15:34:12.273Z;0
323;19;104131;104206;X;2021-06-22T15:35:08.916Z;2021-06-22T15:35:11.740Z;0
324;19;105485;105531;X;2021-06-22T15:35:59.635Z;2021-06-22T15:36:01.373Z;0
325;19;106845;106904;X;2021-06-22T15:36:50.409Z;2021-06-22T15:36:52.600Z;0
326;19;109093;109179;X;2021-06-22T15:38:15.179Z;2021-06-22T15:38:18.335Z;0
327;19;110368;110446;X;2021-06-22T15:39:02.794Z;2021-06-22T15:39:05.668Z;0
328;19;112114;112199;X;2021-06-22T15:40:07.843Z;2021-06-22T15:40:11.091Z;0
329;18;8804;103395;-;2021-06-21T16:30:06.988Z;2021-06-21T17:29:38.243Z;54/54
330;18;8808;8861;X;2021-06-21T16:30:06.994Z;2021-06-21T16:30:09.110Z;0
331;18;10324;10369;X;2021-06-21T16:31:04.254Z;2021-06-21T16:31:05.968Z;0
332;18;11863;11910;X;2021-06-21T16:32:02.799Z;2021-06-21T16:32:04.516Z;0
333;18;12976;13028;X;2021-06-21T16:32:44.130Z;2021-06-21T16:32:46.118Z;0
334;18;14182;14232;X;2021-06-21T16:33:29.309Z;2021-06-21T16:33:31.173Z;0
335;18;15357;15454;X;2021-06-21T16:34:13.520Z;2021-06-21T16:34:17.194Z;0
336;18;16801;16857;X;2021-06-21T16:35:08.687Z;2021-06-21T16:35:10.815Z;0
337;18;17799;17880;X;2021-06-21T16:35:46.711Z;2021-06-21T16:35:49.779Z;0
338;18;19099;19205;X;2021-06-21T16:36:35.661Z;2021-06-21T16:36:39.645Z;0
339;18;20667;20718;X;2021-06-21T16:37:34.509Z;2021-06-21T16:37:36.358Z;0
340;18;21813;21898;X;2021-06-21T16:38:17.377Z;2021-06-21T16:38:20.683Z;0
341;18;22923;23006;X;2021-06-21T16:38:59.189Z;2021-06-21T16:39:02.283Z;0
342;18;24323;24420;X;2021-06-21T16:39:51.474Z;2021-06-21T16:39:55.100Z;0
343;18;25453;25546;X;2021-06-21T16:40:33.984Z;2021-06-21T16:40:37.579Z;0
344;18;26915;26962;X;2021-06-21T16:41:29.379Z;2021-06-21T16:41:31.218Z;0
345;18;28093;28139;X;2021-06-21T16:42:13.819Z;2021-06-21T16:42:15.609Z;0
346;18;29535;29587;X;2021-06-21T16:43:08.346Z;2021-06-21T16:43:10.196Z;0
347;18;30873;30920;X;2021-06-21T16:43:57.923Z;2021-06-21T16:43:59.692Z;0
348;18;32064;32378;X;2021-06-21T16:44:42.308Z;2021-06-21T16:44:54.482Z;0
349;18;33883;33937;X;2021-06-21T16:45:51.206Z;2021-06-21T16:45:53.285Z;0
350;18;35050;35108;X;2021-06-21T16:46:35.739Z;2021-06-21T16:46:37.886Z;0
351;18;36400;36455;X;2021-06-21T16:47:26.768Z;2021-06-21T16:47:28.790Z;0
352;18;47427;47490;X;2021-06-21T16:54:27.467Z;2021-06-21T16:54:29.757Z;0
353;18;48367;48423;X;2021-06-21T16:55:02.870Z;2021-06-21T16:55:04.903Z;0
354;18;49679;49736;X;2021-06-21T16:55:51.769Z;2021-06-21T16:55:53.928Z;0
355;18;50940;51048;X;2021-06-21T16:56:38.951Z;2021-06-21T16:56:43.137Z;0
356;18;52306;52353;X;2021-06-21T16:57:30.839Z;2021-06-21T16:57:32.620Z;0
357;18;53719;53787;X;2021-06-21T16:58:24.007Z;2021-06-21T16:58:26.522Z;0
358;18;54904;54996;X;2021-06-21T16:59:08.287Z;2021-06-21T16:59:11.745Z;0
359;18;55996;56044;X;2021-06-21T16:59:49.189Z;2021-06-21T16:59:50.908Z;0
360;18;57196;57280;X;2021-06-21T17:00:34.699Z;2021-06-21T17:00:37.973Z;0
361;18;58411;58461;X;2021-06-21T17:01:20.304Z;2021-06-21T17:01:22.110Z;0
362;18;59937;59984;X;2021-06-21T17:02:18.157Z;2021-06-21T17:02:19.961Z;0
363;18;61340;61393;X;2021-06-21T17:03:11.299Z;2021-06-21T17:03:13.244Z;0
364;18;62806;62857;X;2021-06-21T17:04:06.232Z;2021-06-21T17:04:08.064Z;0
365;18;64336;64387;X;2021-06-21T17:05:04.096Z;2021-06-21T17:05:05.958Z;0
366;18;65680;65732;X;2021-06-21T17:05:55.189Z;2021-06-21T17:05:57.181Z;0
367;18;67040;67096;X;2021-06-21T17:06:46.170Z;2021-06-21T17:06:48.273Z;0
368;18;75646;75695;X;2021-06-21T17:12:14.635Z;2021-06-21T17:12:16.528Z;0
369;18;77780;77833;X;2021-06-21T17:13:35.535Z;2021-06-21T17:13:37.505Z;0
370;18;78869;78922;X;2021-06-21T17:14:16.875Z;2021-06-21T17:14:18.843Z;0
371;18;80183;80340;X;2021-06-21T17:15:06.771Z;2021-06-21T17:15:12.724Z;0
372;18;82142;82236;X;2021-06-21T17:16:20.264Z;2021-06-21T17:16:23.722Z;0
373;18;83529;83577;X;2021-06-21T17:17:11.991Z;2021-06-21T17:17:13.733Z;0
374;18;85048;85105;X;2021-06-21T17:18:08.837Z;2021-06-21T17:18:10.939Z;0
375;18;86458;86549;X;2021-06-21T17:19:01.934Z;2021-06-21T17:19:05.306Z;0
376;18;87969;88036;X;2021-06-21T17:19:58.672Z;2021-06-21T17:20:01.153Z;0
377;18;89447;89504;X;2021-06-21T17:20:54.762Z;2021-06-21T17:20:56.814Z;0
378;18;90839;90905;X;2021-06-21T17:21:46.773Z;2021-06-21T17:21:49.117Z;0
379;18;92052;92101;X;2021-06-21T17:22:31.858Z;2021-06-21T17:22:33.731Z;0
380;18;93110;93177;X;2021-06-21T17:23:11.448Z;2021-06-21T17:23:13.931Z;0
381;18;95674;95945;X;2021-06-21T17:24:47.844Z;2021-06-21T17:24:58.327Z;0
382;18;98863;98960;X;2021-06-21T17:26:47.898Z;2021-06-21T17:26:51.496Z;0
383;18;100652;100818;X;2021-06-21T17:27:55.256Z;2021-06-21T17:28:01.381Z;0
384;24;7156;97405;-;2021-06-30T11:40:30.602Z;2021-06-30T12:37:16.898Z;54/54
385;24;7159;7284;X;2021-06-30T11:40:30.605Z;2021-06-30T11:40:35.283Z;0
386;24;9059;9245;X;2021-06-30T11:41:42.799Z;2021-06-30T11:41:49.894Z;0
387;24;11010;11097;X;2021-06-30T11:42:56.437Z;2021-06-30T11:42:59.705Z;0
388;24;12701;12781;X;2021-06-30T11:44:00.584Z;2021-06-30T11:44:03.641Z;0
389;24;14312;14530;X;2021-06-30T11:45:02.016Z;2021-06-30T11:45:10.470Z;0
390;24;15706;15836;X;2021-06-30T11:45:54.960Z;2021-06-30T11:45:59.919Z;0
391;24;16808;16967;X;2021-06-30T11:46:36.255Z;2021-06-30T11:46:42.237Z;0
392;24;18998;19052;X;2021-06-30T11:47:59.704Z;2021-06-30T11:48:01.778Z;0
393;24;20449;20506;X;2021-06-30T11:48:53.911Z;2021-06-30T11:48:56.034Z;0
394;24;21820;21949;X;2021-06-30T11:49:45.272Z;2021-06-30T11:49:50.161Z;0
395;24;23074;23154;X;2021-06-30T11:50:32.008Z;2021-06-30T11:50:34.917Z;0
396;24;24538;24586;X;2021-06-30T11:51:26.980Z;2021-06-30T11:51:28.817Z;0
397;24;26559;26630;X;2021-06-30T11:52:43.413Z;2021-06-30T11:52:46.052Z;0
398;24;28144;28282;X;2021-06-30T11:53:42.710Z;2021-06-30T11:53:48.016Z;0
399;24;29738;29813;X;2021-06-30T11:54:42.827Z;2021-06-30T11:54:45.605Z;0
400;24;31552;31649;X;2021-06-30T11:55:50.857Z;2021-06-30T11:55:54.437Z;0
401;24;33757;33822;X;2021-06-30T11:57:14.062Z;2021-06-30T11:57:16.497Z;0
402;24;35463;35533;X;2021-06-30T11:58:17.725Z;2021-06-30T11:58:20.270Z;0
403;24;48605;48689;X;2021-06-30T12:06:40.315Z;2021-06-30T12:06:43.605Z;0
404;24;50101;50160;X;2021-06-30T12:07:37.064Z;2021-06-30T12:07:39.391Z;0
405;24;51548;51682;X;2021-06-30T12:08:32.041Z;2021-06-30T12:08:37.030Z;0
406;24;52616;52702;X;2021-06-30T12:09:12.179Z;2021-06-30T12:09:15.448Z;0
407;24;53617;53667;X;2021-06-30T12:09:49.984Z;2021-06-30T12:09:51.813Z;0
408;24;54690;54767;X;2021-06-30T12:10:29.893Z;2021-06-30T12:10:32.888Z;0
409;24;56196;56247;X;2021-06-30T12:11:26.621Z;2021-06-30T12:11:28.560Z;0
410;24;57711;57761;X;2021-06-30T12:12:23.840Z;2021-06-30T12:12:25.581Z;0
411;24;59023;59108;X;2021-06-30T12:13:12.598Z;2021-06-30T12:13:15.713Z;0
412;24;60220;60272;X;2021-06-30T12:13:57.213Z;2021-06-30T12:13:59.081Z;0
413;24;61427;61502;X;2021-06-30T12:14:42.536Z;2021-06-30T12:14:45.508Z;0
414;24;62699;62750;X;2021-06-30T12:15:30.322Z;2021-06-30T12:15:32.231Z;0
415;24;63987;64041;X;2021-06-30T12:16:19.147Z;2021-06-30T12:16:21.087Z;0
416;24;65619;65697;X;2021-06-30T12:17:20.545Z;2021-06-30T12:17:23.488Z;0
417;24;66954;67034;X;2021-06-30T12:18:10.322Z;2021-06-30T12:18:13.312Z;0
418;24;68312;68400;X;2021-06-30T12:19:01.177Z;2021-06-30T12:19:04.356Z;0
419;24;69594;69672;X;2021-06-30T12:19:49.057Z;2021-06-30T12:19:52.084Z;0
420;24;70746;70831;X;2021-06-30T12:20:32.756Z;2021-06-30T12:20:36.056Z;0
421;24;75725;75807;X;2021-06-30T12:23:41.893Z;2021-06-30T12:23:44.949Z;0
422;24;77163;77252;X;2021-06-30T12:24:36.106Z;2021-06-30T12:24:39.481Z;0
423;24;78842;78914;X;2021-06-30T12:25:40.045Z;2021-06-30T12:25:42.818Z;0
424;24;79890;79935;X;2021-06-30T12:26:19.153Z;2021-06-30T12:26:20.915Z;0
425;24;81065;81140;X;2021-06-30T12:27:02.988Z;2021-06-30T12:27:05.860Z;0
426;24;82250;82298;X;2021-06-30T12:27:47.442Z;2021-06-30T12:27:49.176Z;0
427;24;83264;83345;X;2021-06-30T12:28:25.359Z;2021-06-30T12:28:28.369Z;0
428;24;84309;84354;X;2021-06-30T12:29:04.445Z;2021-06-30T12:29:06.205Z;0
429;24;85396;85444;X;2021-06-30T12:29:45.699Z;2021-06-30T12:29:47.502Z;0
430;24;86838;86892;X;2021-06-30T12:30:39.615Z;2021-06-30T12:30:41.654Z;0
431;24;87927;87973;X;2021-06-30T12:31:21.014Z;2021-06-30T12:31:22.798Z;0
432;24;89064;89124;X;2021-06-30T12:32:03.577Z;2021-06-30T12:32:05.829Z;0
433;24;90303;90357;X;2021-06-30T12:32:49.790Z;2021-06-30T12:32:51.752Z;0
434;24;91517;91563;X;2021-06-30T12:33:35.699Z;2021-06-30T12:33:37.418Z;0
435;24;92601;92668;X;2021-06-30T12:34:16.835Z;2021-06-30T12:34:19.275Z;0
436;24;93795;93884;X;2021-06-30T12:35:01.203Z;2021-06-30T12:35:04.359Z;0
437;24;95267;95320;X;2021-06-30T12:35:56.333Z;2021-06-30T12:35:58.275Z;0
438;24;96454;96502;X;2021-06-30T12:36:41.438Z;2021-06-30T12:36:43.160Z;0
439;16;8385;108976;-;2021-06-21T09:28:59.882Z;2021-06-21T10:31:41.194Z;53/54
440;16;8389;8869;X;2021-06-21T09:28:59.886Z;2021-06-21T09:29:17.979Z;0
441;16;10472;10627;X;2021-06-21T09:30:17.570Z;2021-06-21T09:30:23.341Z;0
442;16;11750;11807;X;2021-06-21T09:31:05.293Z;2021-06-21T09:31:07.463Z;0
443;16;13676;13814;X;2021-06-21T09:32:16.955Z;2021-06-21T09:32:22.088Z;0
444;16;15011;15107;X;2021-06-21T09:33:06.860Z;2021-06-21T09:33:10.460Z;0
445;16;19049;19145;X;2021-06-21T09:35:38.031Z;2021-06-21T09:35:41.768Z;1
446;16;20789;20890;X;2021-06-21T09:36:43.830Z;2021-06-21T09:36:47.611Z;1
447;16;23432;23489;X;2021-06-21T09:38:23.679Z;2021-06-21T09:38:25.788Z;1
448;16;24632;24682;X;2021-06-21T09:39:07.855Z;2021-06-21T09:39:09.659Z;1
449;16;26093;26176;X;2021-06-21T09:40:02.446Z;2021-06-21T09:40:05.402Z;1
450;16;27709;27788;X;2021-06-21T09:41:02.709Z;2021-06-21T09:41:05.742Z;1
451;16;29712;29806;X;2021-06-21T09:42:17.510Z;2021-06-21T09:42:20.994Z;1
452;16;30718;30821;X;2021-06-21T09:42:54.544Z;2021-06-21T09:42:58.429Z;1
453;16;32919;33008;X;2021-06-21T09:44:17.389Z;2021-06-21T09:44:20.725Z;1
454;16;35521;35610;X;2021-06-21T09:45:55.041Z;2021-06-21T09:45:58.309Z;1
455;16;38887;38979;X;2021-06-21T09:48:01.386Z;2021-06-21T09:48:04.854Z;1
456;16;41543;41676;X;2021-06-21T09:49:41.172Z;2021-06-21T09:49:46.195Z;1
457;16;42817;42931;X;2021-06-21T09:50:28.408Z;2021-06-21T09:50:32.695Z;1
458;16;49889;49942;X;2021-06-21T09:54:56.170Z;2021-06-21T09:54:58.098Z;1
459;16;51424;51513;X;2021-06-21T09:55:53.871Z;2021-06-21T09:55:57.143Z;1
460;16;53870;53969;X;2021-06-21T09:57:25.541Z;2021-06-21T09:57:29.235Z;1
461;16;55348;55414;X;2021-06-21T09:58:21.020Z;2021-06-21T09:58:23.494Z;1
462;16;56747;56835;X;2021-06-21T09:59:13.467Z;2021-06-21T09:59:16.975Z;1
463;16;58496;58576;X;2021-06-21T10:00:18.960Z;2021-06-21T10:00:21.911Z;1
464;16;61020;61071;X;2021-06-21T10:01:52.673Z;2021-06-21T10:01:54.499Z;1
465;16;62204;62284;X;2021-06-21T10:02:35.982Z;2021-06-21T10:02:39.038Z;1
466;16;63720;63782;X;2021-06-21T10:03:33.082Z;2021-06-21T10:03:35.333Z;1
467;16;65997;66062;X;2021-06-21T10:04:58.099Z;2021-06-21T10:05:00.549Z;1
468;16;67350;67401;X;2021-06-21T10:05:48.361Z;2021-06-21T10:05:50.253Z;1
469;16;68484;68602;X;2021-06-21T10:06:30.557Z;2021-06-21T10:06:35.048Z;1
470;16;69647;69718;X;2021-06-21T10:07:13.855Z;2021-06-21T10:07:16.509Z;1
471;16;71627;71763;X;2021-06-21T10:08:27.769Z;2021-06-21T10:08:32.812Z;1
472;16;72832;72902;X;2021-06-21T10:09:11.928Z;2021-06-21T10:09:14.609Z;1
473;16;74177;74251;X;2021-06-21T10:10:01.748Z;2021-06-21T10:10:04.388Z;1
474;16;77519;77621;X;2021-06-21T10:12:06.880Z;2021-06-21T10:12:10.621Z;1
475;16;79510;82740;X;2021-06-21T10:13:21.135Z;2021-06-21T10:15:23.952Z;1
476;16;84505;84591;X;2021-06-21T10:16:29.387Z;2021-06-21T10:16:32.604Z;1
477;16;85993;86043;X;2021-06-21T10:17:24.345Z;2021-06-21T10:17:26.109Z;1
478;16;87415;87490;X;2021-06-21T10:18:17.130Z;2021-06-21T10:18:19.804Z;1
479;16;88488;88563;X;2021-06-21T10:18:56.870Z;2021-06-21T10:18:59.738Z;1
480;16;90276;90326;X;2021-06-21T10:20:04.034Z;2021-06-21T10:20:05.921Z;1
481;16;91471;91524;X;2021-06-21T10:20:48.634Z;2021-06-21T10:20:50.555Z;1
482;16;92858;92996;X;2021-06-21T10:21:39.988Z;2021-06-21T10:21:45.074Z;1
483;16;94202;94258;X;2021-06-21T10:22:29.539Z;2021-06-21T10:22:31.561Z;1
484;16;95626;95698;X;2021-06-21T10:23:22.802Z;2021-06-21T10:23:25.426Z;1
485;16;96755;96830;X;2021-06-21T10:24:04.254Z;2021-06-21T10:24:06.983Z;1
486;16;98760;98856;X;2021-06-21T10:25:19.000Z;2021-06-21T10:25:22.533Z;1
487;16;100848;100936;X;2021-06-21T10:26:37.381Z;2021-06-21T10:26:40.632Z;1
488;16;102319;102374;X;2021-06-21T10:27:32.729Z;2021-06-21T10:27:34.735Z;1
489;16;103296;103367;X;2021-06-21T10:28:08.772Z;2021-06-21T10:28:11.402Z;1
490;16;104602;104679;X;2021-06-21T10:28:56.711Z;2021-06-21T10:28:59.537Z;1
491;16;106284;106400;X;2021-06-21T10:29:59.717Z;2021-06-21T10:30:04.162Z;1
492;16;107611;107696;X;2021-06-21T10:30:49.853Z;2021-06-21T10:30:53.186Z;1
493;02;10662;140347;-;2021-05-11T12:28:01.814Z;2021-05-11T13:49:23.641Z;54/54
494;02;10666;10857;X;2021-05-11T12:28:01.821Z;2021-05-11T12:28:09.005Z;0
495;02;12713;12856;X;2021-05-11T12:29:19.618Z;2021-05-11T12:29:25.004Z;0
496;02;14449;14636;X;2021-05-11T12:30:24.877Z;2021-05-11T12:30:32.037Z;0
497;02;16183;16461;X;2021-05-11T12:31:30.638Z;2021-05-11T12:31:41.384Z;0
498;02;18119;18215;X;2021-05-11T12:32:42.835Z;2021-05-11T12:32:46.374Z;0
499;02;19451;19523;X;2021-05-11T12:33:32.223Z;2021-05-11T12:33:34.977Z;0
500;02;21033;21094;X;2021-05-11T12:34:32.037Z;2021-05-11T12:34:34.360Z;0
501;02;23079;23188;X;2021-05-11T12:35:50.253Z;2021-05-11T12:35:54.167Z;0
502;02;24672;24906;X;2021-05-11T12:36:49.775Z;2021-05-11T12:36:58.689Z;0
503;02;26872;26921;X;2021-05-11T12:38:12.353Z;2021-05-11T12:38:14.165Z;0
504;02;28811;28900;X;2021-05-11T12:39:26.002Z;2021-05-11T12:39:29.495Z;0
505;02;30613;30737;X;2021-05-11T12:40:34.314Z;2021-05-11T12:40:39.013Z;0
506;02;32828;32898;X;2021-05-11T12:41:56.576Z;2021-05-11T12:41:59.146Z;0
507;02;34387;34478;X;2021-05-11T12:42:54.184Z;2021-05-11T12:42:57.524Z;0
508;02;37379;37581;X;2021-05-11T12:44:46.564Z;2021-05-11T12:44:54.085Z;0
509;02;39527;41151;X;2021-05-11T12:46:08.241Z;2021-05-11T12:47:10.194Z;0
510;02;43671;43728;X;2021-05-11T12:48:44.353Z;2021-05-11T12:48:46.442Z;0
511;02;45774;45831;X;2021-05-11T12:50:03.087Z;2021-05-11T12:50:05.270Z;0
512;02;47119;66948;X;2021-05-11T12:50:53.409Z;2021-05-11T13:03:29.000Z;0
513;02;68135;68258;X;2021-05-11T13:04:13.023Z;2021-05-11T13:04:17.633Z;0
514;02;70409;70731;X;2021-05-11T13:05:37.933Z;2021-05-11T13:05:49.997Z;0
515;02;72405;72542;X;2021-05-11T13:06:52.149Z;2021-05-11T13:06:57.220Z;0
516;02;73968;74076;X;2021-05-11T13:07:50.375Z;2021-05-11T13:07:54.427Z;0
517;02;76930;77107;X;2021-05-11T13:09:42.058Z;2021-05-11T13:09:48.906Z;0
518;02;78912;79052;X;2021-05-11T13:10:56.343Z;2021-05-11T13:11:01.554Z;0
519;02;80955;81038;X;2021-05-11T13:12:13.509Z;2021-05-11T13:12:16.703Z;0
520;02;82520;82702;X;2021-05-11T13:13:11.818Z;2021-05-11T13:13:18.792Z;0
521;02;84731;84776;X;2021-05-11T13:14:34.839Z;2021-05-11T13:14:36.567Z;0
522;02;85851;85933;X;2021-05-11T13:15:16.658Z;2021-05-11T13:15:19.710Z;0
523;02;87596;87643;X;2021-05-11T13:16:22.373Z;2021-05-11T13:16:24.149Z;0
524;02;89089;89173;X;2021-05-11T13:17:18.018Z;2021-05-11T13:17:21.160Z;0
525;02;90576;90791;X;2021-05-11T13:18:13.386Z;2021-05-11T13:18:21.370Z;0
526;02;92786;92836;X;2021-05-11T13:19:36.847Z;2021-05-11T13:19:38.711Z;0
527;02;96028;96094;X;2021-05-11T13:21:40.421Z;2021-05-11T13:21:42.871Z;0
528;02;97920;97965;X;2021-05-11T13:22:50.574Z;2021-05-11T13:22:52.302Z;0
529;02;99396;99569;X;2021-05-11T13:23:45.444Z;2021-05-11T13:23:51.929Z;0
530;02;100824;105984;X;2021-05-11T13:24:38.214Z;2021-05-11T13:27:55.143Z;0
531;02;107888;108278;X;2021-05-11T13:29:07.372Z;2021-05-11T13:29:22.170Z;0
532;02;109902;109976;X;2021-05-11T13:30:22.876Z;2021-05-11T13:30:25.621Z;0
533;02;111489;111540;X;2021-05-11T13:31:21.650Z;2021-05-11T13:31:23.532Z;0
534;02;112765;112848;X;2021-05-11T13:32:08.648Z;2021-05-11T13:32:11.761Z;0
535;02;114220;114302;X;2021-05-11T13:33:02.456Z;2021-05-11T13:33:05.470Z;0
536;02;115489;115541;X;2021-05-11T13:33:50.026Z;2021-05-11T13:33:51.908Z;0
537;02;116493;116558;X;2021-05-11T13:34:27.844Z;2021-05-11T13:34:30.388Z;0
538;02;117953;118015;X;2021-05-11T13:35:22.941Z;2021-05-11T13:35:25.262Z;0
539;02;119601;119647;X;2021-05-11T13:36:24.600Z;2021-05-11T13:36:26.354Z;0
540;02;120864;120918;X;2021-05-11T13:37:11.824Z;2021-05-11T13:37:13.835Z;0
541;02;122108;122176;X;2021-05-11T13:37:57.616Z;2021-05-11T13:38:00.151Z;0
542;02;124569;124784;X;2021-05-11T13:39:30.434Z;2021-05-11T13:39:38.554Z;0
543;02;128353;128465;X;2021-05-11T13:41:53.896Z;2021-05-11T13:41:58.006Z;0
544;02;131733;131823;X;2021-05-11T13:44:00.460Z;2021-05-11T13:44:03.911Z;0
545;02;133902;133967;X;2021-05-11T13:45:22.208Z;2021-05-11T13:45:24.620Z;0
546;02;135842;135912;X;2021-05-11T13:46:34.230Z;2021-05-11T13:46:36.743Z;0
547;02;137083;137179;X;2021-05-11T13:47:19.731Z;2021-05-11T13:47:23.267Z;0
548;03;6200;109855;-;2021-05-11T14:34:04.393Z;2021-05-11T15:38:05.154Z;51/54
549;03;6204;6633;X;2021-05-11T14:34:04.399Z;2021-05-11T14:34:20.508Z;0
550;03;8723;8826;X;2021-05-11T14:35:38.098Z;2021-05-11T14:35:41.988Z;0
551;03;10531;10677;X;2021-05-11T14:36:45.113Z;2021-05-11T14:36:50.525Z;0
552;03;12446;12527;X;2021-05-11T14:37:55.926Z;2021-05-11T14:37:58.951Z;0
553;03;13825;13875;X;2021-05-11T14:38:46.541Z;2021-05-11T14:38:48.440Z;0
554;03;15065;15177;X;2021-05-11T14:39:32.545Z;2021-05-11T14:39:36.722Z;0
555;03;16905;17027;X;2021-05-11T14:40:40.827Z;2021-05-11T14:40:45.383Z;0
556;03;17978;18108;X;2021-05-11T14:41:20.022Z;2021-05-11T14:41:24.923Z;0
557;03;20052;20154;X;2021-05-11T14:42:36.877Z;2021-05-11T14:42:40.581Z;0
558;03;21706;21921;X;2021-05-11T14:43:37.921Z;2021-05-11T14:43:45.838Z;0
559;03;24648;24708;X;2021-05-11T14:45:27.176Z;2021-05-11T14:45:29.367Z;0
560;03;26170;26263;X;2021-05-11T14:46:23.156Z;2021-05-11T14:46:26.617Z;0
561;03;28087;28207;X;2021-05-11T14:47:34.178Z;2021-05-11T14:47:38.667Z;0
562;03;30849;30984;X;2021-05-11T14:49:17.066Z;2021-05-11T14:49:22.094Z;0
563;03;33447;33574;X;2021-05-11T14:50:53.904Z;2021-05-11T14:50:58.494Z;0
564;03;35209;35318;X;2021-05-11T14:51:58.951Z;2021-05-11T14:52:03.097Z;0
565;03;36733;36788;X;2021-05-11T14:52:55.549Z;2021-05-11T14:52:57.650Z;0
566;03;39742;39796;X;2021-05-11T14:54:48.062Z;2021-05-11T14:54:50.083Z;0
567;03;48228;48558;X;2021-05-11T15:00:06.271Z;2021-05-11T15:00:18.247Z;0
568;03;49962;50061;X;2021-05-11T15:01:10.603Z;2021-05-11T15:01:14.325Z;0
569;03;51272;51322;X;2021-05-11T15:01:58.850Z;2021-05-11T15:02:00.731Z;0
570;03;52397;52471;X;2021-05-11T15:02:40.195Z;2021-05-11T15:02:42.915Z;0
571;03;54776;54887;X;2021-05-11T15:04:08.092Z;2021-05-11T15:04:12.132Z;0
572;03;56239;56290;X;2021-05-11T15:05:01.610Z;2021-05-11T15:05:03.366Z;0
573;03;58828;58875;X;2021-05-11T15:06:37.634Z;2021-05-11T15:06:39.419Z;0
574;03;60173;60262;X;2021-05-11T15:07:27.419Z;2021-05-11T15:07:30.716Z;0
575;03;62640;62706;X;2021-05-11T15:09:00.304Z;2021-05-11T15:09:02.755Z;0
576;03;64206;64259;X;2021-05-11T15:09:57.309Z;2021-05-11T15:09:59.185Z;0
577;03;65383;65440;X;2021-05-11T15:10:40.833Z;2021-05-11T15:10:42.895Z;0
578;03;66469;66552;X;2021-05-11T15:11:20.487Z;2021-05-11T15:11:23.509Z;0
579;03;67907;67988;X;2021-05-11T15:12:13.428Z;2021-05-11T15:12:16.381Z;0
580;03;69315;69379;X;2021-05-11T15:13:04.956Z;2021-05-11T15:13:07.244Z;0
581;03;72186;72242;X;2021-05-11T15:14:51.545Z;2021-05-11T15:14:53.675Z;0
582;03;73987;74049;X;2021-05-11T15:15:57.830Z;2021-05-11T15:15:59.998Z;0
583;03;75038;75107;X;2021-05-11T15:16:36.051Z;2021-05-11T15:16:38.675Z;0
584;03;77102;77173;X;2021-05-11T15:17:52.787Z;2021-05-11T15:17:55.359Z;0
585;03;79214;83440;X;2021-05-11T15:19:10.975Z;2021-05-11T15:21:49.918Z;0
586;03;84484;84555;X;2021-05-11T15:22:27.720Z;2021-05-11T15:22:30.317Z;0
587;03;86753;86825;X;2021-05-11T15:23:52.717Z;2021-05-11T15:23:55.338Z;0
588;03;87676;87775;X;2021-05-11T15:24:26.447Z;2021-05-11T15:24:30.292Z;0
589;03;88832;88895;X;2021-05-11T15:25:09.042Z;2021-05-11T15:25:11.400Z;0
590;03;90672;90739;X;2021-05-11T15:26:17.946Z;2021-05-11T15:26:20.464Z;0
591;03;91975;92030;X;2021-05-11T15:27:05.839Z;2021-05-11T15:27:07.928Z;0
592;03;93173;93272;X;2021-05-11T15:27:49.744Z;2021-05-11T15:27:53.347Z;0
593;03;95024;95073;X;2021-05-11T15:28:58.033Z;2021-05-11T15:28:59.785Z;0
594;03;96294;96383;X;2021-05-11T15:29:44.682Z;2021-05-11T15:29:47.851Z;0
595;03;97948;98051;X;2021-05-11T15:30:45.414Z;2021-05-11T15:30:49.247Z;0
596;03;101593;101675;X;2021-05-11T15:33:00.571Z;2021-05-11T15:33:03.768Z;1
597;03;102955;103048;X;2021-05-11T15:33:50.793Z;2021-05-11T15:33:54.097Z;1
598;03;105127;105221;X;2021-05-11T15:35:10.536Z;2021-05-11T15:35:13.996Z;2
599;03;107976;108025;X;2021-05-11T15:36:55.605Z;2021-05-11T15:36:57.532Z;3
600;17;7597;104879;-;2021-06-21T11:22:55.487Z;2021-06-21T12:23:23.988Z;54/54
601;17;7601;9067;X;2021-06-21T11:22:55.495Z;2021-06-21T11:23:51.415Z;0
602;17;11359;11452;X;2021-06-21T11:25:16.523Z;2021-06-21T11:25:19.860Z;0
603;17;12585;12660;X;2021-06-21T11:26:01.128Z;2021-06-21T11:26:03.926Z;0
604;17;14443;14517;X;2021-06-21T11:27:10.575Z;2021-06-21T11:27:13.268Z;0
605;17;16152;16259;X;2021-06-21T11:28:14.692Z;2021-06-21T11:28:18.591Z;0
606;17;18093;18183;X;2021-06-21T11:29:26.689Z;2021-06-21T11:29:30.047Z;0
607;17;21724;21774;X;2021-06-21T11:31:42.399Z;2021-06-21T11:31:44.243Z;0
608;17;23688;23802;X;2021-06-21T11:32:55.340Z;2021-06-21T11:32:59.735Z;0
609;17;25514;25561;X;2021-06-21T11:34:03.814Z;2021-06-21T11:34:05.553Z;0
610;17;26733;26816;X;2021-06-21T11:34:48.557Z;2021-06-21T11:34:51.579Z;0
611;17;28039;28282;X;2021-06-21T11:35:37.644Z;2021-06-21T11:35:47.001Z;0
612;17;30337;30397;X;2021-06-21T11:37:03.386Z;2021-06-21T11:37:05.621Z;0
613;17;31592;31794;X;2021-06-21T11:37:49.157Z;2021-06-21T11:37:56.640Z;0
614;17;33028;33126;X;2021-06-21T11:38:41.639Z;2021-06-21T11:38:45.237Z;0
615;17;34322;34405;X;2021-06-21T11:39:28.970Z;2021-06-21T11:39:32.084Z;0
616;17;35518;35598;X;2021-06-21T11:40:13.461Z;2021-06-21T11:40:16.420Z;0
617;17;36725;36907;X;2021-06-21T11:40:58.337Z;2021-06-21T11:41:05.347Z;0
618;17;38087;38223;X;2021-06-21T11:41:49.049Z;2021-06-21T11:41:54.253Z;0
619;17;40170;52742;X;2021-06-21T11:43:08.328Z;2021-06-21T11:51:03.908Z;0
620;17;54038;54129;X;2021-06-21T11:51:52.371Z;2021-06-21T11:51:55.792Z;0
621;17;55379;55461;X;2021-06-21T11:52:42.460Z;2021-06-21T11:52:45.528Z;0
622;17;56541;56646;X;2021-06-21T11:53:25.544Z;2021-06-21T11:53:29.381Z;0
623;17;57821;57933;X;2021-06-21T11:54:12.993Z;2021-06-21T11:54:17.145Z;0
624;17;58946;59025;X;2021-06-21T11:54:54.247Z;2021-06-21T11:54:57.277Z;0
625;17;60329;60395;X;2021-06-21T11:55:45.426Z;2021-06-21T11:55:47.883Z;0
626;17;61624;61876;X;2021-06-21T11:56:33.195Z;2021-06-21T11:56:42.410Z;0
627;17;63167;63213;X;2021-06-21T11:57:29.965Z;2021-06-21T11:57:31.692Z;0
628;17;64680;64770;X;2021-06-21T11:58:25.774Z;2021-06-21T11:58:29.067Z;0
629;17;66057;66810;X;2021-06-21T11:59:16.284Z;2021-06-21T11:59:44.709Z;0
630;17;67891;67940;X;2021-06-21T12:00:24.646Z;2021-06-21T12:00:26.369Z;0
631;17;69112;69186;X;2021-06-21T12:01:09.422Z;2021-06-21T12:01:12.222Z;0
632;17;70333;70409;X;2021-06-21T12:01:54.209Z;2021-06-21T12:01:57.080Z;0
633;17;71518;71586;X;2021-06-21T12:02:37.882Z;2021-06-21T12:02:40.436Z;0
634;17;72830;72906;X;2021-06-21T12:03:27.742Z;2021-06-21T12:03:30.664Z;0
635;17;74003;74088;X;2021-06-21T12:04:11.774Z;2021-06-21T12:04:15.045Z;0
636;17;75564;75643;X;2021-06-21T12:05:10.020Z;2021-06-21T12:05:13.014Z;0
637;17;77031;81642;X;2021-06-21T12:06:05.256Z;2021-06-21T12:08:59.738Z;0
638;17;83274;83361;X;2021-06-21T12:10:00.455Z;2021-06-21T12:10:03.675Z;0
639;17;84695;84783;X;2021-06-21T12:10:53.086Z;2021-06-21T12:10:56.389Z;0
640;17;85923;85992;X;2021-06-21T12:11:39.288Z;2021-06-21T12:11:42.004Z;0
641;17;87052;87103;X;2021-06-21T12:12:20.939Z;2021-06-21T12:12:22.845Z;0
642;17;88187;88238;X;2021-06-21T12:13:02.955Z;2021-06-21T12:13:04.846Z;0
643;17;89280;89344;X;2021-06-21T12:13:44.060Z;2021-06-21T12:13:46.416Z;0
644;17;90556;90642;X;2021-06-21T12:14:32.016Z;2021-06-21T12:14:35.397Z;0
645;17;92292;92368;X;2021-06-21T12:15:36.416Z;2021-06-21T12:15:39.142Z;0
646;17;93427;93504;X;2021-06-21T12:16:18.422Z;2021-06-21T12:16:21.308Z;0
647;17;95197;95248;X;2021-06-21T12:17:25.102Z;2021-06-21T12:17:26.970Z;0
648;17;96310;96367;X;2021-06-21T12:18:06.375Z;2021-06-21T12:18:08.429Z;0
649;17;97572;97651;X;2021-06-21T12:18:52.525Z;2021-06-21T12:18:55.396Z;0
650;17;98592;98673;X;2021-06-21T12:19:30.543Z;2021-06-21T12:19:33.604Z;0
651;17;99874;100001;X;2021-06-21T12:20:18.294Z;2021-06-21T12:20:23.085Z;0
652;17;101174;101265;X;2021-06-21T12:21:07.058Z;2021-06-21T12:21:10.447Z;0
653;17;102524;102603;X;2021-06-21T12:21:57.346Z;2021-06-21T12:22:00.281Z;0
654;17;103918;104005;X;2021-06-21T12:22:48.619Z;2021-06-21T12:22:51.722Z;0
655;01;8616;85411;-;2021-05-10T12:13:51.726Z;2021-05-10T13:01:50.970Z;54/54
656;01;8620;8751;X;2021-05-10T12:13:51.731Z;2021-05-10T12:13:56.584Z;0
657;01;9853;9917;X;2021-05-10T12:14:37.265Z;2021-05-10T12:14:39.587Z;0
658;01;11446;11496;X;2021-05-10T12:15:36.803Z;2021-05-10T12:15:38.697Z;0
659;01;12720;12782;X;2021-05-10T12:16:24.222Z;2021-05-10T12:16:26.631Z;0
660;01;14071;14134;X;2021-05-10T12:17:15.034Z;2021-05-10T12:17:17.395Z;0
661;01;15268;15332;X;2021-05-10T12:18:00.164Z;2021-05-10T12:18:02.471Z;0
662;01;16502;16614;X;2021-05-10T12:18:46.773Z;2021-05-10T12:18:50.888Z;0
663;01;18045;18092;X;2021-05-10T12:19:44.606Z;2021-05-10T12:19:46.460Z;0
664;01;19309;19360;X;2021-05-10T12:20:32.857Z;2021-05-10T12:20:34.769Z;0
665;01;22039;22103;X;2021-05-10T12:22:16.763Z;2021-05-10T12:22:19.221Z;0
666;01;23391;23438;X;2021-05-10T12:23:07.876Z;2021-05-10T12:23:09.731Z;0
667;01;24654;24703;X;2021-05-10T12:23:55.438Z;2021-05-10T12:23:57.239Z;0
668;01;25968;26055;X;2021-05-10T12:24:44.253Z;2021-05-10T12:24:47.556Z;0
669;01;26899;26949;X;2021-05-10T12:25:18.496Z;2021-05-10T12:25:20.306Z;0
670;01;28161;28211;X;2021-05-10T12:26:05.046Z;2021-05-10T12:26:06.925Z;0
671;01;29722;29774;X;2021-05-10T12:27:03.728Z;2021-05-10T12:27:05.620Z;0
672;01;30844;30934;X;2021-05-10T12:27:45.354Z;2021-05-10T12:27:48.805Z;0
673;01;31971;32051;X;2021-05-10T12:28:27.346Z;2021-05-10T12:28:30.396Z;0
674;01;33542;38473;X;2021-05-10T12:29:26.064Z;2021-05-10T12:32:34.956Z;0
675;01;39709;39754;X;2021-05-10T12:33:21.004Z;2021-05-10T12:33:22.727Z;0
676;01;40717;40793;X;2021-05-10T12:33:59.012Z;2021-05-10T12:34:01.751Z;0
677;01;41995;42083;X;2021-05-10T12:34:46.513Z;2021-05-10T12:34:50.019Z;0
678;01;43370;43459;X;2021-05-10T12:35:37.751Z;2021-05-10T12:35:41.033Z;0
679;01;44505;44594;X;2021-05-10T12:36:19.829Z;2021-05-10T12:36:23.173Z;0
680;01;45593;45682;X;2021-05-10T12:36:59.994Z;2021-05-10T12:37:03.283Z;0
681;01;46917;46966;X;2021-05-10T12:37:49.136Z;2021-05-10T12:37:50.915Z;0
682;01;48431;48522;X;2021-05-10T12:38:45.610Z;2021-05-10T12:38:48.934Z;0
683;01;49463;49513;X;2021-05-10T12:39:24.040Z;2021-05-10T12:39:25.892Z;0
684;01;50724;50815;X;2021-05-10T12:40:10.954Z;2021-05-10T12:40:14.318Z;0
685;01;51819;51868;X;2021-05-10T12:40:51.263Z;2021-05-10T12:40:53.084Z;0
686;01;53062;53112;X;2021-05-10T12:41:38.464Z;2021-05-10T12:41:40.350Z;0
687;01;54359;54421;X;2021-05-10T12:42:27.176Z;2021-05-10T12:42:29.532Z;0
688;01;55604;56558;X;2021-05-10T12:43:14.130Z;2021-05-10T12:43:50.624Z;0
689;01;57639;57691;X;2021-05-10T12:44:30.993Z;2021-05-10T12:44:32.864Z;0
690;01;58602;58663;X;2021-05-10T12:45:06.813Z;2021-05-10T12:45:08.990Z;0
691;01;59762;59812;X;2021-05-10T12:45:50.332Z;2021-05-10T12:45:52.215Z;0
692;01;60722;62700;X;2021-05-10T12:46:25.947Z;2021-05-10T12:47:41.413Z;0
693;01;63620;63709;X;2021-05-10T12:48:15.646Z;2021-05-10T12:48:19.006Z;0
694;01;64945;64992;X;2021-05-10T12:49:05.044Z;2021-05-10T12:49:06.867Z;0
695;01;65895;65953;X;2021-05-10T12:49:39.843Z;2021-05-10T12:49:42.100Z;0
696;01;67292;67343;X;2021-05-10T12:50:31.958Z;2021-05-10T12:50:33.851Z;0
697;01;68434;68485;X;2021-05-10T12:51:14.622Z;2021-05-10T12:51:16.516Z;0
698;01;69514;69564;X;2021-05-10T12:51:54.816Z;2021-05-10T12:51:56.619Z;0
699;01;70702;70751;X;2021-05-10T12:52:38.699Z;2021-05-10T12:52:40.532Z;0
700;01;72028;72081;X;2021-05-10T12:53:27.305Z;2021-05-10T12:53:29.258Z;0
701;01;73161;73210;X;2021-05-10T12:54:09.172Z;2021-05-10T12:54:10.991Z;0
702;01;74093;74183;X;2021-05-10T12:54:43.349Z;2021-05-10T12:54:46.756Z;0
703;01;75211;75267;X;2021-05-10T12:55:25.388Z;2021-05-10T12:55:27.429Z;0
704;01;77056;77115;X;2021-05-10T12:56:34.999Z;2021-05-10T12:56:37.190Z;0
705;01;78382;78475;X;2021-05-10T12:57:25.394Z;2021-05-10T12:57:28.882Z;0
706;01;79662;79712;X;2021-05-10T12:58:13.774Z;2021-05-10T12:58:15.623Z;0
707;01;80540;80594;X;2021-05-10T12:58:47.149Z;2021-05-10T12:58:49.184Z;0
708;01;82438;82495;X;2021-05-10T12:59:58.672Z;2021-05-10T13:00:00.814Z;0
709;01;83636;83688;X;2021-05-10T13:00:43.663Z;2021-05-10T13:00:45.598Z;0
710;15;8763;126637;-;2021-06-16T09:42:18.396Z;2021-06-16T10:56:02.859Z;54/54
711;15;8767;9392;X;2021-06-16T09:42:18.401Z;2021-06-16T09:42:42.262Z;0
712;15;12028;12181;X;2021-06-16T09:44:21.557Z;2021-06-16T09:44:27.178Z;0
713;15;13988;14279;X;2021-06-16T09:45:34.866Z;2021-06-16T09:45:45.919Z;0
714;15;16246;16554;X;2021-06-16T09:46:59.198Z;2021-06-16T09:47:10.808Z;0
715;15;18823;18901;X;2021-06-16T09:48:35.659Z;2021-06-16T09:48:38.576Z;0
716;15;19969;20235;X;2021-06-16T09:49:18.434Z;2021-06-16T09:49:28.531Z;0
717;15;21584;21669;X;2021-06-16T09:50:18.964Z;2021-06-16T09:50:22.085Z;0
718;15;23150;23348;X;2021-06-16T09:51:17.206Z;2021-06-16T09:51:24.628Z;0
719;15;24922;24997;X;2021-06-16T09:52:23.526Z;2021-06-16T09:52:26.265Z;0
720;15;27027;27118;X;2021-06-16T09:53:42.182Z;2021-06-16T09:53:45.471Z;0
721;15;28779;28893;X;2021-06-16T09:54:47.578Z;2021-06-16T09:54:51.839Z;0
722;15;30700;30818;X;2021-06-16T09:55:59.245Z;2021-06-16T09:56:03.437Z;0
723;15;32160;32251;X;2021-06-16T09:56:53.663Z;2021-06-16T09:56:56.961Z;0
724;15;34126;34194;X;2021-06-16T09:58:07.456Z;2021-06-16T09:58:09.942Z;0
725;15;36569;36635;X;2021-06-16T09:59:39.501Z;2021-06-16T09:59:42.025Z;0
726;15;38287;38388;X;2021-06-16T10:00:43.553Z;2021-06-16T10:00:47.313Z;0
727;15;40385;40435;X;2021-06-16T10:02:01.290Z;2021-06-16T10:02:03.102Z;0
728;15;42124;42262;X;2021-06-16T10:03:06.206Z;2021-06-16T10:03:11.476Z;0
729;15;43794;43850;X;2021-06-16T10:04:08.763Z;2021-06-16T10:04:10.773Z;0
730;15;55276;55758;X;2021-06-16T10:11:24.169Z;2021-06-16T10:11:42.265Z;0
731;15;58905;59025;X;2021-06-16T10:13:40.161Z;2021-06-16T10:13:44.683Z;0
732;15;60613;60694;X;2021-06-16T10:14:44.248Z;2021-06-16T10:14:47.210Z;0
733;15;62455;62538;X;2021-06-16T10:15:52.735Z;2021-06-16T10:15:55.922Z;0
734;15;64321;64378;X;2021-06-16T10:17:02.466Z;2021-06-16T10:17:04.640Z;0
735;15;66391;66573;X;2021-06-16T10:18:19.961Z;2021-06-16T10:18:27.003Z;0
736;15;67788;67838;X;2021-06-16T10:19:12.218Z;2021-06-16T10:19:14.005Z;0
737;15;69267;70184;X;2021-06-16T10:20:07.573Z;2021-06-16T10:20:42.301Z;0
738;15;72201;72260;X;2021-06-16T10:21:57.925Z;2021-06-16T10:22:00.025Z;0
739;15;73982;74069;X;2021-06-16T10:23:04.615Z;2021-06-16T10:23:07.861Z;0
740;15;75625;75679;X;2021-06-16T10:24:06.067Z;2021-06-16T10:24:08.163Z;0
741;15;78119;78278;X;2021-06-16T10:25:39.148Z;2021-06-16T10:25:45.063Z;0
742;15;80361;80415;X;2021-06-16T10:27:03.402Z;2021-06-16T10:27:05.370Z;0
743;15;82052;82147;X;2021-06-16T10:28:06.409Z;2021-06-16T10:28:09.979Z;0
744;15;83663;83946;X;2021-06-16T10:29:06.433Z;2021-06-16T10:29:17.038Z;0
745;15;85617;85702;X;2021-06-16T10:30:19.092Z;2021-06-16T10:30:22.266Z;0
746;15;87933;87991;X;2021-06-16T10:31:45.481Z;2021-06-16T10:31:47.595Z;0
747;15;89737;92994;X;2021-06-16T10:32:53.417Z;2021-06-16T10:34:57.382Z;0
748;15;94018;94065;X;2021-06-16T10:35:35.566Z;2021-06-16T10:35:37.283Z;0
749;15;95738;95825;X;2021-06-16T10:36:39.972Z;2021-06-16T10:36:43.190Z;0
750;15;96972;97044;X;2021-06-16T10:37:26.003Z;2021-06-16T10:37:28.727Z;0
751;15;98612;98666;X;2021-06-16T10:38:28.221Z;2021-06-16T10:38:30.252Z;0
752;15;101164;101273;X;2021-06-16T10:40:04.760Z;2021-06-16T10:40:08.862Z;0
753;15;102858;103424;X;2021-06-16T10:41:07.999Z;2021-06-16T10:41:29.305Z;0
754;15;105590;105662;X;2021-06-16T10:42:50.885Z;2021-06-16T10:42:53.571Z;0
755;15;109866;109932;X;2021-06-16T10:45:32.889Z;2021-06-16T10:45:35.360Z;0
756;15;112007;112097;X;2021-06-16T10:46:54.572Z;2021-06-16T10:46:57.977Z;0
757;15;114297;114343;X;2021-06-16T10:48:20.567Z;2021-06-16T10:48:22.393Z;0
758;15;115524;115574;X;2021-06-16T10:49:05.933Z;2021-06-16T10:49:07.775Z;0
759;15;117343;117427;X;2021-06-16T10:50:13.522Z;2021-06-16T10:50:16.640Z;0
760;15;119342;119386;X;2021-06-16T10:51:28.676Z;2021-06-16T10:51:31.389Z;0
761;15;120517;120611;X;2021-06-16T10:52:12.736Z;2021-06-16T10:52:16.237Z;0
762;15;121861;121925;X;2021-06-16T10:53:02.645Z;2021-06-16T10:53:05.116Z;0
763;15;123502;123753;X;2021-06-16T10:54:04.918Z;2021-06-16T10:54:14.529Z;0
764;15;125203;125264;X;2021-06-16T10:55:09.420Z;2021-06-16T10:55:11.787Z;0
765;14;6942;102011;-;2021-06-16T07:16:56.409Z;2021-06-16T08:16:00.782Z;45/54
766;14;6945;7786;X;2021-06-16T07:16:56.413Z;2021-06-16T07:17:28.301Z;0
767;14;9531;9596;X;2021-06-16T07:18:32.779Z;2021-06-16T07:18:35.134Z;0
768;14;11692;11757;X;2021-06-16T07:19:54.506Z;2021-06-16T07:19:56.926Z;0
769;14;12875;12931;X;2021-06-16T07:20:38.170Z;2021-06-16T07:20:40.306Z;0
770;14;14867;14991;X;2021-06-16T07:21:52.248Z;2021-06-16T07:21:56.926Z;0
771;14;16658;16852;X;2021-06-16T07:22:58.425Z;2021-06-16T07:23:05.717Z;0
772;14;18306;18400;X;2021-06-16T07:23:59.925Z;2021-06-16T07:24:03.449Z;0
773;14;19923;20025;X;2021-06-16T07:25:00.611Z;2021-06-16T07:25:04.470Z;0
774;14;21659;21814;X;2021-06-16T07:26:05.493Z;2021-06-16T07:26:11.532Z;0
775;14;23572;23696;X;2021-06-16T07:27:17.448Z;2021-06-16T07:27:22.195Z;0
776;14;26258;26702;X;2021-06-16T07:28:56.265Z;2021-06-16T07:29:13.034Z;1
777;14;28496;28590;X;2021-06-16T07:30:20.061Z;2021-06-16T07:30:23.582Z;1
778;14;29712;29823;X;2021-06-16T07:31:05.124Z;2021-06-16T07:31:09.262Z;1
779;14;32928;33090;X;2021-06-16T07:33:05.698Z;2021-06-16T07:33:11.750Z;2
780;14;37062;41518;X;2021-06-16T07:35:39.250Z;2021-06-16T07:38:28.519Z;4
781;14;43901;44013;X;2021-06-16T07:39:56.529Z;2021-06-16T07:40:00.724Z;5
782;14;44966;45284;X;2021-06-16T07:40:36.105Z;2021-06-16T07:40:47.989Z;5
783;14;50205;50258;X;2021-06-16T07:43:51.838Z;2021-06-16T07:43:53.764Z;7
784;14;51872;52066;X;2021-06-16T07:44:54.548Z;2021-06-16T07:45:01.745Z;7
785;14;53015;53259;X;2021-06-16T07:45:36.657Z;2021-06-16T07:45:45.615Z;7
786;14;55057;55155;X;2021-06-16T07:46:52.414Z;2021-06-16T07:46:56.226Z;7
787;14;56328;56439;X;2021-06-16T07:47:39.781Z;2021-06-16T07:47:43.994Z;7
788;14;57958;58284;X;2021-06-16T07:48:40.451Z;2021-06-16T07:48:52.693Z;7
789;14;60376;60474;X;2021-06-16T07:50:10.632Z;2021-06-16T07:50:14.298Z;7
790;14;61743;61838;X;2021-06-16T07:51:00.571Z;2021-06-16T07:51:04.083Z;7
791;14;62918;63059;X;2021-06-16T07:51:44.316Z;2021-06-16T07:51:49.616Z;7
792;14;63974;64117;X;2021-06-16T07:52:23.502Z;2021-06-16T07:52:28.887Z;7
793;14;65321;65376;X;2021-06-16T07:53:13.438Z;2021-06-16T07:53:15.494Z;7
794;14;68257;68332;X;2021-06-16T07:55:04.499Z;2021-06-16T07:55:07.269Z;7
795;14;70109;72414;X;2021-06-16T07:56:13.427Z;2021-06-16T07:57:40.455Z;7
796;14;76046;76131;X;2021-06-16T07:59:56.993Z;2021-06-16T08:00:00.141Z;8
797;14;77585;77700;X;2021-06-16T08:00:53.673Z;2021-06-16T08:00:58.013Z;8
798;14;79388;79473;X;2021-06-16T08:02:01.021Z;2021-06-16T08:02:04.179Z;8
799;14;80639;80787;X;2021-06-16T08:02:47.060Z;2021-06-16T08:02:52.529Z;8
800;14;82434;82481;X;2021-06-16T08:03:54.463Z;2021-06-16T08:03:56.286Z;8
801;14;85370;85417;X;2021-06-16T08:05:43.745Z;2021-06-16T08:05:45.464Z;9
802;14;88742;88890;X;2021-06-16T08:07:50.087Z;2021-06-16T08:07:55.547Z;9
803;14;89851;89909;X;2021-06-16T08:08:30.742Z;2021-06-16T08:08:32.867Z;9
804;14;91027;91236;X;2021-06-16T08:09:14.229Z;2021-06-16T08:09:21.918Z;9
805;14;92635;92685;X;2021-06-16T08:10:13.347Z;2021-06-16T08:10:15.217Z;9
806;14;94543;94684;X;2021-06-16T08:11:24.115Z;2021-06-16T08:11:29.326Z;9
807;14;96399;96471;X;2021-06-16T08:12:33.016Z;2021-06-16T08:12:35.766Z;9
808;14;97899;97955;X;2021-06-16T08:13:28.384Z;2021-06-16T08:13:30.357Z;9
809;14;99084;99171;X;2021-06-16T08:14:12.224Z;2021-06-16T08:14:15.425Z;9
810;14;100387;100448;X;2021-06-16T08:15:00.126Z;2021-06-16T08:15:02.362Z;9
811;04;16112;134834;-;2021-05-19T12:16:43.886Z;2021-05-19T13:31:27.004Z;54/54
812;04;16115;16170;X;2021-05-19T12:16:43.890Z;2021-05-19T12:16:46.030Z;0
813;04;19446;19512;X;2021-05-19T12:18:50.313Z;2021-05-19T12:18:52.765Z;0
814;04;23683;23783;X;2021-05-19T12:21:30.101Z;2021-05-19T12:21:33.809Z;0
815;04;25339;25391;X;2021-05-19T12:22:31.782Z;2021-05-19T12:22:33.749Z;0
816;04;28410;28458;X;2021-05-19T12:24:27.744Z;2021-05-19T12:24:29.552Z;0
817;04;30276;30324;X;2021-05-19T12:25:37.953Z;2021-05-19T12:25:39.715Z;0
818;04;31854;31934;X;2021-05-19T12:26:36.864Z;2021-05-19T12:26:39.844Z;0
819;04;33223;33271;X;2021-05-19T12:27:28.667Z;2021-05-19T12:27:30.447Z;0
820;04;35334;35415;X;2021-05-19T12:28:47.878Z;2021-05-19T12:28:50.889Z;0
821;04;38232;38281;X;2021-05-19T12:30:37.264Z;2021-05-19T12:30:39.119Z;0
822;04;39841;39918;X;2021-05-19T12:31:37.932Z;2021-05-19T12:31:40.876Z;0
823;04;40939;41019;X;2021-05-19T12:32:18.535Z;2021-05-19T12:32:21.569Z;0
824;04;42159;42206;X;2021-05-19T12:33:03.820Z;2021-05-19T12:33:05.578Z;0
825;04;44424;44485;X;2021-05-19T12:34:29.742Z;2021-05-19T12:34:32.011Z;0
826;04;47028;47105;X;2021-05-19T12:36:08.768Z;2021-05-19T12:36:11.564Z;0
827;04;50059;50104;X;2021-05-19T12:38:04.266Z;2021-05-19T12:38:05.972Z;0
828;04;51108;51183;X;2021-05-19T12:38:43.530Z;2021-05-19T12:38:46.265Z;0
829;04;52271;52343;X;2021-05-19T12:39:27.029Z;2021-05-19T12:39:29.715Z;0
830;04;53863;61021;X;2021-05-19T12:40:26.620Z;2021-05-19T12:44:59.034Z;0
831;04;63290;63335;X;2021-05-19T12:46:24.837Z;2021-05-19T12:46:26.552Z;0
832;04;64184;64250;X;2021-05-19T12:46:58.510Z;2021-05-19T12:47:01.056Z;0
833;04;66612;66685;X;2021-05-19T12:48:29.814Z;2021-05-19T12:48:32.718Z;0
834;04;69291;69356;X;2021-05-19T12:50:11.382Z;2021-05-19T12:50:13.923Z;0
835;04;70616;70684;X;2021-05-19T12:51:01.366Z;2021-05-19T12:51:03.940Z;0
836;04;71755;71806;X;2021-05-19T12:51:44.052Z;2021-05-19T12:51:45.949Z;0
837;04;72946;72995;X;2021-05-19T12:52:29.098Z;2021-05-19T12:52:30.903Z;0
838;04;74354;74400;X;2021-05-19T12:53:22.522Z;2021-05-19T12:53:24.348Z;0
839;04;76367;76447;X;2021-05-19T12:54:38.888Z;2021-05-19T12:54:41.935Z;0
840;04;77524;77571;X;2021-05-19T12:55:22.331Z;2021-05-19T12:55:24.073Z;0
841;04;79500;79578;X;2021-05-19T12:56:36.335Z;2021-05-19T12:56:39.276Z;0
842;04;81217;81292;X;2021-05-19T12:57:40.705Z;2021-05-19T12:57:43.619Z;0
843;04;84555;84627;X;2021-05-19T12:59:48.080Z;2021-05-19T12:59:50.720Z;0
844;04;87738;87810;X;2021-05-19T13:01:48.325Z;2021-05-19T13:01:51.071Z;0
845;04;89465;89547;X;2021-05-19T13:02:53.713Z;2021-05-19T13:02:56.767Z;0
846;04;90707;90786;X;2021-05-19T13:03:40.040Z;2021-05-19T13:03:43.020Z;0
847;04;92385;92432;X;2021-05-19T13:04:43.407Z;2021-05-19T13:04:45.228Z;0
848;04;95576;99121;X;2021-05-19T13:06:44.869Z;2021-05-19T13:09:00.199Z;0
849;04;101147;101203;X;2021-05-19T13:10:16.455Z;2021-05-19T13:10:18.741Z;0
850;04;102896;102972;X;2021-05-19T13:11:23.061Z;2021-05-19T13:11:25.945Z;0
851;04;105007;105056;X;2021-05-19T13:12:42.226Z;2021-05-19T13:12:44.017Z;0
852;04;107458;107526;X;2021-05-19T13:14:15.198Z;2021-05-19T13:14:17.694Z;0
853;04;109103;109182;X;2021-05-19T13:15:16.947Z;2021-05-19T13:15:19.817Z;0
854;04;112929;113008;X;2021-05-19T13:17:40.862Z;2021-05-19T13:17:43.716Z;0
855;04;114071;114141;X;2021-05-19T13:18:23.388Z;2021-05-19T13:18:26.017Z;0
856;04;115895;115959;X;2021-05-19T13:19:31.705Z;2021-05-19T13:19:34.078Z;0
857;04;118283;118353;X;2021-05-19T13:21:02.716Z;2021-05-19T13:21:05.344Z;0
858;04;119374;119445;X;2021-05-19T13:21:43.435Z;2021-05-19T13:21:46.149Z;0
859;04;122074;122148;X;2021-05-19T13:23:25.963Z;2021-05-19T13:23:28.825Z;0
860;04;124569;124638;X;2021-05-19T13:25:01.023Z;2021-05-19T13:25:03.673Z;0
861;04;126289;126368;X;2021-05-19T13:26:05.426Z;2021-05-19T13:26:08.462Z;0
862;04;128588;128636;X;2021-05-19T13:27:32.646Z;2021-05-19T13:27:34.420Z;0
863;04;130199;130270;X;2021-05-19T13:28:33.105Z;2021-05-19T13:28:35.805Z;0
864;04;131948;132016;X;2021-05-19T13:29:39.204Z;2021-05-19T13:29:41.730Z;0
865;04;133229;133311;X;2021-05-19T13:30:26.635Z;2021-05-19T13:30:29.737Z;0
866;10;21379;107927;-;2021-05-27T09:32:18.934Z;2021-05-27T10:26:36.118Z;54/54
867;10;21382;21478;X;2021-05-27T09:32:18.938Z;2021-05-27T09:32:22.586Z;0
868;10;23394;23549;X;2021-05-27T09:33:35.449Z;2021-05-27T09:33:41.244Z;0
869;10;25163;25375;X;2021-05-27T09:34:40.968Z;2021-05-27T09:34:48.956Z;0
870;10;26210;26285;X;2021-05-27T09:35:19.832Z;2021-05-27T09:35:22.679Z;0
871;10;27120;27184;X;2021-05-27T09:35:53.533Z;2021-05-27T09:35:55.949Z;0
872;10;28006;28055;X;2021-05-27T09:36:26.165Z;2021-05-27T09:36:27.975Z;0
873;10;29498;29579;X;2021-05-27T09:37:22.144Z;2021-05-27T09:37:25.228Z;0
874;10;30517;30728;X;2021-05-27T09:37:59.866Z;2021-05-27T09:38:07.805Z;0
875;10;31973;32044;X;2021-05-27T09:38:54.628Z;2021-05-27T09:38:57.251Z;0
876;10;33601;33685;X;2021-05-27T09:39:55.110Z;2021-05-27T09:39:58.383Z;0
877;10;35056;36247;X;2021-05-27T09:40:50.009Z;2021-05-27T09:41:35.250Z;0
878;10;37815;38360;X;2021-05-27T09:42:34.194Z;2021-05-27T09:42:54.906Z;0
879;10;40467;40563;X;2021-05-27T09:44:14.707Z;2021-05-27T09:44:18.495Z;0
880;10;42094;42173;X;2021-05-27T09:45:15.604Z;2021-05-27T09:45:18.585Z;0
881;10;43033;43115;X;2021-05-27T09:45:50.511Z;2021-05-27T09:45:53.777Z;0
882;10;44555;44624;X;2021-05-27T09:46:47.648Z;2021-05-27T09:46:50.273Z;0
883;10;45476;45536;X;2021-05-27T09:47:22.549Z;2021-05-27T09:47:24.723Z;0
884;10;46614;46670;X;2021-05-27T09:48:04.716Z;2021-05-27T09:48:06.821Z;0
885;10;48927;49003;X;2021-05-27T09:49:31.917Z;2021-05-27T09:49:34.638Z;0
886;10;56828;56916;X;2021-05-27T09:54:32.768Z;2021-05-27T09:54:35.988Z;0
887;10;57885;57993;X;2021-05-27T09:55:11.984Z;2021-05-27T09:55:16.115Z;0
888;10;58646;58757;X;2021-05-27T09:55:40.716Z;2021-05-27T09:55:44.843Z;0
889;10;59817;59905;X;2021-05-27T09:56:25.134Z;2021-05-27T09:56:28.504Z;0
890;10;60978;61026;X;2021-05-27T09:57:10.428Z;2021-05-27T09:57:10.469Z;0
891;10;63036;63525;X;2021-05-27T09:58:25.878Z;2021-05-27T09:58:44.404Z;0
892;10;65445;65731;X;2021-05-27T09:59:56.635Z;2021-05-27T10:00:07.533Z;0
893;10;66835;66925;X;2021-05-27T10:00:49.493Z;2021-05-27T10:00:52.907Z;0
894;10;68746;68992;X;2021-05-27T10:02:01.125Z;2021-05-27T10:02:10.387Z;0
895;10;70132;70241;X;2021-05-27T10:02:52.897Z;2021-05-27T10:02:56.953Z;0
896;10;71175;71255;X;2021-05-27T10:03:31.761Z;2021-05-27T10:03:34.837Z;0
897;10;73524;73576;X;2021-05-27T10:05:00.851Z;2021-05-27T10:05:02.736Z;0
898;10;74757;74842;X;2021-05-27T10:05:47.194Z;2021-05-27T10:05:50.285Z;0
899;10;75716;75796;X;2021-05-27T10:06:22.781Z;2021-05-27T10:06:25.834Z;0
900;10;76814;76910;X;2021-05-27T10:07:04.260Z;2021-05-27T10:07:07.900Z;0
901;10;77996;78127;X;2021-05-27T10:07:48.869Z;2021-05-27T10:07:53.812Z;0
902;10;79097;79145;X;2021-05-27T10:08:29.823Z;2021-05-27T10:08:31.644Z;0
903;10;80177;80238;X;2021-05-27T10:09:09.699Z;2021-05-27T10:09:11.826Z;0
904;10;85082;85141;X;2021-05-27T10:12:15.960Z;2021-05-27T10:12:18.156Z;0
905;10;86158;86399;X;2021-05-27T10:12:55.636Z;2021-05-27T10:13:04.578Z;0
906;10;87210;87277;X;2021-05-27T10:13:35.263Z;2021-05-27T10:13:37.754Z;0
907;10;88267;88347;X;2021-05-27T10:14:15.246Z;2021-05-27T10:14:18.310Z;0
908;10;89606;89731;X;2021-05-27T10:15:05.323Z;2021-05-27T10:15:09.997Z;0
909;10;91497;91565;X;2021-05-27T10:16:17.327Z;2021-05-27T10:16:19.820Z;0
910;10;92522;92705;X;2021-05-27T10:16:55.370Z;2021-05-27T10:17:02.445Z;0
911;10;93703;93773;X;2021-05-27T10:17:39.881Z;2021-05-27T10:17:42.576Z;0
912;10;95125;95202;X;2021-05-27T10:18:33.881Z;2021-05-27T10:18:36.821Z;0
913;10;96802;96857;X;2021-05-27T10:19:36.896Z;2021-05-27T10:19:38.987Z;0
914;10;98572;98730;X;2021-05-27T10:20:44.005Z;2021-05-27T10:20:50.166Z;0
915;10;99720;99828;X;2021-05-27T10:21:27.514Z;2021-05-27T10:21:31.644Z;0
916;10;101229;101333;X;2021-05-27T10:22:23.436Z;2021-05-27T10:22:27.274Z;0
917;10;102643;102850;X;2021-05-27T10:23:16.085Z;2021-05-27T10:23:23.827Z;0
918;10;104158;104235;X;2021-05-27T10:24:14.228Z;2021-05-27T10:24:17.268Z;0
919;10;105137;105314;X;2021-05-27T10:24:50.430Z;2021-05-27T10:24:57.270Z;0
920;10;106691;106744;X;2021-05-27T10:25:49.344Z;2021-05-27T10:25:51.349Z;0
921;11;5420;90332;-;2021-05-31T07:21:18.499Z;2021-05-31T08:14:31.615Z;53/54
922;11;5424;5620;X;2021-05-31T07:21:18.506Z;2021-05-31T07:21:25.819Z;0
923;11;7488;7679;X;2021-05-31T07:22:36.394Z;2021-05-31T07:22:43.747Z;0
924;11;9663;10163;X;2021-05-31T07:23:58.926Z;2021-05-31T07:24:17.862Z;0
925;11;11247;11299;X;2021-05-31T07:24:58.417Z;2021-05-31T07:25:00.309Z;0
926;11;12228;12374;X;2021-05-31T07:25:35.203Z;2021-05-31T07:25:40.647Z;0
927;11;14009;14201;X;2021-05-31T07:26:41.748Z;2021-05-31T07:26:49.152Z;0
928;11;15874;16006;X;2021-05-31T07:27:52.207Z;2021-05-31T07:27:57.318Z;0
929;11;17074;17204;X;2021-05-31T07:28:37.476Z;2021-05-31T07:28:42.317Z;0
930;11;18542;18640;X;2021-05-31T07:29:32.943Z;2021-05-31T07:29:36.587Z;0
931;11;19687;19791;X;2021-05-31T07:30:15.651Z;2021-05-31T07:30:19.545Z;0
932;11;21288;21360;X;2021-05-31T07:31:15.550Z;2021-05-31T07:31:18.228Z;0
933;11;22521;22604;X;2021-05-31T07:32:01.692Z;2021-05-31T07:32:04.732Z;0
934;11;24214;24260;X;2021-05-31T07:33:05.359Z;2021-05-31T07:33:07.097Z;0
935;11;25572;25716;X;2021-05-31T07:33:55.800Z;2021-05-31T07:34:01.158Z;0
936;11;26930;27049;X;2021-05-31T07:34:46.912Z;2021-05-31T07:34:51.474Z;0
937;11;28156;28495;X;2021-05-31T07:35:33.502Z;2021-05-31T07:35:46.076Z;0
938;11;29891;29968;X;2021-05-31T07:36:38.333Z;2021-05-31T07:36:41.291Z;0
939;11;31280;31373;X;2021-05-31T07:37:30.841Z;2021-05-31T07:37:34.370Z;0
940;11;39924;39970;X;2021-05-31T07:42:58.269Z;2021-05-31T07:42:59.982Z;1
941;11;40951;41022;X;2021-05-31T07:43:36.233Z;2021-05-31T07:43:38.936Z;1
942;11;42715;42794;X;2021-05-31T07:44:42.507Z;2021-05-31T07:44:45.533Z;1
943;11;44170;44251;X;2021-05-31T07:45:37.673Z;2021-05-31T07:45:40.743Z;1
944;11;45700;45789;X;2021-05-31T07:46:35.207Z;2021-05-31T07:46:38.558Z;1
945;11;46791;46850;X;2021-05-31T07:47:15.628Z;2021-05-31T07:47:17.839Z;1
946;11;48099;48175;X;2021-05-31T07:48:03.889Z;2021-05-31T07:48:06.803Z;1
947;11;49686;49765;X;2021-05-31T07:49:03.383Z;2021-05-31T07:49:06.297Z;1
948;11;51099;51172;X;2021-05-31T07:49:55.741Z;2021-05-31T07:49:58.584Z;1
949;11;52647;52729;X;2021-05-31T07:50:54.382Z;2021-05-31T07:50:57.529Z;1
950;11;53836;53884;X;2021-05-31T07:51:39.709Z;2021-05-31T07:51:41.450Z;1
951;11;55420;55495;X;2021-05-31T07:52:39.251Z;2021-05-31T07:52:42.050Z;1
952;11;56236;56352;X;2021-05-31T07:53:09.765Z;2021-05-31T07:53:14.230Z;1
953;11;57292;57372;X;2021-05-31T07:53:49.001Z;2021-05-31T07:53:51.945Z;1
954;11;58468;58541;X;2021-05-31T07:54:32.493Z;2021-05-31T07:54:35.250Z;1
955;11;59487;59601;X;2021-05-31T07:55:10.300Z;2021-05-31T07:55:14.467Z;1
956;11;61135;61213;X;2021-05-31T07:56:12.108Z;2021-05-31T07:56:15.075Z;1
957;11;62723;66516;X;2021-05-31T07:57:11.968Z;2021-05-31T07:59:38.048Z;1
958;11;67481;67558;X;2021-05-31T08:00:13.874Z;2021-05-31T08:00:16.689Z;1
959;11;68787;68835;X;2021-05-31T08:01:03.040Z;2021-05-31T08:01:04.817Z;1
960;11;70027;70082;X;2021-05-31T08:01:49.813Z;2021-05-31T08:01:51.845Z;1
961;11;71783;71831;X;2021-05-31T08:02:55.896Z;2021-05-31T08:02:57.622Z;1
962;11;73318;73371;X;2021-05-31T08:03:53.300Z;2021-05-31T08:03:55.295Z;1
963;11;74858;74940;X;2021-05-31T08:04:51.261Z;2021-05-31T08:04:54.360Z;1
964;11;75865;75939;X;2021-05-31T08:05:28.640Z;2021-05-31T08:05:31.398Z;1
965;11;77135;77182;X;2021-05-31T08:06:15.969Z;2021-05-31T08:06:17.729Z;1
966;11;78713;78764;X;2021-05-31T08:07:14.875Z;2021-05-31T08:07:16.737Z;1
967;11;80019;80094;X;2021-05-31T08:08:04.391Z;2021-05-31T08:08:07.278Z;1
968;11;81741;81824;X;2021-05-31T08:09:09.502Z;2021-05-31T08:09:12.579Z;1
969;11;83233;83279;X;2021-05-31T08:10:04.515Z;2021-05-31T08:10:06.228Z;1
970;11;84232;84285;X;2021-05-31T08:10:41.613Z;2021-05-31T08:10:43.476Z;1
971;11;85535;85612;X;2021-05-31T08:11:30.387Z;2021-05-31T08:11:33.250Z;1
972;11;87010;87090;X;2021-05-31T08:12:25.568Z;2021-05-31T08:12:28.523Z;1
973;11;88415;88462;X;2021-05-31T08:13:19.512Z;2021-05-31T08:13:21.286Z;1
974;11;89241;89290;X;2021-05-31T08:13:50.416Z;2021-05-31T08:13:52.229Z;1
975;05;9816;90529;-;2021-05-21T07:40:14.494Z;2021-05-21T08:30:45.665Z;54/54
976;05;9819;9995;X;2021-05-21T07:40:14.498Z;2021-05-21T07:40:21.230Z;0
977;05;11702;11810;X;2021-05-21T07:41:25.308Z;2021-05-21T07:41:29.243Z;0
978;05;13102;13157;X;2021-05-21T07:42:17.890Z;2021-05-21T07:42:19.979Z;0
979;05;14534;14678;X;2021-05-21T07:43:11.210Z;2021-05-21T07:43:16.659Z;0
980;05;15810;15865;X;2021-05-21T07:43:58.842Z;2021-05-21T07:44:00.866Z;0
981;05;17130;17200;X;2021-05-21T07:44:48.162Z;2021-05-21T07:44:50.806Z;0
982;05;18195;18248;X;2021-05-21T07:45:28.276Z;2021-05-21T07:45:30.250Z;0
983;05;19383;19435;X;2021-05-21T07:46:13.103Z;2021-05-21T07:46:15.026Z;0
984;05;20511;20604;X;2021-05-21T07:46:55.117Z;2021-05-21T07:46:58.649Z;0
985;05;21967;22012;X;2021-05-21T07:47:49.397Z;2021-05-21T07:47:51.104Z;0
986;05;23202;23286;X;2021-05-21T07:48:35.551Z;2021-05-21T07:48:38.701Z;0
987;05;24437;24515;X;2021-05-21T07:49:21.071Z;2021-05-21T07:49:23.987Z;0
988;05;25463;25575;X;2021-05-21T07:49:59.236Z;2021-05-21T07:50:03.411Z;0
989;05;27195;27254;X;2021-05-21T07:51:04.095Z;2021-05-21T07:51:06.312Z;0
990;05;28688;28740;X;2021-05-21T07:52:00.125Z;2021-05-21T07:52:02.078Z;0
991;05;29702;29764;X;2021-05-21T07:52:37.999Z;2021-05-21T07:52:40.367Z;0
992;05;31103;31160;X;2021-05-21T07:53:30.513Z;2021-05-21T07:53:32.683Z;0
993;05;32693;32769;X;2021-05-21T07:54:30.125Z;2021-05-21T07:54:32.856Z;0
994;05;41102;41275;X;2021-05-21T07:59:49.842Z;2021-05-21T07:59:56.246Z;0
995;05;42656;42744;X;2021-05-21T08:00:48.952Z;2021-05-21T08:00:52.238Z;0
996;05;43714;43779;X;2021-05-21T08:01:29.135Z;2021-05-21T08:01:31.564Z;0
997;05;44950;45040;X;2021-05-21T08:02:15.739Z;2021-05-21T08:02:19.191Z;0
998;05;46138;46208;X;2021-05-21T08:03:00.689Z;2021-05-21T08:03:03.389Z;0
999;05;47212;47273;X;2021-05-21T08:03:40.943Z;2021-05-21T08:03:43.209Z;0
1000;05;48186;48272;X;2021-05-21T08:04:17.168Z;2021-05-21T08:04:20.433Z;0
1001;05;49380;49443;X;2021-05-21T08:05:01.396Z;2021-05-21T08:05:03.821Z;0
1002;05;50793;50858;X;2021-05-21T08:05:55.298Z;2021-05-21T08:05:57.771Z;0
1003;05;52219;52330;X;2021-05-21T08:06:49.721Z;2021-05-21T08:06:53.894Z;0
1004;05;53674;53766;X;2021-05-21T08:07:44.109Z;2021-05-21T08:07:47.538Z;0
1005;05;54990;55063;X;2021-05-21T08:08:33.595Z;2021-05-21T08:08:36.245Z;0
1006;05;56502;56564;X;2021-05-21T08:09:30.227Z;2021-05-21T08:09:32.526Z;0
1007;05;57442;57512;X;2021-05-21T08:10:04.903Z;2021-05-21T08:10:07.604Z;0
1008;05;59047;59132;X;2021-05-21T08:11:05.368Z;2021-05-21T08:11:08.513Z;0
1009;05;60397;60464;X;2021-05-21T08:11:56.607Z;2021-05-21T08:11:59.086Z;0
1010;05;61502;61564;X;2021-05-21T08:12:37.799Z;2021-05-21T08:12:40.019Z;0
1011;05;62834;62906;X;2021-05-21T08:13:27.129Z;2021-05-21T08:13:29.706Z;0
1012;05;67858;67998;X;2021-05-21T08:16:38.756Z;2021-05-21T08:16:44.134Z;0
1013;05;69224;69295;X;2021-05-21T08:17:29.665Z;2021-05-21T08:17:32.381Z;0
1014;05;70587;70650;X;2021-05-21T08:18:20.609Z;2021-05-21T08:18:22.908Z;0
1015;05;71430;71485;X;2021-05-21T08:18:51.476Z;2021-05-21T08:18:53.600Z;0
1016;05;72791;72849;X;2021-05-21T08:19:42.482Z;2021-05-21T08:19:44.664Z;0
1017;05;73715;73786;X;2021-05-21T08:20:16.715Z;2021-05-21T08:20:19.322Z;0
1018;05;75317;75400;X;2021-05-21T08:21:16.197Z;2021-05-21T08:21:19.344Z;0
1019;05;76353;76471;X;2021-05-21T08:21:55.002Z;2021-05-21T08:21:59.535Z;0
1020;05;77909;77963;X;2021-05-21T08:22:52.996Z;2021-05-21T08:22:55.136Z;0
1021;05;79203;79250;X;2021-05-21T08:23:41.714Z;2021-05-21T08:23:43.487Z;0
1022;05;80157;80239;X;2021-05-21T08:24:17.021Z;2021-05-21T08:24:20.184Z;0
1023;05;81552;81690;X;2021-05-21T08:25:09.672Z;2021-05-21T08:25:14.958Z;0
1024;05;82855;82916;X;2021-05-21T08:25:59.314Z;2021-05-21T08:26:01.614Z;0
1025;05;84013;84070;X;2021-05-21T08:26:42.978Z;2021-05-21T08:26:45.212Z;0
1026;05;85590;85673;X;2021-05-21T08:27:42.164Z;2021-05-21T08:27:45.096Z;0
1027;05;86694;86763;X;2021-05-21T08:28:22.777Z;2021-05-21T08:28:25.472Z;0
1028;05;88000;88066;X;2021-05-21T08:29:11.641Z;2021-05-21T08:29:14.090Z;0
1029;05;89407;89483;X;2021-05-21T08:30:04.092Z;2021-05-21T08:30:06.914Z;0
1030;13;25026;157342;-;2021-06-15T09:48:35.551Z;2021-06-15T11:11:44.154Z;54/54
1031;13;25030;25175;X;2021-06-15T09:48:35.556Z;2021-06-15T09:48:41.079Z;0
1032;13;28471;28583;X;2021-06-15T09:50:49.041Z;2021-06-15T09:50:53.328Z;0
1033;13;31246;31367;X;2021-06-15T09:52:34.915Z;2021-06-15T09:52:39.509Z;0
1034;13;33939;34096;X;2021-06-15T09:54:16.716Z;2021-06-15T09:54:22.709Z;0
1035;13;36177;36807;X;2021-06-15T09:55:42.288Z;2021-06-15T09:56:06.915Z;0
1036;13;39035;39129;X;2021-06-15T09:57:33.106Z;2021-06-15T09:57:36.611Z;0
1037;13;40655;40773;X;2021-06-15T09:58:35.345Z;2021-06-15T09:58:39.809Z;0
1038;13;44430;44715;X;2021-06-15T10:01:00.436Z;2021-06-15T10:01:11.117Z;0
1039;13;45987;46299;X;2021-06-15T10:01:58.200Z;2021-06-15T10:02:09.769Z;0
1040;13;51184;51312;X;2021-06-15T10:05:15.693Z;2021-06-15T10:05:20.484Z;0
1041;13;52953;53057;X;2021-06-15T10:06:21.871Z;2021-06-15T10:06:25.926Z;0
1042;13;54280;55070;X;2021-06-15T10:07:11.655Z;2021-06-15T10:07:41.666Z;0
1043;13;56121;56297;X;2021-06-15T10:08:20.823Z;2021-06-15T10:08:27.507Z;0
1044;13;58677;58740;X;2021-06-15T10:09:55.851Z;2021-06-15T10:09:58.186Z;0
1045;13;60770;60850;X;2021-06-15T10:11:14.654Z;2021-06-15T10:11:17.611Z;0
1046;13;63217;65404;X;2021-06-15T10:12:45.854Z;2021-06-15T10:14:08.614Z;0
1047;13;67106;67233;X;2021-06-15T10:15:11.935Z;2021-06-15T10:15:16.825Z;0
1048;13;68915;69111;X;2021-06-15T10:16:20.333Z;2021-06-15T10:16:27.688Z;0
1049;13;70402;78231;X;2021-06-15T10:17:15.765Z;2021-06-15T10:22:15.057Z;0
1050;13;80066;80131;X;2021-06-15T10:23:23.845Z;2021-06-15T10:23:26.261Z;0
1051;13;82628;83013;X;2021-06-15T10:25:00.615Z;2021-06-15T10:25:15.518Z;0
1052;13;84858;85198;X;2021-06-15T10:26:25.089Z;2021-06-15T10:26:37.991Z;0
1053;13;86869;86972;X;2021-06-15T10:27:40.807Z;2021-06-15T10:27:44.674Z;0
1054;13;88219;88347;X;2021-06-15T10:28:30.726Z;2021-06-15T10:28:35.583Z;0
1055;13;89882;89937;X;2021-06-15T10:29:32.947Z;2021-06-15T10:29:34.989Z;0
1056;13;91904;91968;X;2021-06-15T10:30:48.745Z;2021-06-15T10:30:51.166Z;0
1057;13;95670;95848;X;2021-06-15T10:33:10.885Z;2021-06-15T10:33:17.643Z;0
1058;13;98192;98284;X;2021-06-15T10:34:45.633Z;2021-06-15T10:34:49.149Z;0
1059;13;102707;102771;X;2021-06-15T10:37:36.634Z;2021-06-15T10:37:39.117Z;0
1060;13;104129;104216;X;2021-06-15T10:38:29.890Z;2021-06-15T10:38:33.138Z;0
1061;13;106563;106701;X;2021-06-15T10:40:01.588Z;2021-06-15T10:40:06.771Z;0
1062;13;108411;108537;X;2021-06-15T10:41:10.493Z;2021-06-15T10:41:15.239Z;0
1063;13;110430;110486;X;2021-06-15T10:42:25.890Z;2021-06-15T10:42:28.062Z;0
1064;13;112078;112157;X;2021-06-15T10:43:28.091Z;2021-06-15T10:43:31.147Z;0
1065;13;113558;113634;X;2021-06-15T10:44:23.358Z;2021-06-15T10:44:26.229Z;0
1066;13;115056;115147;X;2021-06-15T10:45:19.936Z;2021-06-15T10:45:23.263Z;0
1067;13;116639;116775;X;2021-06-15T10:46:19.215Z;2021-06-15T10:46:24.411Z;0
1068;13;125795;125856;X;2021-06-15T10:52:05.278Z;2021-06-15T10:52:07.583Z;0
1069;13;127339;127602;X;2021-06-15T10:53:03.121Z;2021-06-15T10:53:13.119Z;0
1070;13;130282;130716;X;2021-06-15T10:54:54.009Z;2021-06-15T10:55:10.463Z;0
1071;13;132580;132822;X;2021-06-15T10:56:20.077Z;2021-06-15T10:56:29.107Z;0
1072;13;134209;134266;X;2021-06-15T10:57:20.820Z;2021-06-15T10:57:22.903Z;0
1073;13;135613;135679;X;2021-06-15T10:58:12.777Z;2021-06-15T10:58:15.160Z;0
1074;13;137260;137682;X;2021-06-15T10:59:14.437Z;2021-06-15T10:59:30.308Z;0
1075;13;140926;141035;X;2021-06-15T11:01:32.735Z;2021-06-15T11:01:36.831Z;0
1076;13;142385;142444;X;2021-06-15T11:02:27.066Z;2021-06-15T11:02:29.181Z;0
1077;13;144218;144279;X;2021-06-15T11:03:35.009Z;2021-06-15T11:03:37.220Z;0
1078;13;146789;146847;X;2021-06-15T11:05:12.142Z;2021-06-15T11:05:14.270Z;0
1079;13;148589;148666;X;2021-06-15T11:06:19.392Z;2021-06-15T11:06:22.343Z;0
1080;13;149976;150037;X;2021-06-15T11:07:10.807Z;2021-06-15T11:07:13.067Z;0
1081;13;151099;151283;X;2021-06-15T11:07:52.458Z;2021-06-15T11:07:59.273Z;0
1082;13;152659;152839;X;2021-06-15T11:08:50.570Z;2021-06-15T11:08:57.237Z;0
1083;13;154031;154088;X;2021-06-15T11:09:41.273Z;2021-06-15T11:09:43.274Z;0
1084;13;156029;156111;X;2021-06-15T11:10:55.439Z;2021-06-15T11:10:58.497Z;0
1085;07;11565;162376;-;2021-05-21T12:50:07.258Z;2021-05-21T14:23:47.506Z;54/54
1086;07;11569;11638;X;2021-05-21T12:50:07.263Z;2021-05-21T12:50:09.760Z;0
1087;07;13662;13888;X;2021-05-21T12:51:25.323Z;2021-05-21T12:51:33.822Z;0
1088;07;16792;16919;X;2021-05-21T12:53:21.809Z;2021-05-21T12:53:26.501Z;0
1089;07;18973;19126;X;2021-05-21T12:54:43.375Z;2021-05-21T12:54:49.188Z;0
1090;07;22148;22417;X;2021-05-21T12:56:42.041Z;2021-05-21T12:56:52.190Z;0
1091;07;24153;24224;X;2021-05-21T12:57:56.250Z;2021-05-21T12:57:58.935Z;0
1092;07;25652;25820;X;2021-05-21T12:58:51.503Z;2021-05-21T12:58:57.730Z;0
1093;07;27260;27327;X;2021-05-21T12:59:50.822Z;2021-05-21T12:59:53.299Z;0
1094;07;29478;29664;X;2021-05-21T13:01:12.951Z;2021-05-21T13:01:19.813Z;0
1095;07;31404;32201;X;2021-05-21T13:02:24.641Z;2021-05-21T13:02:54.803Z;0
1096;07;34436;34930;X;2021-05-21T13:04:18.578Z;2021-05-21T13:04:37.218Z;0
1097;07;37717;37765;X;2021-05-21T13:06:21.284Z;2021-05-21T13:06:23.062Z;0
1098;07;39244;39386;X;2021-05-21T13:07:17.846Z;2021-05-21T13:07:23.140Z;0
1099;07;43192;43290;X;2021-05-21T13:09:46.303Z;2021-05-21T13:09:49.833Z;0
1100;07;45238;45289;X;2021-05-21T13:11:01.967Z;2021-05-21T13:11:03.865Z;0
1101;07;47464;47618;X;2021-05-21T13:12:25.676Z;2021-05-21T13:12:31.414Z;0
1102;07;49086;49207;X;2021-05-21T13:13:25.896Z;2021-05-21T13:13:30.345Z;0
1103;07;52418;52607;X;2021-05-21T13:15:29.267Z;2021-05-21T13:15:36.354Z;0
1104;07;54459;78217;X;2021-05-21T13:16:44.713Z;2021-05-21T13:31:39.853Z;0
1105;07;80776;80921;X;2021-05-21T13:33:15.058Z;2021-05-21T13:33:20.663Z;0
1106;07;83085;83137;X;2021-05-21T13:34:40.856Z;2021-05-21T13:34:42.709Z;0
1107;07;85551;85699;X;2021-05-21T13:36:12.608Z;2021-05-21T13:36:18.161Z;0
1108;07;87321;87402;X;2021-05-21T13:37:18.583Z;2021-05-21T13:37:21.459Z;0
1109;07;89057;89200;X;2021-05-21T13:38:22.562Z;2021-05-21T13:38:27.907Z;0
1110;07;90623;90700;X;2021-05-21T13:39:20.302Z;2021-05-21T13:39:23.193Z;0
1111;07;91669;91756;X;2021-05-21T13:39:58.864Z;2021-05-21T13:40:02.073Z;0
1112;07;93290;93369;X;2021-05-21T13:40:58.628Z;2021-05-21T13:41:01.535Z;0
1113;07;95281;95332;X;2021-05-21T13:42:12.233Z;2021-05-21T13:42:13.981Z;0
1114;07;96692;96787;X;2021-05-21T13:43:03.955Z;2021-05-21T13:43:07.540Z;0
1115;07;98883;99049;X;2021-05-21T13:44:25.259Z;2021-05-21T13:44:31.259Z;0
1116;07;100511;100584;X;2021-05-21T13:45:25.162Z;2021-05-21T13:45:27.932Z;0
1117;07;103320;103374;X;2021-05-21T13:47:10.922Z;2021-05-21T13:47:12.866Z;0
1118;07;104925;104986;X;2021-05-21T13:48:09.883Z;2021-05-21T13:48:12.227Z;0
1119;07;106551;106632;X;2021-05-21T13:49:10.046Z;2021-05-21T13:49:13.173Z;0
1120;07;108316;108449;X;2021-05-21T13:50:15.397Z;2021-05-21T13:50:20.466Z;0
1121;07;110250;110998;X;2021-05-21T13:51:27.877Z;2021-05-21T13:51:55.575Z;0
1122;07;119840;120002;X;2021-05-21T13:57:27.234Z;2021-05-21T13:57:33.173Z;0
1123;07;122195;122274;X;2021-05-21T13:58:54.271Z;2021-05-21T13:58:57.152Z;0
1124;07;124279;124330;X;2021-05-21T14:00:11.757Z;2021-05-21T14:00:13.683Z;0
1125;07;125781;125886;X;2021-05-21T14:01:07.308Z;2021-05-21T14:01:11.262Z;0
1126;07;127368;127491;X;2021-05-21T14:02:05.698Z;2021-05-21T14:02:10.373Z;0
1127;07;128789;128865;X;2021-05-21T14:02:57.453Z;2021-05-21T14:03:00.144Z;0
1128;07;130752;130836;X;2021-05-21T14:04:10.012Z;2021-05-21T14:04:13.189Z;0
1129;07;132689;132765;X;2021-05-21T14:05:21.348Z;2021-05-21T14:05:24.174Z;0
1130;07;136316;136449;X;2021-05-21T14:07:37.747Z;2021-05-21T14:07:42.731Z;0
1131;07;137768;137924;X;2021-05-21T14:08:31.452Z;2021-05-21T14:08:37.316Z;0
1132;07;139186;139257;X;2021-05-21T14:09:23.571Z;2021-05-21T14:09:26.262Z;0
1133;07;140726;140785;X;2021-05-21T14:10:19.878Z;2021-05-21T14:10:21.999Z;0
1134;07;145052;145122;X;2021-05-21T14:13:01.013Z;2021-05-21T14:13:03.482Z;0
1135;07;152575;152655;X;2021-05-21T14:17:43.115Z;2021-05-21T14:17:46.018Z;0
1136;07;153882;154683;X;2021-05-21T14:18:31.449Z;2021-05-21T14:19:01.349Z;0
1137;07;157659;157740;X;2021-05-21T14:20:53.411Z;2021-05-21T14:20:56.313Z;0
1138;07;159475;159548;X;2021-05-21T14:22:00.206Z;2021-05-21T14:22:02.864Z;0
1139;07;161179;161258;X;2021-05-21T14:23:03.420Z;2021-05-21T14:23:06.310Z;0
1140;06;7821;124671;-;2021-05-21T09:29:09.365Z;2021-05-21T10:41:39.925Z;54/54
1141;06;7824;8636;X;2021-05-21T09:29:09.369Z;2021-05-21T09:29:39.935Z;0
1142;06;11337;11546;X;2021-05-21T09:31:20.680Z;2021-05-21T09:31:28.268Z;0
1143;06;13969;14184;X;2021-05-21T09:32:58.262Z;2021-05-21T09:33:06.404Z;0
1144;06;16314;16671;X;2021-05-21T09:34:25.026Z;2021-05-21T09:34:38.549Z;0
1145;06;18739;18891;X;2021-05-21T09:35:55.341Z;2021-05-21T09:36:01.032Z;0
1146;06;21420;21486;X;2021-05-21T09:37:35.391Z;2021-05-21T09:37:37.724Z;0
1147;06;23312;23471;X;2021-05-21T09:38:45.222Z;2021-05-21T09:38:51.242Z;0
1148;06;25444;25673;X;2021-05-21T09:40:04.583Z;2021-05-21T09:40:13.144Z;0
1149;06;28047;28299;X;2021-05-21T09:41:41.682Z;2021-05-21T09:41:50.975Z;0
1150;06;30016;30065;X;2021-05-21T09:42:55.114Z;2021-05-21T09:42:56.922Z;0
1151;06;31467;31519;X;2021-05-21T09:43:48.553Z;2021-05-21T09:43:50.418Z;0
1152;06;34078;34139;X;2021-05-21T09:45:26.052Z;2021-05-21T09:45:28.336Z;0
1153;06;35588;35732;X;2021-05-21T09:46:22.087Z;2021-05-21T09:46:27.505Z;0
1154;06;37857;38333;X;2021-05-21T09:47:47.189Z;2021-05-21T09:48:05.311Z;0
1155;06;39535;39582;X;2021-05-21T09:48:49.725Z;2021-05-21T09:48:51.444Z;0
1156;06;40821;40878;X;2021-05-21T09:49:37.306Z;2021-05-21T09:49:39.363Z;0
1157;06;42456;42510;X;2021-05-21T09:50:38.198Z;2021-05-21T09:50:40.175Z;0
1158;06;43705;43937;X;2021-05-21T09:51:24.037Z;2021-05-21T09:51:32.666Z;0
1159;06;45185;52591;X;2021-05-21T09:52:18.935Z;2021-05-21T09:56:58.952Z;0
1160;06;54714;54843;X;2021-05-21T09:58:17.912Z;2021-05-21T09:58:22.585Z;0
1161;06;56249;56381;X;2021-05-21T09:59:13.805Z;2021-05-21T09:59:18.546Z;0
1162;06;58527;58617;X;2021-05-21T10:00:37.878Z;2021-05-21T10:00:41.364Z;0
1163;06;60001;60158;X;2021-05-21T10:01:32.885Z;2021-05-21T10:01:38.973Z;0
1164;06;61246;61314;X;2021-05-21T10:02:19.647Z;2021-05-21T10:02:22.077Z;0
1165;06;62529;62614;X;2021-05-21T10:03:06.483Z;2021-05-21T10:03:09.712Z;0
1166;06;64018;64075;X;2021-05-21T10:04:01.530Z;2021-05-21T10:04:03.664Z;0
1167;06;65455;65541;X;2021-05-21T10:04:54.918Z;2021-05-21T10:04:58.174Z;0
1168;06;67342;67538;X;2021-05-21T10:06:05.310Z;2021-05-21T10:06:12.758Z;0
1169;06;69438;69629;X;2021-05-21T10:07:23.159Z;2021-05-21T10:07:30.170Z;0
1170;06;71012;71073;X;2021-05-21T10:08:21.051Z;2021-05-21T10:08:23.325Z;0
1171;06;72370;72482;X;2021-05-21T10:09:10.981Z;2021-05-21T10:09:15.196Z;0
1172;06;74128;74238;X;2021-05-21T10:10:15.798Z;2021-05-21T10:10:19.870Z;0
1173;06;75841;76243;X;2021-05-21T10:11:19.216Z;2021-05-21T10:11:34.185Z;0
1174;06;77471;77540;X;2021-05-21T10:12:19.389Z;2021-05-21T10:12:21.884Z;0
1175;06;80502;80603;X;2021-05-21T10:14:12.581Z;2021-05-21T10:14:16.329Z;0
1176;06;82952;83060;X;2021-05-21T10:15:43.457Z;2021-05-21T10:15:47.493Z;0
1177;06;84120;84175;X;2021-05-21T10:16:26.676Z;2021-05-21T10:16:28.677Z;0
1178;06;92609;92713;X;2021-05-21T10:21:47.001Z;2021-05-21T10:21:50.801Z;0
1179;06;94007;94088;X;2021-05-21T10:22:39.136Z;2021-05-21T10:22:42.122Z;0
1180;06;96688;96777;X;2021-05-21T10:24:18.396Z;2021-05-21T10:24:21.886Z;0
1181;06;98096;98183;X;2021-05-21T10:25:10.479Z;2021-05-21T10:25:13.658Z;0
1182;06;99336;99382;X;2021-05-21T10:25:56.448Z;2021-05-21T10:25:58.209Z;0
1183;06;100690;100893;X;2021-05-21T10:26:46.870Z;2021-05-21T10:26:54.580Z;0
1184;06;102657;102987;X;2021-05-21T10:28:00.778Z;2021-05-21T10:28:13.373Z;0
1185;06;105342;105441;X;2021-05-21T10:29:41.835Z;2021-05-21T10:29:45.552Z;0
1186;06;106657;106745;X;2021-05-21T10:30:31.041Z;2021-05-21T10:30:34.269Z;0
1187;06;109032;109102;X;2021-05-21T10:31:59.253Z;2021-05-21T10:32:01.747Z;0
1188;06;110860;111193;X;2021-05-21T10:33:07.884Z;2021-05-21T10:33:20.520Z;0
1189;06;114354;114616;X;2021-05-21T10:35:18.115Z;2021-05-21T10:35:27.966Z;0
1190;06;116299;116787;X;2021-05-21T10:36:29.907Z;2021-05-21T10:36:47.990Z;0
1191;06;117935;118103;X;2021-05-21T10:37:30.257Z;2021-05-21T10:37:36.436Z;0
1192;06;119921;119971;X;2021-05-21T10:38:44.194Z;2021-05-21T10:38:46.117Z;0
1193;06;121246;121332;X;2021-05-21T10:39:33.514Z;2021-05-21T10:39:36.676Z;0
1194;06;123194;123273;X;2021-05-21T10:40:45.591Z;2021-05-21T10:40:48.523Z;0
1195;12;8282;98344;-;2021-05-31T09:23:13.300Z;2021-05-31T10:18:50.856Z;54/54
1196;12;8286;8912;X;2021-05-31T09:23:13.306Z;2021-05-31T09:23:37.447Z;0
1197;12;10681;10749;X;2021-05-31T09:24:43.400Z;2021-05-31T09:24:45.987Z;0
1198;12;12319;12374;X;2021-05-31T09:25:43.551Z;2021-05-31T09:25:45.572Z;0
1199;12;13482;13537;X;2021-05-31T09:26:26.182Z;2021-05-31T09:26:28.094Z;0
1200;12;14653;14706;X;2021-05-31T09:27:09.283Z;2021-05-31T09:27:11.260Z;0
1201;12;15977;16027;X;2021-05-31T09:27:58.429Z;2021-05-31T09:28:00.292Z;0
1202;12;17271;17322;X;2021-05-31T09:28:45.346Z;2021-05-31T09:28:47.173Z;0
1203;12;18913;18964;X;2021-05-31T09:29:45.474Z;2021-05-31T09:29:47.424Z;0
1204;12;20147;20255;X;2021-05-31T09:30:31.014Z;2021-05-31T09:30:35.042Z;0
1205;12;21754;21809;X;2021-05-31T09:31:30.856Z;2021-05-31T09:31:32.849Z;0
1206;12;23188;23250;X;2021-05-31T09:32:23.784Z;2021-05-31T09:32:26.013Z;0
1207;12;24373;24491;X;2021-05-31T09:33:07.144Z;2021-05-31T09:33:11.322Z;0
1208;12;25722;25769;X;2021-05-31T09:33:56.367Z;2021-05-31T09:33:58.082Z;0
1209;12;27077;27149;X;2021-05-31T09:34:46.493Z;2021-05-31T09:34:49.108Z;0
1210;12;28460;28555;X;2021-05-31T09:35:37.730Z;2021-05-31T09:35:41.197Z;0
1211;12;30312;30368;X;2021-05-31T09:36:47.264Z;2021-05-31T09:36:49.289Z;0
1212;12;31736;31790;X;2021-05-31T09:37:40.029Z;2021-05-31T09:37:41.963Z;0
1213;12;33175;33282;X;2021-05-31T09:38:32.821Z;2021-05-31T09:38:36.818Z;0
1214;12;34749;44359;X;2021-05-31T09:39:31.256Z;2021-05-31T09:45:33.381Z;0
1215;12;45733;45796;X;2021-05-31T09:46:24.003Z;2021-05-31T09:46:26.180Z;0
1216;12;47167;47227;X;2021-05-31T09:47:17.016Z;2021-05-31T09:47:19.252Z;0
1217;12;48368;48457;X;2021-05-31T09:48:00.987Z;2021-05-31T09:48:04.299Z;0
1218;12;49701;49971;X;2021-05-31T09:48:50.132Z;2021-05-31T09:49:00.286Z;0
1219;12;51214;51264;X;2021-05-31T09:49:45.855Z;2021-05-31T09:49:47.668Z;0
1220;12;52503;52602;X;2021-05-31T09:50:33.361Z;2021-05-31T09:50:37.044Z;0
1221;12;53618;53663;X;2021-05-31T09:51:14.340Z;2021-05-31T09:51:16.099Z;0
1222;12;55149;55198;X;2021-05-31T09:52:11.415Z;2021-05-31T09:52:13.226Z;0
1223;12;56507;56593;X;2021-05-31T09:53:01.355Z;2021-05-31T09:53:04.406Z;0
1224;12;57613;57662;X;2021-05-31T09:53:42.285Z;2021-05-31T09:53:44.071Z;0
1225;12;58965;59043;X;2021-05-31T09:54:32.023Z;2021-05-31T09:54:35.048Z;0
1226;12;60442;60499;X;2021-05-31T09:55:26.495Z;2021-05-31T09:55:28.554Z;0
1227;12;61598;61673;X;2021-05-31T09:56:09.458Z;2021-05-31T09:56:12.375Z;0
1228;12;62926;62981;X;2021-05-31T09:56:58.692Z;2021-05-31T09:57:00.639Z;0
1229;12;64173;64249;X;2021-05-31T09:57:44.509Z;2021-05-31T09:57:47.460Z;0
1230;12;65379;65429;X;2021-05-31T09:58:29.337Z;2021-05-31T09:58:31.209Z;0
1231;12;66696;66781;X;2021-05-31T09:59:18.106Z;2021-05-31T09:59:21.151Z;0
1232;12;67835;75216;X;2021-05-31T10:00:00.112Z;2021-05-31T10:04:37.583Z;0
1233;12;76325;76380;X;2021-05-31T10:05:17.981Z;2021-05-31T10:05:20.020Z;0
1234;12;77762;77811;X;2021-05-31T10:06:11.534Z;2021-05-31T10:06:13.341Z;0
1235;12;78763;78842;X;2021-05-31T10:06:48.910Z;2021-05-31T10:06:51.803Z;0
1236;12;79756;79806;X;2021-05-31T10:07:25.744Z;2021-05-31T10:07:27.638Z;0
1237;12;81041;81101;X;2021-05-31T10:08:13.341Z;2021-05-31T10:08:15.584Z;0
1238;12;82360;82410;X;2021-05-31T10:09:01.694Z;2021-05-31T10:09:03.436Z;0
1239;12;83855;83906;X;2021-05-31T10:09:56.434Z;2021-05-31T10:09:58.198Z;0
1240;12;85202;85312;X;2021-05-31T10:10:45.944Z;2021-05-31T10:10:50.070Z;0
1241;12;86549;86597;X;2021-05-31T10:11:35.803Z;2021-05-31T10:11:37.587Z;0
1242;12;87687;87736;X;2021-05-31T10:12:17.714Z;2021-05-31T10:12:19.513Z;0
1243;12;89008;89056;X;2021-05-31T10:13:06.447Z;2021-05-31T10:13:08.151Z;0
1244;12;90487;90575;X;2021-05-31T10:14:01.234Z;2021-05-31T10:14:04.312Z;0
1245;12;91827;91910;X;2021-05-31T10:14:50.781Z;2021-05-31T10:14:53.920Z;0
1246;12;92818;92867;X;2021-05-31T10:15:27.660Z;2021-05-31T10:15:29.476Z;0
1247;12;94406;94494;X;2021-05-31T10:16:26.347Z;2021-05-31T10:16:29.759Z;0
1248;12;95739;95835;X;2021-05-31T10:17:15.548Z;2021-05-31T10:17:19.135Z;0
1249;12;97052;97154;X;2021-05-31T10:18:03.886Z;2021-05-31T10:18:07.589Z;0
