;Proband;MappingMethod;NumLayers;Completed_Num;Completed_Total;Completed_Avg;Failed_Num;Failed_Total;Failed_Avg;Terminated_Num;Terminated_Total;Terminated_Avg;Sum_Num;Sum_Total;All_Avg
0;1; densening;6;9.0;65.21600000000001;7.246222222222223;0.0;0.0;0.0;6.0;25.868;4.311333333333333;15.0;91.084;6.072266666666667
1;1; densening;9;11.0;75.472;6.861090909090908;0.0;0.0;0.0;4.0;16.723999999999997;4.180999999999999;15.0;92.196;6.1464
2;1; densening;12;10.0;298.49800000000005;29.849800000000005;0.0;0.0;0.0;5.0;31.782000000000004;6.356400000000001;15.0;330.28000000000003;22.018666666666668
3;1; densening;15;14.0;112.09000000000002;8.006428571428573;0.0;0.0;0.0;1.0;6.837999999999999;6.837999999999999;15.0;118.92800000000001;7.928533333333334
4;1; densening;18;10.0;88.58600000000001;8.858600000000001;0.0;0.0;0.0;5.0;34.726000000000006;6.945200000000002;15.0;123.31200000000001;8.2208
5;1; densening;21;10.0;85.357;8.5357;0.0;0.0;0.0;5.0;40.676;8.135200000000001;15.0;126.033;8.4022
6;1; direct;6;10.0;70.66799999999999;7.066799999999999;0.0;0.0;0.0;5.0;23.049999999999997;4.609999999999999;15.0;93.71799999999999;6.247866666666666
7;1; direct;9;12.0;98.234;8.186166666666667;0.0;0.0;0.0;3.0;27.776000000000003;9.258666666666668;15.0;126.00999999999999;8.400666666666666
8;1; direct;12;10.0;91.84;9.184000000000001;0.0;0.0;0.0;5.0;26.481;5.296200000000001;15.0;118.321;7.888066666666666
9;1; direct;15;9.0;73.80599999999998;8.200666666666665;1.0;10.104;10.104;5.0;38.63399999999999;7.726799999999999;15.0;122.54399999999998;8.169599999999999
10;1; direct;18;10.0;77.30900000000001;7.730900000000001;1.0;9.593;9.593;4.0;28.318000000000005;7.079500000000001;15.0;115.22000000000003;7.681333333333336
11;1; direct;21;10.0;93.245;9.3245;1.0;8.982000000000003;8.982000000000003;4.0;84.01400000000001;21.003500000000003;15.0;186.241;12.416066666666667
12;1; widening;6;8.0;122.90700000000002;15.363375000000003;0.0;0.0;0.0;7.0;29.701000000000004;4.243;15.0;152.60800000000003;10.173866666666669
13;1; widening;9;8.0;52.295;6.536875;0.0;0.0;0.0;7.0;66.454;9.49342857142857;15.0;118.749;7.9166
14;1; widening;12;9.0;62.64700000000001;6.960777777777779;1.0;8.897;8.897;5.0;32.660000000000004;6.532000000000001;15.0;104.20400000000001;6.946933333333334
15;1; widening;15;10.0;91.863;9.1863;1.0;15.782000000000002;15.782000000000002;4.0;25.232000000000003;6.308000000000001;15.0;132.877;8.858466666666667
16;1; widening;18;11.0;96.472;8.770181818181818;0.0;0.0;0.0;4.0;49.422;12.3555;15.0;145.894;9.726266666666668
17;1; widening;21;7.0;60.256;8.608;2.0;21.96;10.98;6.0;44.16;7.359999999999999;15.0;126.376;8.425066666666668
18;2; densening;6;14.0;93.79599999999999;6.699714285714285;0.0;0.0;0.0;1.0;3.73;3.73;15.0;97.526;6.501733333333333
19;2; densening;9;15.0;332.74800000000005;22.183200000000003;0.0;0.0;0.0;0.0;0.0;0.0;15.0;332.74800000000005;22.183200000000003
20;2; densening;12;15.0;129.39499999999998;8.626333333333331;0.0;0.0;0.0;0.0;0.0;0.0;15.0;129.39499999999998;8.626333333333331
21;2; densening;15;13.0;170.945;13.149615384615384;0.0;0.0;0.0;2.0;22.131999999999998;11.065999999999999;15.0;193.077;12.8718
22;2; densening;18;13.0;178.285;13.714230769230769;0.0;0.0;0.0;2.0;17.778000000000002;8.889000000000001;15.0;196.063;13.070866666666666
23;2; densening;21;13.0;176.517;13.57823076923077;0.0;0.0;0.0;2.0;22.195;11.0975;15.0;198.712;13.247466666666666
24;2; direct;6;13.0;85.82700000000001;6.602076923076924;0.0;0.0;0.0;2.0;12.382000000000001;6.191000000000001;15.0;98.20900000000002;6.547266666666668
25;2; direct;9;13.0;128.744;9.903384615384615;0.0;0.0;0.0;2.0;15.519000000000002;7.759500000000001;15.0;144.263;9.617533333333334
26;2; direct;12;14.0;163.986;11.713285714285714;1.0;7.271000000000001;7.271000000000001;0.0;0.0;0.0;15.0;171.257;11.417133333333334
27;2; direct;15;14.0;119.10399999999998;8.507428571428571;0.0;0.0;0.0;1.0;20.177;20.177;15.0;139.28099999999998;9.2854
28;2; direct;18;12.0;123.319;10.276583333333333;0.0;0.0;0.0;3.0;114.471;38.157000000000004;15.0;237.79000000000002;15.852666666666668
29;2; direct;21;10.0;122.195;12.2195;1.0;8.875;8.875;4.0;41.822;10.4555;15.0;172.892;11.526133333333332
30;2; widening;6;12.0;853.5960000000001;71.13300000000001;0.0;0.0;0.0;3.0;13.352000000000004;4.450666666666668;15.0;866.9480000000001;57.796533333333336
31;2; widening;9;13.0;107.459;8.266076923076923;0.0;0.0;0.0;2.0;9.525;4.7625;15.0;116.98400000000001;7.798933333333334
32;2; widening;12;11.0;139.499;12.681727272727272;1.0;7.706;7.706;3.0;27.880000000000003;9.293333333333335;15.0;175.08499999999998;11.672333333333333
33;2; widening;15;7.0;74.037;10.576714285714287;1.0;8.288;8.288;7.0;74.396;10.628;15.0;156.721;10.448066666666668
34;2; widening;18;11.0;149.755;13.614090909090908;3.0;35.269000000000005;11.756333333333336;1.0;7.666;7.666;15.0;192.69;12.846
35;2; widening;21;10.0;137.66400000000002;13.7664;2.0;17.685000000000002;8.842500000000001;3.0;33.995999999999995;11.331999999999999;15.0;189.34500000000003;12.623000000000001
36;3; densening;6;10.0;59.652;5.9652;1.0;5.376;5.376;4.0;20.272000000000002;5.0680000000000005;15.0;85.30000000000001;5.686666666666667
37;3; densening;9;11.0;88.73299999999999;8.066636363636363;0.0;0.0;0.0;4.0;21.418;5.3545;15.0;110.15099999999998;7.343399999999999
38;3; densening;12;7.0;74.21600000000001;10.602285714285715;0.0;0.0;0.0;8.0;39.286;4.91075;15.0;113.50200000000001;7.566800000000001
39;3; densening;15;12.0;131.5;10.958333333333334;0.0;0.0;0.0;3.0;34.093;11.364333333333335;15.0;165.59300000000002;11.039533333333335
40;3; densening;18;10.0;129.538;12.953800000000001;0.0;0.0;0.0;5.0;88.171;17.6342;15.0;217.709;14.513933333333334
41;3; densening;21;6.0;94.083;15.6805;0.0;0.0;0.0;9.0;108.287;12.03188888888889;15.0;202.37;13.491333333333333
42;3; direct;6;5.0;32.596000000000004;6.5192000000000005;1.0;3.753;3.753;9.0;79.428;8.825333333333333;15.0;115.777;7.718466666666667
43;3; direct;9;5.0;42.98500000000001;8.597000000000001;1.0;6.181;6.181;9.0;56.64;6.293333333333333;15.0;105.80600000000001;7.0537333333333345
44;3; direct;12;5.0;47.041;9.408199999999999;0.0;0.0;0.0;10.0;81.108;8.110800000000001;15.0;128.149;8.543266666666666
45;3; direct;15;6.0;68.798;11.466333333333333;0.0;0.0;0.0;9.0;76.128;8.458666666666666;15.0;144.926;9.661733333333332
46;3; direct;18;7.0;68.416;9.773714285714286;1.0;26.796000000000006;26.796000000000006;7.0;148.36100000000002;21.194428571428574;15.0;243.57300000000004;16.238200000000003
47;3; direct;21;6.0;61.665000000000006;10.277500000000002;0.0;0.0;0.0;9.0;150.626;16.736222222222224;15.0;212.291;14.152733333333334
48;3; widening;6;8.0;253.61400000000003;31.701750000000004;0.0;0.0;0.0;7.0;28.162000000000003;4.023142857142857;15.0;281.776;18.78506666666667
49;3; widening;9;8.0;63.52400000000001;7.940500000000001;1.0;4.4319999999999995;4.4319999999999995;6.0;37.413000000000004;6.235500000000001;15.0;105.369;7.0246
50;3; widening;12;10.0;102.74799999999999;10.274799999999999;0.0;0.0;0.0;5.0;26.881999999999998;5.376399999999999;15.0;129.63;8.642
51;3; widening;15;9.0;53.032000000000004;5.892444444444445;2.0;16.323000000000008;8.161500000000004;4.0;26.046000000000006;6.511500000000002;15.0;95.40100000000002;6.360066666666668
52;3; widening;18;6.0;-11.247999999999998;-1.8746666666666663;1.0;174.03099999999998;174.03099999999998;8.0;34.398;4.29975;15.0;197.18099999999998;13.145399999999999
53;3; widening;21;10.0;57.464999999999996;5.746499999999999;0.0;0.0;0.0;5.0;90.29299999999999;18.0586;15.0;147.75799999999998;9.850533333333333
54;4; densening;6;8.0;62.307;7.788375;0.0;0.0;0.0;7.0;33.541000000000004;4.791571428571429;15.0;95.84800000000001;6.389866666666667
55;4; densening;9;11.0;113.84400000000001;10.349454545454547;0.0;0.0;0.0;4.0;22.802000000000003;5.700500000000001;15.0;136.64600000000002;9.109733333333335
56;4; densening;12;9.0;103.764;11.529333333333334;0.0;0.0;0.0;6.0;35.994;5.999;15.0;139.75799999999998;9.317199999999998
57;4; densening;15;7.0;113.96600000000001;16.280857142857144;0.0;0.0;0.0;8.0;143.39200000000002;17.924000000000003;15.0;257.35800000000006;17.157200000000003
58;4; densening;18;3.0;54.876;18.291999999999998;0.0;0.0;0.0;12.0;256.37100000000004;21.364250000000002;15.0;311.247;20.7498
59;4; densening;21;6.0;102.79;17.131666666666668;0.0;0.0;0.0;9.0;160.89600000000002;17.877333333333336;15.0;263.68600000000004;17.57906666666667
60;4; direct;6;8.0;64.202;8.02525;0.0;0.0;0.0;7.0;33.058;4.722571428571428;15.0;97.25999999999999;6.483999999999999
61;4; direct;9;8.0;66.67599999999999;8.334499999999998;0.0;0.0;0.0;7.0;46.141000000000005;6.591571428571429;15.0;112.817;7.521133333333333
62;4; direct;12;5.0;49.428;9.8856;0.0;0.0;0.0;10.0;105.739;10.5739;15.0;155.167;10.344466666666667
63;4; direct;15;5.0;59.206999999999994;11.841399999999998;0.0;0.0;0.0;10.0;129.942;12.994200000000001;15.0;189.149;12.609933333333334
64;4; direct;18;6.0;402.5920000000001;67.09866666666669;0.0;0.0;0.0;9.0;177.36200000000002;19.70688888888889;15.0;579.9540000000002;38.66360000000001
65;4; direct;21;5.0;79.611;15.9222;0.0;0.0;0.0;10.0;208.70000000000005;20.870000000000005;15.0;288.31100000000004;19.220733333333335
66;4; widening;6;8.0;73.87500000000001;9.234375000000002;0.0;0.0;0.0;7.0;31.705000000000005;4.529285714285715;15.0;105.58000000000001;7.038666666666668
67;4; widening;9;8.0;81.961;10.245125;0.0;0.0;0.0;7.0;83.108;11.87257142857143;15.0;165.06900000000002;11.004600000000002
68;4; widening;12;4.0;43.544;10.886;0.0;0.0;0.0;11.0;136.86899999999997;12.44263636363636;15.0;180.41299999999995;12.02753333333333
69;4; widening;15;3.0;35.753;11.917666666666667;0.0;0.0;0.0;12.0;203.23299999999998;16.936083333333332;15.0;238.986;15.9324
70;4; widening;18;3.0;167.151;55.717000000000006;0.0;0.0;0.0;12.0;169.37399999999997;14.114499999999998;15.0;336.525;22.435
71;4; widening;21;4.0;53.413;13.35325;0.0;0.0;0.0;11.0;244.077;22.18881818181818;15.0;297.49;19.832666666666668
72;5; densening;6;12.0;80.04500000000002;6.670416666666668;0.0;0.0;0.0;3.0;21.072000000000003;7.024000000000001;15.0;101.11700000000002;6.741133333333335
73;5; densening;9;13.0;91.715;7.055000000000001;0.0;0.0;0.0;2.0;7.2090000000000005;3.6045000000000003;15.0;98.924;6.5949333333333335
74;5; densening;12;15.0;126.88400000000001;8.458933333333334;0.0;0.0;0.0;0.0;0.0;0.0;15.0;126.88400000000001;8.458933333333334
75;5; densening;15;10.0;113.056;11.3056;0.0;0.0;0.0;5.0;33.84;6.768000000000001;15.0;146.89600000000002;9.793066666666668
76;5; densening;18;14.0;132.446;9.46042857142857;0.0;0.0;0.0;1.0;9.802;9.802;15.0;142.248;9.4832
77;5; densening;21;12.0;118.26000000000002;9.855000000000002;0.0;0.0;0.0;3.0;23.004000000000005;7.668000000000002;15.0;141.264;9.4176
78;5; direct;6;12.0;69.169;5.764083333333333;0.0;0.0;0.0;3.0;11.818;3.9393333333333334;15.0;80.987;5.399133333333333
79;5; direct;9;12.0;85.225;7.102083333333333;0.0;0.0;0.0;3.0;16.355000000000004;5.451666666666668;15.0;101.58;6.772
80;5; direct;12;13.0;105.21100000000001;8.093153846153847;0.0;0.0;0.0;2.0;12.197000000000003;6.098500000000001;15.0;117.40800000000002;7.827200000000001
81;5; direct;15;10.0;81.952;8.1952;0.0;0.0;0.0;5.0;42.896;8.5792;15.0;124.848;8.3232
82;5; direct;18;10.0;90.716;9.0716;0.0;0.0;0.0;5.0;52.186;10.4372;15.0;142.902;9.5268
83;5; direct;21;9.0;93.14100000000002;10.349000000000002;0.0;0.0;0.0;6.0;47.733999999999995;7.955666666666666;15.0;140.875;9.391666666666667
84;5; widening;6;13.0;79.32600000000002;6.102000000000002;0.0;0.0;0.0;2.0;8.955;4.4775;15.0;88.28100000000002;5.8854000000000015
85;5; widening;9;9.0;66.54;7.393333333333334;0.0;0.0;0.0;6.0;28.668999999999997;4.7781666666666665;15.0;95.209;6.347266666666667
86;5; widening;12;11.0;95.61900000000001;8.692636363636366;0.0;0.0;0.0;4.0;21.730999999999998;5.4327499999999995;15.0;117.35000000000001;7.823333333333334
87;5; widening;15;10.0;89.026;8.9026;1.0;6.21;6.21;4.0;36.036;9.009;15.0;131.272;8.751466666666666
88;5; widening;18;10.0;93.878;9.3878;0.0;0.0;0.0;5.0;44.799;8.9598;15.0;138.677;9.245133333333333
89;5; widening;21;9.0;92.994;10.332666666666666;0.0;0.0;0.0;6.0;45.121;7.520166666666667;15.0;138.115;9.207666666666666
90;6; densening;6;13.0;104.93200000000002;8.07169230769231;0.0;0.0;0.0;2.0;19.476;9.738;15.0;124.40800000000002;8.293866666666668
91;6; densening;9;14.0;126.63700000000001;9.0455;0.0;0.0;0.0;1.0;33.604;33.604;15.0;160.241;10.682733333333335
92;6; densening;12;13.0;130.628;10.048307692307691;0.0;0.0;0.0;2.0;22.578;11.289;15.0;153.206;10.213733333333332
93;6; densening;15;15.0;210.91899999999998;14.061266666666665;0.0;0.0;0.0;0.0;0.0;0.0;15.0;210.91899999999998;14.061266666666665
94;6; densening;18;8.0;86.65699999999998;10.832124999999998;0.0;0.0;0.0;7.0;50.009;7.144142857142858;15.0;136.666;9.111066666666666
95;6; densening;21;9.0;104.054;11.561555555555556;0.0;0.0;0.0;6.0;56.656;9.442666666666666;15.0;160.71;10.714
96;6; direct;6;13.0;99.08900000000001;7.62223076923077;0.0;0.0;0.0;2.0;8.853;4.4265;15.0;107.94200000000001;7.196133333333334
97;6; direct;9;10.0;85.522;8.552200000000001;0.0;0.0;0.0;5.0;34.56;6.912000000000001;15.0;120.08200000000001;8.005466666666667
98;6; direct;12;12.0;109.85600000000001;9.154666666666667;0.0;0.0;0.0;3.0;27.076;9.025333333333334;15.0;136.93200000000002;9.128800000000002
99;6; direct;15;10.0;105.75200000000001;10.5752;0.0;0.0;0.0;5.0;33.518;6.7036;15.0;139.27;9.284666666666668
100;6; direct;18;7.0;355.9060000000001;50.843714285714306;0.0;0.0;0.0;8.0;67.535;8.441875;15.0;423.44100000000014;28.22940000000001
101;6; direct;21;12.0;142.215;11.85125;0.0;0.0;0.0;3.0;48.959;16.319666666666667;15.0;191.174;12.744933333333334
102;6; widening;6;14.0;115.03200000000002;8.21657142857143;0.0;0.0;0.0;1.0;4.989;4.989;15.0;120.02100000000003;8.001400000000002
103;6; widening;9;10.0;382.0200000000001;38.20200000000001;0.0;0.0;0.0;5.0;44.95300000000001;8.990600000000002;15.0;426.9730000000001;28.464866666666676
104;6; widening;12;9.0;85.309;9.478777777777777;0.0;0.0;0.0;6.0;59.97000000000001;9.995000000000003;15.0;145.279;9.685266666666667
105;6; widening;15;11.0;102.65;9.331818181818182;2.0;19.556;9.778;2.0;13.3;6.65;15.0;135.506;9.033733333333334
106;6; widening;18;10.0;129.526;12.9526;1.0;9.433;9.433;4.0;36.198;9.0495;15.0;175.157;11.677133333333334
107;6; widening;21;8.0;102.029;12.753625;2.0;56.053999999999995;28.026999999999997;5.0;46.012;9.2024;15.0;204.095;13.606333333333334
108;7; densening;6;15.0;248.04200000000003;16.536133333333336;0.0;0.0;0.0;0.0;0.0;0.0;15.0;248.04200000000003;16.536133333333336
109;7; densening;9;14.0;109.89000000000003;7.849285714285716;0.0;0.0;0.0;1.0;3.415;3.415;15.0;113.30500000000004;7.553666666666669
110;7; densening;12;15.0;122.15500000000002;8.143666666666668;0.0;0.0;0.0;0.0;0.0;0.0;15.0;122.15500000000002;8.143666666666668
111;7; densening;15;9.0;83.23400000000001;9.248222222222223;0.0;0.0;0.0;6.0;67.189;11.198166666666665;15.0;150.423;10.0282
112;7; densening;18;13.0;127.585;9.814230769230768;0.0;0.0;0.0;2.0;12.794;6.397;15.0;140.379;9.3586
113;7; densening;21;7.0;81.238;11.605428571428572;0.0;0.0;0.0;8.0;69.28;8.66;15.0;150.518;10.034533333333334
114;7; direct;6;10.0;70.739;7.0739;0.0;0.0;0.0;5.0;51.544000000000004;10.308800000000002;15.0;122.28300000000002;8.1522
115;7; direct;9;13.0;1043.8750000000002;80.29807692307693;0.0;0.0;0.0;2.0;10.785000000000002;5.392500000000001;15.0;1054.6600000000003;70.31066666666669
116;7; direct;12;11.0;110.451;10.040999999999999;0.0;0.0;0.0;4.0;27.718000000000007;6.929500000000002;15.0;138.169;9.211266666666667
117;7; direct;15;12.0;120.06900000000002;10.00575;0.0;0.0;0.0;3.0;25.553;8.517666666666667;15.0;145.622;9.708133333333334
118;7; direct;18;10.0;117.48700000000001;11.748700000000001;0.0;0.0;0.0;5.0;31.161000000000005;6.232200000000001;15.0;148.64800000000002;9.909866666666668
119;7; direct;21;11.0;130.679;11.879909090909091;0.0;0.0;0.0;4.0;47.486000000000004;11.871500000000001;15.0;178.16500000000002;11.877666666666668
120;7; widening;6;10.0;66.28800000000001;6.628800000000001;0.0;0.0;0.0;5.0;32.138;6.4276;15.0;98.42600000000002;6.5617333333333345
121;7; widening;9;9.0;108.09700000000001;12.010777777777779;0.0;0.0;0.0;6.0;39.564;6.594;15.0;147.661;9.844066666666667
122;7; widening;12;12.0;179.912;14.992666666666667;0.0;0.0;0.0;3.0;17.27;5.756666666666667;15.0;197.18200000000002;13.145466666666668
123;7; widening;15;10.0;111.676;11.1676;1.0;11.183;11.183;4.0;42.943;10.73575;15.0;165.80200000000002;11.053466666666669
124;7; widening;18;12.0;123.404;10.283666666666667;1.0;10.152999999999999;10.152999999999999;2.0;18.028999999999996;9.014499999999998;15.0;151.58599999999998;10.105733333333331
125;7; widening;21;9.0;154.585;17.176111111111112;3.0;32.753;10.917666666666667;3.0;28.085;9.361666666666666;15.0;215.42300000000003;14.361533333333336
126;8; densening;6;12.0;104.89599999999999;8.741333333333332;0.0;0.0;0.0;3.0;47.689;15.896333333333333;15.0;152.58499999999998;10.172333333333333
127;8; densening;9;11.0;236.41000000000003;21.491818181818186;1.0;13.888000000000002;13.888000000000002;3.0;31.214;10.404666666666666;15.0;281.51200000000006;18.76746666666667
128;8; densening;12;10.0;91.39099999999999;9.1391;0.0;0.0;0.0;5.0;127.99100000000003;25.598200000000006;15.0;219.382;14.625466666666666
129;8; densening;15;11.0;161.47000000000003;14.679090909090911;0.0;0.0;0.0;4.0;29.608000000000004;7.402000000000001;15.0;191.07800000000003;12.738533333333335
130;8; densening;18;12.0;182.527;15.210583333333332;0.0;0.0;0.0;3.0;41.107;13.702333333333334;15.0;223.634;14.908933333333332
131;8; densening;21;8.0;113.81800000000001;14.227250000000002;0.0;0.0;0.0;7.0;107.602;15.371714285714287;15.0;221.42000000000002;14.761333333333335
132;8; direct;6;9.0;65.449;7.272111111111111;0.0;0.0;0.0;6.0;41.514;6.9190000000000005;15.0;106.963;7.130866666666666
133;8; direct;9;13.0;167.401;12.877;0.0;0.0;0.0;2.0;9.113;4.5565;15.0;176.514;11.7676
134;8; direct;12;13.0;106.58800000000001;8.199076923076923;0.0;0.0;0.0;2.0;16.208;8.104;15.0;122.796;8.1864
135;8; direct;15;13.0;207.81500000000003;15.985769230769233;0.0;0.0;0.0;2.0;17.429;8.7145;15.0;225.24400000000003;15.016266666666668
136;8; direct;18;9.0;100.44999999999999;11.16111111111111;0.0;0.0;0.0;6.0;92.09700000000001;15.3495;15.0;192.547;12.836466666666666
137;8; direct;21;11.0;456.493;41.49936363636363;0.0;0.0;0.0;4.0;48.647;12.16175;15.0;505.14;33.676
138;8; widening;6;11.0;182.416;16.58327272727273;0.0;0.0;0.0;4.0;16.548000000000002;4.1370000000000005;15.0;198.964;13.264266666666666
139;8; widening;9;8.0;314.97099999999995;39.37137499999999;0.0;0.0;0.0;7.0;57.07400000000001;8.153428571428574;15.0;372.04499999999996;24.802999999999997
140;8; widening;12;9.0;126.05699999999999;14.006333333333332;0.0;0.0;0.0;6.0;48.20399999999999;8.033999999999999;15.0;174.26099999999997;11.617399999999998
141;8; widening;15;10.0;145.066;14.5066;0.0;0.0;0.0;5.0;38.903999999999996;7.780799999999999;15.0;183.97;12.264666666666667
142;8; widening;18;4.0;36.022000000000006;9.005500000000001;0.0;0.0;0.0;11.0;139.986;12.725999999999999;15.0;176.00799999999998;11.733866666666666
143;8; widening;21;10.0;205.11599999999999;20.511599999999998;0.0;0.0;0.0;5.0;95.14399999999999;19.028799999999997;15.0;300.26;20.017333333333333
144;9; densening;6;14.0;125.88100000000001;8.9915;0.0;0.0;0.0;1.0;7.5489999999999995;7.5489999999999995;15.0;133.43;8.895333333333333
145;9; densening;9;12.0;115.758;9.6465;0.0;0.0;0.0;3.0;315.46300000000014;105.15433333333338;15.0;431.2210000000001;28.748066666666674
146;9; densening;12;14.0;122.721;8.765785714285714;0.0;0.0;0.0;1.0;11.437999999999999;11.437999999999999;15.0;134.159;8.943933333333332
147;9; densening;15;13.0;159.09100000000004;12.237769230769233;1.0;42.036;42.036;1.0;4.851;4.851;15.0;205.97800000000004;13.731866666666669
148;9; densening;18;12.0;147.535;12.294583333333334;0.0;0.0;0.0;3.0;37.959;12.653;15.0;185.494;12.366266666666666
149;9; densening;21;13.0;132.666;10.205076923076923;0.0;0.0;0.0;2.0;31.849;15.9245;15.0;164.515;10.967666666666666
150;9; direct;6;14.0;248.88400000000001;17.777428571428572;0.0;0.0;0.0;1.0;5.3050000000000015;5.3050000000000015;15.0;254.18900000000002;16.945933333333336
151;9; direct;9;14.0;98.78800000000001;7.056285714285715;0.0;0.0;0.0;1.0;5.926;5.926;15.0;104.71400000000001;6.9809333333333345
152;9; direct;12;15.0;133.8;8.92;0.0;0.0;0.0;0.0;0.0;0.0;15.0;133.8;8.92
153;9; direct;15;14.0;164.93300000000005;11.780928571428575;0.0;0.0;0.0;1.0;13.456;13.456;15.0;178.38900000000004;11.892600000000003
154;9; direct;18;14.0;143.441;10.245785714285715;0.0;0.0;0.0;1.0;7.83;7.83;15.0;151.27100000000002;10.084733333333334
155;9; direct;21;13.0;122.30500000000002;9.408076923076925;0.0;0.0;0.0;2.0;17.065;8.5325;15.0;139.37000000000003;9.291333333333336
156;9; widening;6;12.0;96.48600000000002;8.040500000000002;0.0;0.0;0.0;3.0;18.046000000000003;6.015333333333334;15.0;114.53200000000002;7.635466666666669
157;9; widening;9;9.0;81.828;9.092;0.0;0.0;0.0;6.0;41.235;6.8725;15.0;123.063;8.2042
158;9; widening;12;11.0;119.82700000000001;10.893363636363638;0.0;0.0;0.0;4.0;36.45099999999999;9.112749999999998;15.0;156.27800000000002;10.418533333333334
159;9; widening;15;10.0;143.38199999999998;14.338199999999997;0.0;0.0;0.0;5.0;50.739999999999995;10.148;15.0;194.12199999999996;12.941466666666663
160;9; widening;18;8.0;108.45000000000002;13.556250000000002;0.0;0.0;0.0;7.0;106.348;15.192571428571428;15.0;214.798;14.319866666666666
161;9; widening;21;7.0;84.009;12.001285714285714;0.0;0.0;0.0;8.0;110.03;13.75375;15.0;194.039;12.935933333333333
162;10; densening;6;5.0;30.31000000000001;6.062000000000002;1.0;5.1579999999999995;5.1579999999999995;9.0;46.326000000000015;5.147333333333335;15.0;81.79400000000003;5.452933333333335
163;10; densening;9;5.0;34.636;6.927200000000001;4.0;27.977999999999994;6.994499999999999;6.0;42.069;7.011500000000001;15.0;104.68299999999999;6.978866666666666
164;10; densening;12;3.0;31.688000000000002;10.562666666666667;1.0;7.504;7.504;11.0;86.346;7.849636363636364;15.0;125.53800000000001;8.369200000000001
165;10; densening;15;10.0;88.40199999999999;8.8402;0.0;0.0;0.0;5.0;55.246;11.0492;15.0;143.648;9.576533333333334
166;10; densening;18;7.0;117.67000000000002;16.810000000000002;1.0;7.260000000000002;7.260000000000002;7.0;58.443;8.349;15.0;183.37300000000002;12.224866666666667
167;10; densening;21;7.0;94.99000000000001;13.570000000000002;4.0;61.863;15.46575;4.0;62.65800000000001;15.664500000000002;15.0;219.51100000000002;14.634066666666667
168;10; direct;6;5.0;27.396;5.4792000000000005;0.0;0.0;0.0;10.0;55.578;5.5578;15.0;82.974;5.5316
169;10; direct;9;7.0;319.0679999999999;45.581142857142844;1.0;6.082999999999999;6.082999999999999;7.0;33.32;4.76;15.0;358.47099999999995;23.89806666666666
170;10; direct;12;3.0;21.327;7.109000000000001;1.0;6.172999999999999;6.172999999999999;11.0;65.299;5.936272727272728;15.0;92.799;6.1866
171;10; direct;15;2.0;12.402000000000001;6.2010000000000005;1.0;8.912;8.912;12.0;85.17200000000001;7.097666666666668;15.0;106.48600000000002;7.099066666666668
172;10; direct;18;6.0;93.422;15.570333333333332;3.0;35.491;11.830333333333334;6.0;48.91400000000001;8.152333333333335;15.0;177.82700000000003;11.855133333333335
173;10; direct;21;5.0;63.38;12.676;0.0;0.0;0.0;10.0;124.66;12.466;15.0;188.04;12.536
174;10; widening;6;3.0;36.790000000000006;12.263333333333335;5.0;31.64;6.328;7.0;38.175000000000004;5.453571428571429;15.0;106.60500000000002;7.107000000000001
175;10; widening;9;4.0;36.07000000000001;9.017500000000002;0.0;0.0;0.0;11.0;64.26100000000001;5.841909090909092;15.0;100.33100000000002;6.688733333333334
176;10; widening;12;4.0;46.082;11.5205;4.0;29.002000000000002;7.250500000000001;7.0;53.40599999999999;7.62942857142857;15.0;128.49;8.566
177;10; widening;15;4.0;38.417;9.60425;2.0;13.498000000000001;6.7490000000000006;9.0;55.289;6.143222222222223;15.0;107.20400000000001;7.146933333333334
178;10; widening;18;5.0;51.506;10.3012;2.0;42.117999999999995;21.058999999999997;8.0;65.872;8.234;15.0;159.49599999999998;10.633066666666666
179;10; widening;21;5.0;183.40400000000002;36.680800000000005;1.0;7.997999999999999;7.997999999999999;9.0;60.068000000000005;6.674222222222223;15.0;251.47000000000003;16.764666666666667
180;11; densening;6;3.0;85.07400000000001;28.358000000000004;0.0;0.0;0.0;12.0;27.479;2.2899166666666666;15.0;112.55300000000001;7.503533333333334
181;11; densening;9;4.0;-7.053000000000001;-1.7632500000000002;0.0;0.0;0.0;11.0;96.43900000000001;8.767181818181818;15.0;89.38600000000001;5.959066666666668
182;11; densening;12;6.0;89.815;14.969166666666666;0.0;0.0;0.0;9.0;25.976999999999997;2.886333333333333;15.0;115.792;7.7194666666666665
183;11; densening;15;8.0;91.99799999999999;11.499749999999999;0.0;0.0;0.0;7.0;40.052000000000014;5.721714285714287;15.0;132.05;8.803333333333335
184;11; densening;18;8.0;388.1670000000001;48.52087500000001;0.0;0.0;0.0;7.0;-12.008;-1.7154285714285713;15.0;376.1590000000001;25.077266666666674
185;11; densening;21;5.0;48.321;9.6642;0.0;0.0;0.0;10.0;104.978;10.4978;15.0;153.29899999999998;10.219933333333332
186;11; direct;6;5.0;31.504999999999995;6.300999999999999;0.0;0.0;0.0;10.0;203.958;20.3958;15.0;235.463;15.697533333333332
187;11; direct;9;9.0;96.392;10.710222222222221;0.0;0.0;0.0;6.0;0.3370000000000002;0.0561666666666667;15.0;96.729;6.4486
188;11; direct;12;10.0;128.621;12.862100000000002;0.0;0.0;0.0;5.0;-9.891;-1.9782;15.0;118.73;7.915333333333334
189;11; direct;15;11.0;97.133;8.830272727272726;0.0;0.0;0.0;4.0;49.186;12.2965;15.0;146.319;9.7546
190;11; direct;18;13.0;31.464999999999996;2.420384615384615;0.0;0.0;0.0;2.0;116.132;58.066;15.0;147.597;9.8398
191;11; direct;21;9.0;99.308;11.034222222222223;0.0;0.0;0.0;6.0;46.057;7.676166666666667;15.0;145.365;9.691
192;11; widening;6;5.0;54.10600000000001;10.821200000000001;0.0;0.0;0.0;10.0;53.568000000000005;5.356800000000001;15.0;107.674;7.1782666666666675
193;11; widening;9;5.0;37.12200000000001;7.424400000000001;0.0;0.0;0.0;10.0;52.971000000000004;5.2971;15.0;90.09300000000002;6.0062000000000015
194;11; widening;12;6.0;57.009;9.5015;0.0;0.0;0.0;9.0;73.02100000000002;8.113444444444447;15.0;130.03000000000003;8.668666666666669
195;11; widening;15;5.0;50.006;10.0012;0.0;0.0;0.0;10.0;75.597;7.559699999999999;15.0;125.603;8.373533333333333
196;11; widening;18;10.0;122.82300000000001;12.282300000000001;0.0;0.0;0.0;5.0;38.257999999999996;7.651599999999999;15.0;161.08100000000002;10.738733333333334
197;11; widening;21;6.0;68.824;11.470666666666666;1.0;12.489;12.489;8.0;91.166;11.39575;15.0;172.47899999999998;11.4986
198;12; densening;6;12.0;85.75900000000001;7.146583333333335;0.0;0.0;0.0;3.0;13.129999999999999;4.376666666666666;15.0;98.88900000000001;6.592600000000001
199;12; densening;9;14.0;100.116;7.151142857142857;0.0;0.0;0.0;1.0;5.4350000000000005;5.4350000000000005;15.0;105.551;7.036733333333333
200;12; densening;12;14.0;112.48700000000002;8.034785714285716;0.0;0.0;0.0;1.0;17.834;17.834;15.0;130.32100000000003;8.688066666666668
201;12; densening;15;13.0;108.09899999999999;8.315307692307691;0.0;0.0;0.0;2.0;14.29;7.145;15.0;122.38899999999998;8.159266666666666
202;12; densening;18;15.0;128.871;8.5914;0.0;0.0;0.0;0.0;0.0;0.0;15.0;128.871;8.5914
203;12; densening;21;13.0;476.99500000000006;36.69192307692308;0.0;0.0;0.0;2.0;15.932;7.966;15.0;492.9270000000001;32.8618
204;12; direct;6;14.0;96.70100000000002;6.9072142857142875;0.0;0.0;0.0;1.0;6.218999999999999;6.218999999999999;15.0;102.92000000000002;6.861333333333334
205;12; direct;9;15.0;125.946;8.3964;0.0;0.0;0.0;0.0;0.0;0.0;15.0;125.946;8.3964
206;12; direct;12;12.0;94.88700000000001;7.907250000000001;0.0;0.0;0.0;3.0;21.842000000000002;7.280666666666668;15.0;116.72900000000001;7.781933333333334
207;12; direct;15;12.0;135.913;11.326083333333335;0.0;0.0;0.0;3.0;33.004000000000005;11.001333333333335;15.0;168.91700000000003;11.261133333333335
208;12; direct;18;12.0;113.37300000000002;9.447750000000001;0.0;0.0;0.0;3.0;24.779;8.259666666666666;15.0;138.15200000000002;9.210133333333335
209;12; direct;21;15.0;155.46599999999998;10.364399999999998;0.0;0.0;0.0;0.0;0.0;0.0;15.0;155.46599999999998;10.364399999999998
210;12; widening;6;14.0;84.268;6.019142857142858;0.0;0.0;0.0;1.0;4.152;4.152;15.0;88.42;5.894666666666667
211;12; widening;9;11.0;76.618;6.965272727272727;0.0;0.0;0.0;4.0;308.3030000000001;77.07575000000003;15.0;384.9210000000001;25.661400000000008
212;12; widening;12;11.0;90.905;8.264090909090909;0.0;0.0;0.0;4.0;29.602000000000004;7.400500000000001;15.0;120.507;8.033800000000001
213;12; widening;15;9.0;77.08500000000001;8.565000000000001;0.0;0.0;0.0;6.0;44.24100000000001;7.373500000000001;15.0;121.32600000000002;8.088400000000002
214;12; widening;18;12.0;106.28499999999998;8.857083333333332;0.0;0.0;0.0;3.0;27.201;9.067;15.0;133.486;8.899066666666666
215;12; widening;21;9.0;79.196;8.799555555555555;0.0;0.0;0.0;6.0;55.336999999999996;9.222833333333332;15.0;134.533;8.968866666666665
216;13; densening;6;11.0;90.605;8.236818181818181;0.0;0.0;0.0;4.0;23.337000000000003;5.834250000000001;15.0;113.94200000000001;7.596133333333333
217;13; densening;9;13.0;124.393;9.568692307692308;0.0;0.0;0.0;2.0;7.919;3.9595;15.0;132.312;8.8208
218;13; densening;12;10.0;212.547;21.2547;0.0;0.0;0.0;5.0;117.287;23.4574;15.0;329.834;21.988933333333332
219;13; densening;15;10.0;401.216;40.1216;0.0;0.0;0.0;5.0;42.57600000000001;8.515200000000002;15.0;443.79200000000003;29.586133333333336
220;13; densening;18;10.0;124.20800000000001;12.420800000000002;0.0;0.0;0.0;5.0;58.794000000000004;11.7588;15.0;183.002;12.200133333333333
221;13; densening;21;14.0;189.895;13.563928571428573;0.0;0.0;0.0;1.0;17.176000000000002;17.176000000000002;15.0;207.07100000000003;13.804733333333335
222;13; direct;6;11.0;374.2840000000001;34.02581818181819;0.0;0.0;0.0;4.0;43.455;10.86375;15.0;417.7390000000001;27.849266666666672
223;13; direct;9;15.0;125.77300000000001;8.384866666666667;0.0;0.0;0.0;0.0;0.0;0.0;15.0;125.77300000000001;8.384866666666667
224;13; direct;12;13.0;137.89600000000002;10.607384615384616;0.0;0.0;0.0;2.0;10.409;5.2045;15.0;148.305;9.887
225;13; direct;15;12.0;135.10399999999998;11.258666666666665;1.0;59.67;59.67;2.0;19.752;9.876;15.0;214.526;14.301733333333335
226;13; direct;18;11.0;120.26400000000001;10.93309090909091;0.0;0.0;0.0;4.0;43.246;10.8115;15.0;163.51000000000002;10.900666666666668
227;13; direct;21;8.0;116.94200000000001;14.617750000000001;1.0;8.486;8.486;6.0;46.315000000000005;7.719166666666667;15.0;171.74300000000002;11.449533333333335
228;13; widening;6;10.0;103.25999999999999;10.325999999999999;0.0;0.0;0.0;5.0;19.62;3.9240000000000004;15.0;122.88;8.192
229;13; widening;9;12.0;123.24199999999999;10.270166666666666;0.0;0.0;0.0;3.0;24.064;8.021333333333333;15.0;147.30599999999998;9.8204
230;13; widening;12;10.0;109.416;10.9416;0.0;0.0;0.0;5.0;42.496;8.4992;15.0;151.912;10.127466666666667
231;13; widening;15;10.0;97.767;9.7767;0.0;0.0;0.0;5.0;162.466;32.4932;15.0;260.233;17.348866666666666
232;13; widening;18;8.0;101.54099999999998;12.692624999999998;0.0;0.0;0.0;7.0;216.365;30.909285714285716;15.0;317.906;21.193733333333334
233;13; widening;21;11.0;188.316;17.119636363636364;1.0;24.605999999999998;24.605999999999998;3.0;59.016999999999996;19.67233333333333;15.0;271.93899999999996;18.129266666666663
234;14; densening;6;14.0;109.03800000000001;7.788428571428573;0.0;0.0;0.0;1.0;-3.5639999999999996;-3.5639999999999996;15.0;105.47400000000002;7.031600000000001
235;14; densening;9;11.0;353.31399999999996;32.119454545454545;0.0;0.0;0.0;4.0;8.902000000000001;2.2255000000000003;15.0;362.21599999999995;24.14773333333333
236;14; densening;12;13.0;427.53800000000007;32.88753846153847;0.0;0.0;0.0;2.0;-7.3149999999999995;-3.6574999999999998;15.0;420.22300000000007;28.01486666666667
237;14; densening;15;12.0;452.036;37.669666666666664;0.0;0.0;0.0;3.0;-21.049999999999997;-7.016666666666666;15.0;430.986;28.7324
238;14; densening;18;12.0;151.42399999999998;12.618666666666664;0.0;0.0;0.0;3.0;11.866999999999999;3.955666666666666;15.0;163.29099999999997;10.886066666666665
239;14; densening;21;14.0;293.122;20.937285714285714;0.0;0.0;0.0;1.0;9.002;9.002;15.0;302.124;20.1416
240;14; direct;6;14.0;-579.889;-41.42064285714286;0.0;0.0;0.0;1.0;-10.356;-10.356;15.0;-590.245;-39.349666666666664
241;14; direct;9;13.0;-501.4149999999999;-38.57038461538461;0.0;0.0;0.0;2.0;-60.465999999999994;-30.232999999999997;15.0;-561.8809999999999;-37.45873333333332
242;14; direct;12;13.0;261.275;20.09807692307692;0.0;0.0;0.0;2.0;-184.146;-92.073;15.0;77.12899999999999;5.141933333333332
243;14; direct;15;14.0;-24.717000000000326;-1.7655000000000232;0.0;0.0;0.0;1.0;561.019;561.019;15.0;536.3019999999997;35.75346666666665
244;14; direct;18;12.0;83.83500000000011;6.986250000000009;0.0;0.0;0.0;3.0;-66.11100000000002;-22.037000000000006;15.0;17.72400000000009;1.181600000000006
245;14; direct;21;11.0;46.25900000000017;4.205363636363652;0.0;0.0;0.0;4.0;-572.357;-143.08925;15.0;-526.0979999999998;-35.07319999999999
246;14; widening;6;11.0;769.7420000000004;69.97654545454549;0.0;0.0;0.0;4.0;-228.685;-57.17125;15.0;541.0570000000005;36.0704666666667
247;14; widening;9;10.0;669.5320000000002;66.95320000000001;0.0;0.0;0.0;5.0;-285.297;-57.059400000000004;15.0;384.2350000000001;25.615666666666677
248;14; widening;12;11.0;753.783;68.52572727272728;0.0;0.0;0.0;4.0;-539.81;-134.9525;15.0;213.97300000000007;14.264866666666672
249;14; widening;15;12.0;-18.916000000000054;-1.5763333333333378;0.0;0.0;0.0;3.0;140.573;46.85766666666667;15.0;121.65699999999995;8.110466666666664
250;14; widening;18;11.0;474.869;43.169909090909094;0.0;0.0;0.0;4.0;133.2120000000001;33.303000000000026;15.0;608.0810000000001;40.53873333333334
251;14; widening;21;9.0;723.8990000000003;80.43322222222226;0.0;0.0;0.0;6.0;-541.0210000000001;-90.17016666666667;15.0;182.87800000000027;12.191866666666686
252;15; densening;6;7.0;69.333;9.904714285714286;0.0;0.0;0.0;8.0;44.126;5.51575;15.0;113.459;7.563933333333334
253;15; densening;9;14.0;497.722;35.55157142857143;0.0;0.0;0.0;1.0;7.973000000000001;7.973000000000001;15.0;505.695;33.713
254;15; densening;12;13.0;162.73700000000002;12.51823076923077;0.0;0.0;0.0;2.0;21.566;10.783;15.0;184.30300000000003;12.286866666666668
255;15; densening;15;13.0;137.993;10.614846153846154;0.0;0.0;0.0;2.0;13.269000000000002;6.634500000000001;15.0;151.262;10.084133333333334
256;15; densening;18;14.0;155.81300000000002;11.129500000000002;0.0;0.0;0.0;1.0;12.446000000000002;12.446000000000002;15.0;168.25900000000001;11.217266666666667
257;15; densening;21;14.0;202.093;14.435214285714284;0.0;0.0;0.0;1.0;14.210999999999999;14.210999999999999;15.0;216.30399999999997;14.420266666666665
258;15; direct;6;9.0;64.569;7.174333333333333;0.0;0.0;0.0;6.0;150.804;25.134;15.0;215.373;14.3582
259;15; direct;9;12.0;113.61899999999999;9.46825;0.0;0.0;0.0;3.0;23.037000000000006;7.679000000000002;15.0;136.656;9.1104
260;15; direct;12;15.0;134.21400000000003;8.947600000000001;0.0;0.0;0.0;0.0;0.0;0.0;15.0;134.21400000000003;8.947600000000001
261;15; direct;15;14.0;162.435;11.602500000000001;0.0;0.0;0.0;1.0;20.222;20.222;15.0;182.657;12.177133333333334
262;15; direct;18;15.0;145.65;9.71;0.0;0.0;0.0;0.0;0.0;0.0;15.0;145.65;9.71
263;15; direct;21;15.0;254.45700000000002;16.963800000000003;0.0;0.0;0.0;0.0;0.0;0.0;15.0;254.45700000000002;16.963800000000003
264;15; widening;6;12.0;99.414;8.2845;0.0;0.0;0.0;3.0;14.094000000000001;4.698;15.0;113.50800000000001;7.567200000000001
265;15; widening;9;13.0;125.167;9.62823076923077;1.0;18.910999999999998;18.910999999999998;1.0;5.73;5.73;15.0;149.808;9.9872
266;15; widening;12;11.0;96.48599999999998;8.771454545454544;0.0;0.0;0.0;4.0;38.403999999999996;9.600999999999999;15.0;134.89;8.992666666666667
267;15; widening;15;12.0;158.54799999999997;13.212333333333332;3.0;41.599999999999994;13.866666666666665;0.0;0.0;0.0;15.0;200.14799999999997;13.343199999999998
268;15; widening;18;12.0;137.057;11.421416666666666;1.0;9.001000000000003;9.001000000000003;2.0;24.031;12.0155;15.0;170.089;11.339266666666667
269;15; widening;21;11.0;142.82999999999998;12.984545454545453;3.0;35.221999999999994;11.740666666666664;1.0;8.266;8.266;15.0;186.31799999999996;12.421199999999997
270;16; densening;6;12.0;55.73299999999999;4.6444166666666655;1.0;43.006;43.006;2.0;-4.086;-2.043;15.0;94.65299999999999;6.310199999999999
271;16; densening;9;9.0;29.264;3.2515555555555555;0.0;0.0;0.0;6.0;216.537;36.0895;15.0;245.80100000000002;16.386733333333336
272;16; densening;12;6.0;39.74100000000001;6.623500000000001;0.0;0.0;0.0;9.0;97.202;10.800222222222223;15.0;136.943;9.129533333333335
273;16; densening;15;8.0;91.142;11.39275;1.0;-1.0659999999999998;-1.0659999999999998;6.0;54.117999999999995;9.019666666666666;15.0;144.194;9.612933333333332
274;16; densening;18;10.0;124.262;12.4262;0.0;0.0;0.0;5.0;44.82000000000001;8.964000000000002;15.0;169.082;11.272133333333333
275;16; densening;21;10.0;105.041;10.5041;0.0;0.0;0.0;5.0;41.428999999999995;8.285799999999998;15.0;146.47;9.764666666666667
276;16; direct;6;11.0;72.09700000000001;6.554272727272728;0.0;0.0;0.0;4.0;33.982;8.4955;15.0;106.07900000000001;7.071933333333334
277;16; direct;9;9.0;86.063;9.562555555555555;0.0;0.0;0.0;6.0;33.250000000000014;5.541666666666669;15.0;119.31300000000002;7.954200000000001
278;16; direct;12;6.0;82.67300000000002;13.778833333333337;0.0;0.0;0.0;9.0;85.703;9.522555555555556;15.0;168.37600000000003;11.225066666666669
279;16; direct;15;8.0;345.893;43.236625;0.0;0.0;0.0;7.0;50.197;7.171;15.0;396.09;26.406
280;16; direct;18;7.0;58.205;8.315;0.0;0.0;0.0;8.0;128.26900000000003;16.033625000000004;15.0;186.47400000000005;12.431600000000003
281;16; direct;21;6.0;-11.332;-1.8886666666666667;0.0;0.0;0.0;9.0;237.69099999999997;26.410111111111107;15.0;226.35899999999998;15.090599999999998
282;16; widening;6;8.0;35.056;4.382;1.0;42.628;42.628;6.0;26.135;4.355833333333334;15.0;103.819;6.921266666666667
283;16; widening;9;5.0;48.022;9.6044;0.0;0.0;0.0;10.0;68.88900000000001;6.888900000000001;15.0;116.911;7.794066666666667
284;16; widening;12;7.0;124.21600000000001;17.74514285714286;0.0;0.0;0.0;8.0;59.529999999999994;7.441249999999999;15.0;183.746;12.249733333333333
285;16; widening;15;5.0;63.12800000000003;12.625600000000006;1.0;64.447;64.447;9.0;82.31;9.145555555555555;15.0;209.88500000000005;13.992333333333336
286;16; widening;18;4.0;80.376;20.094;1.0;-2.563;-2.563;10.0;111.367;11.136700000000001;15.0;189.18;12.612
287;16; widening;21;2.0;122.569;61.2845;1.0;-5.609;-5.609;12.0;175.34799999999998;14.612333333333332;15.0;292.308;19.487199999999998
288;17; densening;6;14.0;98.07900000000001;7.005642857142858;0.0;0.0;0.0;1.0;4.873;4.873;15.0;102.95200000000001;6.8634666666666675
289;17; densening;9;13.0;120.944;9.303384615384616;0.0;0.0;0.0;2.0;8.675999999999998;4.337999999999999;15.0;129.62;8.641333333333334
290;17; densening;12;10.0;74.851;7.4851;0.0;0.0;0.0;5.0;508.766;101.7532;15.0;583.617;38.907799999999995
291;17; densening;15;12.0;114.46;9.538333333333332;0.0;0.0;0.0;3.0;14.488000000000003;4.829333333333334;15.0;128.948;8.596533333333333
292;17; densening;18;13.0;108.19500000000002;8.322692307692309;1.0;5.847;5.847;1.0;5.415;5.415;15.0;119.45700000000002;7.963800000000002
293;17; densening;21;9.0;79.273;8.80811111111111;1.0;6.420000000000001;6.420000000000001;5.0;43.154;8.6308;15.0;128.847;8.5898
294;17; direct;6;13.0;82.67899999999999;6.359923076923076;0.0;0.0;0.0;2.0;7.4079999999999995;3.7039999999999997;15.0;90.08699999999999;6.005799999999999
295;17; direct;9;14.0;92.80499999999999;6.628928571428571;0.0;0.0;0.0;1.0;5.8980000000000015;5.8980000000000015;15.0;98.70299999999999;6.5802
296;17; direct;12;11.0;79.827;7.257;1.0;6.6739999999999995;6.6739999999999995;3.0;25.464;8.488;15.0;111.965;7.464333333333333
297;17; direct;15;13.0;122.23900000000002;9.403000000000002;2.0;11.790000000000001;5.8950000000000005;0.0;0.0;0.0;15.0;134.02900000000002;8.935266666666669
298;17; direct;18;10.0;257.972;25.797199999999997;0.0;0.0;0.0;5.0;32.42;6.484;15.0;290.392;19.359466666666666
299;17; direct;21;10.0;85.502;8.5502;2.0;15.038000000000002;7.519000000000001;3.0;19.631;6.543666666666667;15.0;120.17099999999999;8.0114
300;17; widening;6;10.0;105.74;10.574;1.0;8.908000000000003;8.908000000000003;4.0;22.373;5.59325;15.0;137.021;9.134733333333333
301;17; widening;9;10.0;91.56;9.156;3.0;31.344;10.448;2.0;18.546;9.273;15.0;141.45;9.43
302;17; widening;12;8.0;58.32200000000001;7.290250000000001;3.0;24.079;8.026333333333334;4.0;32.788;8.197;15.0;115.18900000000001;7.679266666666667
303;17; widening;15;5.0;56.672;11.334399999999999;2.0;16.23;8.115;8.0;71.70400000000001;8.963000000000001;15.0;144.606;9.6404
304;17; widening;18;7.0;53.135999999999996;7.590857142857142;1.0;6.751;6.751;7.0;47.080000000000005;6.725714285714287;15.0;106.967;7.1311333333333335
305;17; widening;21;9.0;102.679;11.408777777777779;5.0;95.26500000000001;19.053000000000004;1.0;5.3820000000000014;5.3820000000000014;15.0;203.32600000000002;13.555066666666669
306;18; densening;6;11.0;373.94800000000004;33.99527272727273;0.0;0.0;0.0;4.0;17.91;4.4775;15.0;391.85800000000006;26.12386666666667
307;18; densening;9;14.0;101.113;7.222357142857143;0.0;0.0;0.0;1.0;4.814;4.814;15.0;105.92699999999999;7.0618
308;18; densening;12;14.0;180.599;12.899928571428571;0.0;0.0;0.0;1.0;7.399;7.399;15.0;187.998;12.533199999999999
309;18; densening;15;13.0;121.429;9.340692307692308;0.0;0.0;0.0;2.0;13.788;6.894;15.0;135.217;9.014466666666667
310;18; densening;18;13.0;182.42200000000003;14.03246153846154;0.0;0.0;0.0;2.0;16.241;8.1205;15.0;198.663;13.244200000000001
311;18; densening;21;10.0;87.903;8.7903;0.0;0.0;0.0;5.0;64.156;12.8312;15.0;152.05900000000003;10.137266666666669
312;18; direct;6;15.0;96.211;6.414066666666667;0.0;0.0;0.0;0.0;0.0;0.0;15.0;96.211;6.414066666666667
313;18; direct;9;15.0;103.17500000000001;6.878333333333334;0.0;0.0;0.0;0.0;0.0;0.0;15.0;103.17500000000001;6.878333333333334
314;18; direct;12;12.0;108.25800000000001;9.021500000000001;0.0;0.0;0.0;3.0;22.332;7.444;15.0;130.59;8.706
315;18; direct;15;15.0;114.303;7.6202;0.0;0.0;0.0;0.0;0.0;0.0;15.0;114.303;7.6202
316;18; direct;18;11.0;105.90800000000002;9.628000000000002;1.0;6.6110000000000015;6.6110000000000015;3.0;23.583999999999996;7.861333333333332;15.0;136.103;9.073533333333334
317;18; direct;21;14.0;120.94600000000001;8.639000000000001;0.0;0.0;0.0;1.0;8.592;8.592;15.0;129.538;8.635866666666667
318;18; widening;6;7.0;52.659000000000006;7.522714285714287;0.0;0.0;0.0;8.0;31.069000000000003;3.8836250000000003;15.0;83.72800000000001;5.581866666666667
319;18; widening;9;14.0;109.70500000000001;7.8360714285714295;0.0;0.0;0.0;1.0;6.336;6.336;15.0;116.04100000000001;7.736066666666668
320;18; widening;12;8.0;68.576;8.572;0.0;0.0;0.0;7.0;48.227000000000004;6.889571428571429;15.0;116.803;7.786866666666667
321;18; widening;15;12.0;105.17600000000002;8.764666666666669;0.0;0.0;0.0;3.0;20.468000000000004;6.8226666666666675;15.0;125.64400000000002;8.376266666666668
322;18; widening;18;11.0;462.27;42.02454545454545;1.0;6.005000000000001;6.005000000000001;3.0;20.561;6.853666666666666;15.0;488.83599999999996;32.58906666666666
323;18; widening;21;12.0;127.56500000000001;10.630416666666667;0.0;0.0;0.0;3.0;20.799000000000003;6.933000000000001;15.0;148.364;9.890933333333333
324;19; densening;6;10.0;88.545;8.8545;0.0;0.0;0.0;5.0;28.095;5.619;15.0;116.64;7.776
325;19; densening;9;15.0;141.767;9.451133333333333;0.0;0.0;0.0;0.0;0.0;0.0;15.0;141.767;9.451133333333333
326;19; densening;12;13.0;142.192;10.937846153846154;0.0;0.0;0.0;2.0;14.081;7.0405;15.0;156.273;10.4182
327;19; densening;15;13.0;146.65200000000002;11.280923076923077;0.0;0.0;0.0;2.0;16.432000000000002;8.216000000000001;15.0;163.084;10.872266666666667
328;19; densening;18;15.0;190.85999999999999;12.723999999999998;0.0;0.0;0.0;0.0;0.0;0.0;15.0;190.85999999999999;12.723999999999998
329;19; densening;21;12.0;139.588;11.632333333333333;0.0;0.0;0.0;3.0;23.452;7.817333333333334;15.0;163.04;10.869333333333334
330;19; direct;6;10.0;64.39800000000001;6.439800000000001;1.0;10.946000000000002;10.946000000000002;4.0;26.709000000000003;6.677250000000001;15.0;102.05300000000001;6.803533333333334
331;19; direct;9;12.0;368.71700000000004;30.72641666666667;0.0;0.0;0.0;3.0;18.086000000000002;6.028666666666667;15.0;386.80300000000005;25.786866666666672
332;19; direct;12;11.0;99.256;9.023272727272728;0.0;0.0;0.0;4.0;39.93;9.9825;15.0;139.186;9.279066666666667
333;19; direct;15;12.0;152.26799999999997;12.688999999999998;0.0;0.0;0.0;3.0;85.572;28.524;15.0;237.83999999999997;15.855999999999998
334;19; direct;18;13.0;135.745;10.441923076923077;0.0;0.0;0.0;2.0;10.386000000000001;5.1930000000000005;15.0;146.131;9.742066666666666
335;19; direct;21;13.0;147.549;11.349923076923078;0.0;0.0;0.0;2.0;18.764000000000003;9.382000000000001;15.0;166.31300000000002;11.087533333333335
336;19; widening;6;12.0;111.983;9.331916666666666;0.0;0.0;0.0;3.0;15.076000000000002;5.025333333333334;15.0;127.05900000000001;8.470600000000001
337;19; widening;9;10.0;206.573;20.6573;0.0;0.0;0.0;5.0;32.007000000000005;6.401400000000001;15.0;238.58;15.905333333333335
338;19; widening;12;12.0;108.355;9.029583333333333;0.0;0.0;0.0;3.0;20.934000000000005;6.9780000000000015;15.0;129.28900000000002;8.619266666666668
339;19; widening;15;11.0;108.399;9.854454545454546;0.0;0.0;0.0;4.0;34.408;8.602;15.0;142.80700000000002;9.520466666666668
340;19; widening;18;12.0;126.798;10.5665;0.0;0.0;0.0;3.0;45.617000000000004;15.205666666666668;15.0;172.41500000000002;11.494333333333335
341;19; widening;21;9.0;122.37899999999999;13.597666666666665;1.0;10.109;10.109;5.0;41.536;8.3072;15.0;174.024;11.6016
342;20; densening;6;13.0;78.106;6.008153846153846;0.0;0.0;0.0;2.0;12.044;6.022;15.0;90.14999999999999;6.01
343;20; densening;9;14.0;109.006;7.786142857142857;0.0;0.0;0.0;1.0;-1.453;-1.453;15.0;107.553;7.1701999999999995
344;20; densening;12;12.0;125.571;10.46425;0.0;0.0;0.0;3.0;-4.398;-1.466;15.0;121.173;8.0782
345;20; densening;15;10.0;86.97600000000001;8.697600000000001;0.0;0.0;0.0;5.0;30.476000000000003;6.0952;15.0;117.45200000000001;7.830133333333334
346;20; densening;18;15.0;173.10200000000003;11.540133333333335;0.0;0.0;0.0;0.0;0.0;0.0;15.0;173.10200000000003;11.540133333333335
347;20; densening;21;8.0;215.39300000000006;26.924125000000007;0.0;0.0;0.0;7.0;8.47;1.2100000000000002;15.0;223.86300000000006;14.924200000000004
348;20; direct;6;15.0;95.546;6.3697333333333335;0.0;0.0;0.0;0.0;0.0;0.0;15.0;95.546;6.3697333333333335
349;20; direct;9;15.0;248.95000000000002;16.596666666666668;0.0;0.0;0.0;0.0;0.0;0.0;15.0;248.95000000000002;16.596666666666668
350;20; direct;12;15.0;121.15400000000001;8.076933333333335;0.0;0.0;0.0;0.0;0.0;0.0;15.0;121.15400000000001;8.076933333333335
351;20; direct;15;10.0;87.75299999999999;8.775299999999998;0.0;0.0;0.0;5.0;37.419999999999995;7.483999999999999;15.0;125.17299999999997;8.344866666666665
352;20; direct;18;14.0;134.741;9.624357142857145;0.0;0.0;0.0;1.0;5.336;5.336;15.0;140.07700000000003;9.338466666666669
353;20; direct;21;14.0;139.614;9.972428571428571;0.0;0.0;0.0;1.0;5.154;5.154;15.0;144.768;9.6512
354;20; widening;6;12.0;89.22500000000002;7.435416666666669;0.0;0.0;0.0;3.0;12.362000000000002;4.120666666666668;15.0;101.58700000000002;6.772466666666668
355;20; widening;9;12.0;94.47900000000001;7.873250000000001;0.0;0.0;0.0;3.0;19.494999999999997;6.498333333333332;15.0;113.97400000000002;7.598266666666668
356;20; widening;12;11.0;94.583;8.598454545454546;0.0;0.0;0.0;4.0;29.358999999999998;7.3397499999999996;15.0;123.942;8.2628
357;20; widening;15;11.0;89.398;8.127090909090908;0.0;0.0;0.0;4.0;39.894;9.9735;15.0;129.292;8.619466666666666
358;20; widening;18;8.0;86.58500000000001;10.823125000000001;0.0;0.0;0.0;7.0;99.816;14.259428571428572;15.0;186.401;12.426733333333335
359;20; widening;21;10.0;94.11600000000001;9.411600000000002;0.0;0.0;0.0;5.0;83.926;16.7852;15.0;178.04200000000003;11.86946666666667
360;22; densening;6;13.0;103.543;7.964846153846154;0.0;0.0;0.0;2.0;12.956000000000003;6.4780000000000015;15.0;116.49900000000001;7.7666
361;22; densening;9;13.0;96.37;7.413076923076924;0.0;0.0;0.0;2.0;12.461000000000002;6.230500000000001;15.0;108.831;7.2554
362;22; densening;12;14.0;138.462;9.890142857142857;0.0;0.0;0.0;1.0;2.958;2.958;15.0;141.42;9.427999999999999
363;22; densening;15;14.0;122.03199999999998;8.716571428571427;0.0;0.0;0.0;1.0;5.2139999999999995;5.2139999999999995;15.0;127.24599999999998;8.483066666666666
364;22; densening;18;12.0;119.304;9.942;0.0;0.0;0.0;3.0;18.978;6.3260000000000005;15.0;138.282;9.2188
365;22; densening;21;14.0;139.06000000000003;9.932857142857145;0.0;0.0;0.0;1.0;6.9190000000000005;6.9190000000000005;15.0;145.97900000000004;9.731933333333336
366;22; direct;6;14.0;97.77300000000002;6.983785714285716;0.0;0.0;0.0;1.0;-2.3520000000000003;-2.3520000000000003;15.0;95.42100000000002;6.3614000000000015
367;22; direct;9;14.0;132.88899999999998;9.492071428571426;0.0;0.0;0.0;1.0;-1.082;-1.082;15.0;131.807;8.787133333333333
368;22; direct;12;13.0;126.82799999999999;9.755999999999998;0.0;0.0;0.0;2.0;-3.51;-1.755;15.0;123.31799999999998;8.2212
369;22; direct;15;13.0;87.37;6.720769230769231;0.0;0.0;0.0;2.0;56.85400000000001;28.427000000000007;15.0;144.22400000000002;9.614933333333335
370;22; direct;18;11.0;85.531;7.775545454545455;0.0;0.0;0.0;4.0;48.352000000000004;12.088000000000001;15.0;133.883;8.925533333333334
371;22; direct;21;11.0;14.642;1.331090909090909;0.0;0.0;0.0;4.0;243.42700000000002;60.856750000000005;15.0;258.069;17.204600000000003
372;22; widening;6;7.0;66.01299999999999;9.43042857142857;0.0;0.0;0.0;8.0;16.060000000000002;2.0075000000000003;15.0;82.073;5.4715333333333325
373;22; widening;9;10.0;74.91900000000001;7.491900000000001;0.0;0.0;0.0;5.0;27.003000000000004;5.400600000000001;15.0;101.92200000000001;6.7948
374;22; widening;12;11.0;71.868;6.533454545454545;0.0;0.0;0.0;4.0;67.542;16.8855;15.0;139.41;9.294
375;22; widening;15;9.0;13.019000000000002;1.4465555555555558;0.0;0.0;0.0;6.0;104.011;17.335166666666666;15.0;117.03;7.8020000000000005
376;22; widening;18;11.0;112.82300000000001;10.256636363636364;0.0;0.0;0.0;4.0;24.733;6.18325;15.0;137.556;9.1704
377;22; widening;21;10.0;129.17500000000004;12.917500000000004;0.0;0.0;0.0;5.0;23.302999999999997;4.6606;15.0;152.47800000000004;10.165200000000002
378;23; densening;6;11.0;78.292;7.117454545454546;0.0;0.0;0.0;4.0;18.405;4.60125;15.0;96.697;6.446466666666667
379;23; densening;9;13.0;101.66400000000002;7.8203076923076935;0.0;0.0;0.0;2.0;11.484;5.742;15.0;113.14800000000001;7.543200000000001
380;23; densening;12;14.0;114.50899999999999;8.179214285714284;0.0;0.0;0.0;1.0;5.159000000000002;5.159000000000002;15.0;119.66799999999999;7.977866666666666
381;23; densening;15;13.0;103.67999999999999;7.975384615384614;0.0;0.0;0.0;2.0;21.543;10.7715;15.0;125.22299999999998;8.348199999999999
382;23; densening;18;14.0;264.9290000000001;18.923500000000008;0.0;0.0;0.0;1.0;8.861;8.861;15.0;273.7900000000001;18.252666666666673
383;23; densening;21;12.0;121.836;10.153;0.0;0.0;0.0;3.0;19.106;6.368666666666667;15.0;140.942;9.396133333333333
384;23; direct;6;13.0;80.442;6.187846153846153;0.0;0.0;0.0;2.0;12.763000000000002;6.381500000000001;15.0;93.205;6.213666666666667
385;23; direct;9;14.0;105.48500000000001;7.534642857142858;0.0;0.0;0.0;1.0;4.3980000000000015;4.3980000000000015;15.0;109.88300000000001;7.325533333333334
386;23; direct;12;14.0;105.31500000000003;7.522500000000002;0.0;0.0;0.0;1.0;7.535;7.535;15.0;112.85000000000002;7.523333333333335
387;23; direct;15;15.0;140.56400000000002;9.370933333333335;0.0;0.0;0.0;0.0;0.0;0.0;15.0;140.56400000000002;9.370933333333335
388;23; direct;18;12.0;107.047;8.920583333333333;0.0;0.0;0.0;3.0;19.111000000000004;6.370333333333335;15.0;126.158;8.410533333333333
389;23; direct;21;14.0;127.53699999999999;9.109785714285714;0.0;0.0;0.0;1.0;7.462999999999999;7.462999999999999;15.0;135.0;9.0
390;23; widening;6;14.0;88.30900000000001;6.307785714285715;0.0;0.0;0.0;1.0;4.34;4.34;15.0;92.64900000000002;6.176600000000001
391;23; widening;9;14.0;98.569;7.040642857142857;0.0;0.0;0.0;1.0;4.956;4.956;15.0;103.525;6.901666666666667
392;23; widening;12;10.0;81.086;8.1086;0.0;0.0;0.0;5.0;46.233000000000004;9.2466;15.0;127.319;8.487933333333334
393;23; widening;15;12.0;100.093;8.341083333333334;0.0;0.0;0.0;3.0;32.048;10.682666666666668;15.0;132.14100000000002;8.809400000000002
394;23; widening;18;10.0;115.922;11.5922;0.0;0.0;0.0;5.0;39.531;7.9062;15.0;155.453;10.363533333333333
395;23; widening;21;11.0;87.17499999999998;7.924999999999998;0.0;0.0;0.0;4.0;91.486;22.8715;15.0;178.661;11.910733333333333
396;24; densening;6;11.0;76.40799999999999;6.946181818181817;0.0;0.0;0.0;4.0;26.334999999999997;6.583749999999999;15.0;102.74299999999998;6.849533333333332
397;24; densening;9;12.0;106.11400000000002;8.842833333333335;1.0;2.9410000000000003;2.9410000000000003;2.0;18.735;9.3675;15.0;127.79000000000002;8.519333333333334
398;24; densening;12;11.0;96.551;8.777363636363637;0.0;0.0;0.0;4.0;43.296;10.824;15.0;139.847;9.323133333333335
399;24; densening;15;9.0;84.43100000000001;9.381222222222224;1.0;6.631;6.631;5.0;36.778;7.3556;15.0;127.84;8.522666666666668
400;24; densening;18;10.0;94.17999999999999;9.418;2.0;14.306000000000001;7.1530000000000005;3.0;43.553;14.517666666666665;15.0;152.039;10.135933333333332
401;24; densening;21;13.0;158.68;12.206153846153846;0.0;0.0;0.0;2.0;18.753;9.3765;15.0;177.433;11.828866666666666
402;24; direct;6;12.0;73.92000000000002;6.160000000000001;0.0;0.0;0.0;3.0;13.798000000000002;4.599333333333334;15.0;87.71800000000002;5.847866666666667
403;24; direct;9;11.0;83.90100000000001;7.627363636363637;1.0;7.331;7.331;3.0;11.715;3.905;15.0;102.94700000000002;6.863133333333335
404;24; direct;12;9.0;78.881;8.764555555555555;1.0;7.865;7.865;5.0;36.658;7.3316;15.0;123.404;8.226933333333333
405;24; direct;15;10.0;88.442;8.844199999999999;3.0;23.583000000000002;7.861000000000001;2.0;11.306999999999999;5.653499999999999;15.0;123.332;8.222133333333334
406;24; direct;18;10.0;84.072;8.4072;1.0;11.363;11.363;4.0;28.270000000000003;7.067500000000001;15.0;123.70500000000001;8.247000000000002
407;24; direct;21;9.0;93.37;10.374444444444444;2.0;16.541999999999998;8.270999999999999;4.0;30.488;7.622;15.0;140.4;9.360000000000001
408;24; widening;6;11.0;67.42;6.129090909090909;1.0;5.088;5.088;3.0;14.915000000000003;4.971666666666668;15.0;87.423;5.8282
409;24; widening;9;8.0;49.391;6.173875;2.0;15.280999999999999;7.640499999999999;5.0;28.607000000000003;5.721400000000001;15.0;93.279;6.2185999999999995
410;24; widening;12;10.0;92.473;9.2473;1.0;5.7120000000000015;5.7120000000000015;4.0;19.163;4.79075;15.0;117.348;7.8232
411;24; widening;15;8.0;57.681000000000004;7.210125000000001;0.0;0.0;0.0;7.0;47.60900000000001;6.801285714285716;15.0;105.29000000000002;7.019333333333335
412;24; widening;18;7.0;65.09700000000001;9.29957142857143;4.0;23.92;5.98;4.0;26.329;6.58225;15.0;115.346;7.689733333333334
413;24; widening;21;8.0;89.916;11.2395;3.0;21.195;7.065;4.0;26.824999999999996;6.706249999999999;15.0;137.93599999999998;9.195733333333331
