;Proband;1_ densening_6;1_ densening_9;1_ densening_12;1_ densening_15;1_ densening_18;1_ densening_21;1_ direct_6;1_ direct_9;1_ direct_12;1_ direct_15;1_ direct_18;1_ direct_21;1_ widening_6;1_ widening_9;1_ widening_12;1_ widening_15;1_ widening_18;1_ widening_21;2_ densening_6;2_ densening_9;2_ densening_12;2_ densening_15;2_ densening_18;2_ densening_21;2_ direct_6;2_ direct_9;2_ direct_12;2_ direct_15;2_ direct_18;2_ direct_21;2_ widening_6;2_ widening_9;2_ widening_12;2_ widening_15;2_ widening_18;2_ widening_21;3_ densening_6;3_ densening_9;3_ densening_12;3_ densening_15;3_ densening_18;3_ densening_21;3_ direct_6;3_ direct_9;3_ direct_12;3_ direct_15;3_ direct_18;3_ direct_21;3_ widening_6;3_ widening_9;3_ widening_12;3_ widening_15;3_ widening_18;3_ widening_21;4_ densening_6;4_ densening_9;4_ densening_12;4_ densening_15;4_ densening_18;4_ densening_21;4_ direct_6;4_ direct_9;4_ direct_12;4_ direct_15;4_ direct_18;4_ direct_21;4_ widening_6;4_ widening_9;4_ widening_12;4_ widening_15;4_ widening_18;4_ widening_21;5_ densening_6;5_ densening_9;5_ densening_12;5_ densening_15;5_ densening_18;5_ densening_21;5_ direct_6;5_ direct_9;5_ direct_12;5_ direct_15;5_ direct_18;5_ direct_21;5_ widening_6;5_ widening_9;5_ widening_12;5_ widening_15;5_ widening_18;5_ widening_21;6_ densening_6;6_ densening_9;6_ densening_12;6_ densening_15;6_ densening_18;6_ densening_21;6_ direct_6;6_ direct_9;6_ direct_12;6_ direct_15;6_ direct_18;6_ direct_21;6_ widening_6;6_ widening_9;6_ widening_12;6_ widening_15;6_ widening_18;6_ widening_21;7_ densening_6;7_ densening_9;7_ densening_12;7_ densening_15;7_ densening_18;7_ densening_21;7_ direct_6;7_ direct_9;7_ direct_12;7_ direct_15;7_ direct_18;7_ direct_21;7_ widening_6;7_ widening_9;7_ widening_12;7_ widening_15;7_ widening_18;7_ widening_21;8_ densening_6;8_ densening_9;8_ densening_12;8_ densening_15;8_ densening_18;8_ densening_21;8_ direct_6;8_ direct_9;8_ direct_12;8_ direct_15;8_ direct_18;8_ direct_21;8_ widening_6;8_ widening_9;8_ widening_12;8_ widening_15;8_ widening_18;8_ widening_21;9_ densening_6;9_ densening_9;9_ densening_12;9_ densening_15;9_ densening_18;9_ densening_21;9_ direct_6;9_ direct_9;9_ direct_12;9_ direct_15;9_ direct_18;9_ direct_21;9_ widening_6;9_ widening_9;9_ widening_12;9_ widening_15;9_ widening_18;9_ widening_21;10_ densening_6;10_ densening_9;10_ densening_12;10_ densening_15;10_ densening_18;10_ densening_21;10_ direct_6;10_ direct_9;10_ direct_12;10_ direct_15;10_ direct_18;10_ direct_21;10_ widening_6;10_ widening_9;10_ widening_12;10_ widening_15;10_ widening_18;10_ widening_21;11_ densening_6;11_ densening_9;11_ densening_12;11_ densening_15;11_ densening_18;11_ densening_21;11_ direct_6;11_ direct_9;11_ direct_12;11_ direct_15;11_ direct_18;11_ direct_21;11_ widening_6;11_ widening_9;11_ widening_12;11_ widening_15;11_ widening_18;11_ widening_21;12_ densening_6;12_ densening_9;12_ densening_12;12_ densening_15;12_ densening_18;12_ densening_21;12_ direct_6;12_ direct_9;12_ direct_12;12_ direct_15;12_ direct_18;12_ direct_21;12_ widening_6;12_ widening_9;12_ widening_12;12_ widening_15;12_ widening_18;12_ widening_21;13_ densening_6;13_ densening_9;13_ densening_12;13_ densening_15;13_ densening_18;13_ densening_21;13_ direct_6;13_ direct_9;13_ direct_12;13_ direct_15;13_ direct_18;13_ direct_21;13_ widening_6;13_ widening_9;13_ widening_12;13_ widening_15;13_ widening_18;13_ widening_21;14_ densening_6;14_ densening_9;14_ densening_12;14_ densening_15;14_ densening_18;14_ densening_21;14_ direct_6;14_ direct_9;14_ direct_12;14_ direct_15;14_ direct_18;14_ direct_21;14_ widening_6;14_ widening_9;14_ widening_12;14_ widening_15;14_ widening_18;14_ widening_21;15_ densening_6;15_ densening_9;15_ densening_12;15_ densening_15;15_ densening_18;15_ densening_21;15_ direct_6;15_ direct_9;15_ direct_12;15_ direct_15;15_ direct_18;15_ direct_21;15_ widening_6;15_ widening_9;15_ widening_12;15_ widening_15;15_ widening_18;15_ widening_21
0;1;5.253;6.209;7.046;8.298;6.77;7.254;7.368;6.978;6.645;8.117;6.736;8.554;7.304;5.463;4.764;4.154;6.979;9.215;6.353;8.446;6.038;5.385;9.442;5.869;4.414;6.029;8.612;7.91;8.166;7.948;5.462;4.406;6.182;8.275;9.734;7.038;6.421;4.465;8.894;9.89;12.797;11.696;7.155;13.55;8.256;7.202;7.459;6.722;4.413;3.762;8.897;5.072;7.205;7.556;4.731;4.078;8.365;7.696;7.288;7.594;3.627;11.628;5.049;7.145;5.696;13.702;3.459;5.447;5.731;5.669;8.776;7.784;6.299;5.351;7.669;6.212;10.787;8.006;5.516;9.832;4.624;7.956;9.571;7.631;4.476;6.039;6.906;7.805;6.431;6.828;7.321;7.983;6.173;7.119;7.846;7.815;3.69;9.463;5.974;7.646;7.173;7.07;5.919;4.638;5.983;7.281;8.964;6.145;6.604;5.169;5.553;7.085;8.056;8.33;6.075;7.849;22.207;8.418;6.003;5.58;4.997;7.699;8.21;8.192;8.986;8.843;3.822;6.054;6.749;6.838;5.041;7.839;4.953;6.402;6.314;8.534;7.651;8.794;3.39;6.966;4.366;19.87;6.714;8.514;5.422;5.168;7.621;7.176;5.31;9.518;5.39;4.394;5.756;8.095;7.27;9.885;5.482;5.124;6.611;7.316;6.046;10.311;4.49;5.747;4.713;9.224;10.186;4.548;3.063;8.062;7.487;6.751;8.081;59.043;4.347;6.478;8.222;15.782;6.245;7.91;6.754;5.377;8.598;11.677;5.427;3.921;7.829;7.138;5.866;8.66;7.173;7.709;3.602;7.206;6.111;8.751;20.821;6.559;6.217;5.41;6.954;6.374;6.525;9.699;4.869;6.315;4.7;9.016;5.924;12.123;4.602;6.716;9.225;9.302;9.259;11.649;3.749;7.588;4.321;5.28;8.009;9.345;6.035;8.434;6.486;8.358;9.593;7.034;3.05;6.829;5.351;4.794;8.999;7.525;6.386;3.527;5.178;5.819;5.747;7.335;5.586;6.845;6.352;5.87;5.231;7.592;7.054;28.817;6.023;5.545;13.116;5.74;2.723;4.654;7.74;8.443;7.769;8.583;6.541;6.568;7.861;6.198;7.974;7.777;5.917;7.507;5.973;7.479;9.905;7.309
1;2;5.871;12.11;12.799;9.337;9.22;5.272;6.061;9.415;8.308;9.431;9.025;12.117;11.318;6.393;7.541;9.36;9.381;8.546;7.288;9.987;6.458;5.908;7.459;10.107;6.467;7.734;11.324;8.701;6.896;8.875;4.659;4.28;6.649;4.975;13.269;10.464;6.778;6.047;10.015;7.231;9.968;9.617;4.361;8.832;6.402;6.011;14.327;10.198;3.352;5.475;7.706;8.288;7.421;9.72;6.646;9.92;9.299;9.705;8.997;9.34;5.929;13.831;10.079;7.499;8.035;10.456;4.937;10.029;8.93;8.169;12.74;12.073;3.73;7.689;7.131;13.444;8.081;9.774;5.232;6.306;6.928;8.043;7.758;7.086;6.059;4.977;9.472;9.96;7.666;8.795;7.465;7.717;5.771;8.55;49.157;7.504;5.802;6.324;7.188;6.336;34.328;10.341;5.871;6.986;7.794;6.654;7.864;27.141;5.624;6.568;7.323;7.808;6.973;8.305;6.409;12.049;9.345;7.655;9.237;9.659;4.734;6.499;7.807;9.086;7.999;7.221;5.318;4.249;12.098;7.3;8.85;18.338;5.268;6.687;8.521;10.552;5.078;9.392;6.422;7.24;50.466;5.309;9.051;8.696;5.097;6.492;7.665;7.199;18.432;6.171;7.917;7.999;7.162;8.167;11.01;11.155;6.095;5.245;7.507;6.215;7.814;10.137;5.232;6.238;7.83;5.903;8.928;8.705;4.74;7.366;7.271;9.983;19.973;10.81;12.408;12.486;8.123;29.889;6.849;7.927;5.569;6.077;6.804;8.939;11.854;8.822;6.798;8.557;13.856;5.555;7.955;9.059;4.769;6.086;8.27;8.801;7.219;9.389;6.134;7.045;7.13;8.688;7.873;56.43;4.492;5.903;6.138;10.351;8.146;9.468;8.972;6.67;7.831;11.884;13.936;9.803;6.313;6.58;5.858;41.144;7.624;10.29;6.004;7.228;19.547;7.372;8.473;10.763;5.063;6.781;11.542;5.765;7.995;12.684;7.642;16.261;7.798;11.491;8.247;7.572;5.915;10.516;31.57;6.249;8.317;11.038;5.737;12.38;8.215;8.692;13.828;7.037;7.044;17.634;7.045;19.082;11.333;13.49;5.706;7.679;9.385;9.962;10.491;14.228;7.628;7.535;6.333;7.432;49.389;20.144
2;3;9.699;7.336;9.165;5.902;17.872;5.793;28.75;4.845;6.833;6.752;18.879;8.905;5.35;7.105;7.83;12.956;4.097;6.783;6.998;3.168;6.052;7.087;26.498;4.201;5.876;6.208;5.725;3.033;38.453;10.719;1.974;6.254;4.159;18.389;5.999;9.585;4.525;5.586;7.644;10.661;10.316;5.508;5.77;5.018;6.791;9.404;10.409;11.929;2.927;2.707;9.792;8.424;6.702;16.393;4.351;9.117;4.159;7.899;6.471;6.466;4.907;5.167;5.518;9.768;10.52;12.801;4.728;4.624;5.499;4.723;40.661;11.622;3.217;5.016;6.802;8.84;7.585;5.979;8.404;3.6;7.026;5.728;7.809;4.438;10.132;4.432;5.394;6.35;14.382;18.359;4.92;9.792;5.166;9.581;7.922;10.416;5.172;7.366;10.328;6.891;9.82;12.908;2.876;4.847;6.182;7.051;4.913;8.139;5.376;6.763;3.928;5.375;8.663;8.655;3.753;15.059;7.0;14.366;15.007;8.255;5.557;6.829;16.693;6.705;9.588;8.7;4.176;2.573;8.804;6.943;7.361;30.96;4.741;6.72;6.863;9.441;44.45;36.55;6.16;10.74;6.415;8.461;6.496;7.159;5.405;8.579;2.776;14.427;42.785;14.918;2.304;3.367;5.391;7.011;8.184;7.457;4.47;7.198;14.082;24.174;6.419;13.024;6.17;7.946;4.011;16.845;11.258;13.598;3.464;3.448;11.918;8.472;18.98;12.655;3.009;5.594;6.936;9.554;7.582;12.233;6.886;5.359;11.221;19.25;10.38;31.895;5.556;7.222;7.474;5.364;9.184;26.468;5.857;6.495;5.407;6.404;6.167;22.402;4.396;9.03;6.848;11.333;6.735;21.964;3.569;5.817;8.859;5.077;10.081;16.64;6.6;13.719;11.043;20.058;6.031;12.802;3.709;8.243;6.839;9.078;11.506;13.989;1.539;6.181;9.405;13.623;5.609;7.212;3.902;5.757;5.505;7.632;7.376;7.618;5.39;4.842;8.489;13.346;6.84;8.384;3.282;12.96;4.318;10.63;6.784;14.011;5.476;5.148;5.622;7.727;7.795;8.033;3.976;8.023;4.719;11.873;26.876;11.878;5.0;3.079;14.458;15.887;17.365;6.925;3.004;5.805;10.616;7.682;7.147;6.951
3;4;7.995;19.506;6.351;13.717;25.701;16.241;5.754;8.051;8.368;16.675;10.118;10.023;6.337;5.497;13.67;10.427;9.653;6.708;5.962;10.38;4.508;8.179;7.507;32.832;3.156;7.108;8.762;6.872;11.567;13.7;10.494;8.373;9.208;13.75;6.077;14.658;5.397;4.952;16.934;15.221;38.745;18.46;3.458;10.966;9.457;8.218;15.804;24.95;3.353;28.11;10.34;16.173;15.352;20.053;5.071;3.536;9.875;46.748;22.948;27.586;6.621;8.082;9.195;18.657;14.987;15.271;4.533;7.333;8.268;9.897;12.386;29.824;4.177;9.191;9.68;23.336;34.145;7.391;6.053;5.402;7.814;15.161;24.436;15.941;6.773;6.186;26.267;5.878;24.295;10.86;7.074;8.106;6.225;9.278;9.161;16.384;6.415;7.409;9.638;7.646;28.619;11.048;7.925;5.051;7.313;33.876;12.245;10.751;5.167;8.589;7.407;4.173;8.846;12.539;3.861;4.279;6.449;11.317;25.378;23.357;5.667;6.024;6.875;12.742;7.143;21.749;7.83;8.162;4.264;11.167;28.589;17.719;5.833;7.894;16.97;13.771;8.993;13.252;3.069;4.904;23.617;12.059;14.333;69.053;3.765;4.698;12.034;20.669;7.264;12.067;10.363;7.117;10.535;18.107;8.813;17.171;8.937;4.687;4.107;8.758;23.114;18.552;4.049;3.428;16.139;11.552;18.21;7.931;4.723;5.068;9.031;13.256;43.531;26.004;3.428;29.096;13.399;23.516;22.536;11.423;7.943;10.422;12.24;7.594;35.128;21.805;4.91;9.381;8.818;8.316;19.565;34.513;10.267;8.788;8.513;5.644;5.984;13.514;5.377;9.209;9.903;11.584;11.068;21.768;7.697;6.473;6.822;14.839;12.272;21.195;5.041;9.201;7.769;14.884;16.884;21.167;4.651;12.4;3.845;41.334;42.256;7.529;3.275;9.754;5.345;9.476;45.33;24.059;12.335;8.226;8.143;39.018;7.55;10.315;8.655;9.08;8.265;10.376;6.567;15.735;7.632;5.292;21.88;4.939;25.457;21.294;3.344;18.263;13.627;13.337;10.789;16.892;5.35;7.412;3.638;16.213;8.106;20.941;9.693;3.529;8.357;15.585;7.935;8.443;6.069;7.898;10.611;10.822;8.707;14.274
4;5;4.402;6.206;7.662;8.144;6.27;6.16;3.886;5.193;8.626;11.034;9.2;10.193;4.582;5.696;7.886;6.404;7.191;9.977;9.037;7.215;4.87;5.645;9.384;5.419;5.025;4.683;9.272;6.631;9.42;5.69;5.884;7.163;5.362;11.469;9.284;7.272;5.903;8.685;9.204;8.43;7.627;13.425;3.655;5.388;5.59;6.758;6.567;9.094;6.509;5.568;10.565;4.405;9.503;9.189;6.469;4.932;7.936;12.16;8.235;6.457;4.906;5.004;7.488;6.876;13.095;8.304;4.994;4.508;3.738;10.113;7.4;5.684;4.088;7.558;6.584;16.308;10.972;8.224;5.008;7.325;7.007;7.599;6.424;7.38;6.984;4.197;7.233;6.677;9.763;6.321;5.38;7.128;7.096;5.897;10.054;9.788;4.986;5.443;7.548;10.674;8.17;8.896;4.023;3.7;9.213;6.84;6.623;11.92;12.417;6.687;6.424;5.518;8.925;9.788;6.178;5.174;9.857;5.249;6.183;17.441;4.801;5.991;5.082;6.71;11.022;4.327;4.701;6.018;9.042;5.184;8.354;9.827;5.075;7.208;6.882;7.89;7.324;9.491;5.151;6.008;6.763;7.693;9.222;9.863;5.078;6.294;7.767;6.899;6.972;7.891;4.764;9.558;8.348;5.948;8.603;8.485;3.773;7.916;8.36;6.21;8.946;7.938;7.618;4.725;6.741;9.535;7.385;6.452;4.487;7.97;6.908;7.372;6.643;5.697;9.615;3.935;9.428;7.321;10.043;7.806;5.272;5.163;12.283;11.299;9.342;6.583;4.274;5.239;5.879;10.894;13.296;9.215;4.998;7.654;5.35;7.905;7.543;8.097;6.31;8.134;10.034;7.08;9.26;8.942;5.248;4.347;7.148;6.731;9.03;7.87;5.376;5.236;7.153;8.224;5.795;11.374;5.096;6.128;9.482;8.439;13.718;10.981;3.676;5.746;4.538;6.281;7.687;10.723;3.143;3.842;5.868;12.113;8.941;7.317;5.14;2.484;6.909;5.808;12.334;7.319;5.157;5.086;6.607;10.651;11.677;5.882;5.371;8.625;9.667;10.285;8.319;10.474;5.496;5.717;8.902;14.194;5.346;15.253;8.408;9.947;5.26;6.992;7.53;8.028;5.812;6.828;6.768;6.574;10.862;11.253
5;6;6.433;7.937;15.8;13.04;7.659;9.423;4.526;6.554;8.614;9.848;19.986;5.363;5.436;278.778;6.592;10.143;9.698;36.157;6.811;33.604;9.583;5.833;8.21;14.37;7.835;3.764;9.095;13.32;7.045;12.865;5.012;6.445;7.222;12.984;7.421;8.72;15.353;6.698;7.532;10.856;9.711;8.84;6.805;5.054;7.778;11.542;11.819;10.128;9.022;5.848;6.691;6.032;9.114;6.238;6.103;10.36;10.783;14.77;5.475;10.684;6.924;8.691;6.446;10.41;13.143;17.349;5.615;5.753;9.597;11.986;5.985;7.832;5.758;5.146;9.884;7.762;13.331;13.08;5.143;8.0;4.978;5.074;10.57;7.617;8.153;7.182;7.779;11.35;6.847;9.091;4.456;5.328;9.428;7.805;7.721;12.178;6.648;5.254;6.105;10.336;7.595;9.155;6.49;13.206;5.63;9.98;33.843;10.061;9.153;9.507;5.86;19.437;7.568;9.175;8.057;11.763;9.526;7.958;4.215;20.659;5.59;6.569;6.802;6.942;12.773;7.242;3.75;5.777;9.562;8.902;3.374;12.062;5.541;7.048;7.326;5.41;9.33;7.316;4.989;7.194;4.904;7.268;7.429;7.181;8.518;6.385;11.795;10.84;10.109;10.257;5.141;6.619;6.459;8.998;5.438;6.455;6.167;7.98;9.826;7.272;6.89;17.709;7.264;8.49;6.844;21.605;9.371;6.355;7.385;5.54;7.978;5.171;11.386;18.568;6.543;18.147;10.308;6.906;11.092;24.238;7.992;3.963;8.57;5.803;7.442;7.034;7.361;5.644;6.105;6.025;6.982;6.779;5.36;14.131;12.498;6.084;8.164;8.753;6.14;9.287;6.821;8.457;8.334;5.202;3.219;8.034;17.356;6.549;6.019;34.884;9.808;8.386;14.072;8.85;9.433;20.575;7.549;6.435;7.041;12.852;10.091;8.165;5.634;5.941;7.514;3.839;8.193;8.913;6.557;5.175;4.435;6.225;10.571;7.627;6.09;6.3;8.724;6.452;5.562;11.502;4.098;4.108;8.783;10.405;7.512;8.865;5.644;8.446;17.136;8.206;10.14;7.302;10.072;7.595;4.061;11.687;6.002;9.624;6.053;8.395;6.97;14.024;6.89;6.759;4.656;14.171;10.047;7.437;6.469;7.052
6;7;7.534;7.483;8.514;8.631;8.761;8.89;6.137;42.485;10.043;14.993;8.981;7.695;6.141;5.561;9.116;9.773;8.505;8.747;6.447;5.369;8.029;5.8;5.069;15.193;3.941;6.11;9.468;6.714;6.613;6.242;4.296;7.246;8.002;7.601;10.153;10.666;7.166;5.758;6.737;11.321;6.036;7.38;5.367;4.675;5.597;5.486;11.655;16.187;4.109;8.834;6.754;8.672;9.309;11.768;4.502;8.347;11.348;11.401;7.725;4.851;2.671;11.66;16.114;5.853;5.05;10.919;6.539;6.738;7.422;8.072;9.169;8.406;51.131;8.061;5.658;8.538;8.964;11.054;8.003;5.422;8.277;11.341;10.544;12.608;5.952;8.064;7.911;6.627;6.874;7.223;6.172;6.337;8.917;6.072;8.889;8.144;5.695;6.868;3.942;11.168;10.295;5.768;4.555;17.441;33.531;10.951;7.355;10.011;6.613;6.392;9.247;6.748;6.168;11.278;3.887;6.459;10.167;7.765;13.177;7.515;5.579;8.392;6.314;10.373;9.292;11.139;7.207;7.76;8.62;7.79;8.983;9.262;4.587;10.014;7.15;9.83;12.094;10.618;5.866;4.489;7.874;7.035;16.555;9.797;6.599;3.415;4.388;12.854;9.186;4.853;6.129;7.179;10.632;6.51;5.071;14.804;8.846;6.293;8.135;10.078;11.003;26.779;6.715;9.352;6.535;4.773;19.221;8.021;6.857;8.253;10.764;13.636;5.52;13.356;5.204;9.271;9.967;14.675;9.431;7.077;6.703;6.534;3.39;9.488;6.869;11.485;6.572;7.921;6.684;11.584;14.648;12.671;4.457;5.944;8.427;10.994;7.637;10.778;6.513;7.457;6.784;6.268;12.716;18.183;5.833;6.143;10.001;12.69;9.051;8.089;6.179;5.39;4.787;8.872;10.011;15.879;5.769;7.252;5.812;20.338;8.412;4.22;5.911;10.843;7.572;5.992;9.613;9.91;6.821;8.805;46.325;10.062;8.598;9.336;76.612;5.813;9.074;7.572;7.763;11.319;8.199;11.448;8.255;8.76;6.634;13.884;7.205;6.713;11.494;11.718;6.519;14.129;6.73;6.762;7.583;9.004;8.336;8.401;5.905;6.201;6.693;2.896;8.886;15.833;6.476;11.715;6.169;11.183;9.339;8.083
7;8;9.659;10.424;21.631;12.134;14.253;11.642;7.827;6.578;6.528;41.208;12.648;340.853;94.393;14.73;29.434;13.018;20.653;11.508;7.071;13.888;11.375;11.963;11.035;6.845;5.327;5.557;6.183;20.026;9.817;10.261;5.546;21.746;10.74;9.388;6.93;20.088;8.704;6.125;12.191;11.92;6.677;12.31;4.253;5.893;10.001;8.796;5.084;13.402;9.991;5.774;7.868;9.002;8.439;13.545;6.517;12.252;7.833;15.152;32.703;9.08;4.055;7.94;5.883;5.033;8.25;8.595;6.808;11.351;8.685;7.621;14.248;13.287;7.365;10.984;10.573;12.257;9.9;18.385;7.936;6.698;6.681;9.026;7.451;7.91;3.989;10.414;7.094;10.18;17.021;24.094;9.11;36.187;13.468;11.201;15.217;20.817;8.305;14.175;6.88;14.206;6.62;8.68;5.315;7.483;10.326;39.884;7.744;21.607;8.096;7.904;8.736;14.066;9.652;19.666;5.82;8.432;6.779;10.644;7.674;10.979;4.336;4.449;4.935;6.625;7.67;13.037;9.473;8.297;6.069;9.183;1.727;9.718;3.847;8.639;7.295;6.909;7.686;6.069;6.986;9.067;14.473;7.078;5.587;13.226;10.186;15.536;7.692;5.816;9.653;12.754;3.353;7.448;7.94;11.0;9.014;7.137;5.333;5.624;14.716;10.742;10.366;8.961;6.083;10.108;8.231;6.674;13.053;9.017;10.204;6.091;5.823;12.396;7.109;9.275;6.838;6.797;9.365;10.052;18.636;8.382;23.177;9.737;7.747;13.501;9.118;7.487;5.739;12.565;10.078;19.006;38.573;13.474;11.476;8.664;6.528;9.851;9.457;63.924;7.153;13.349;7.273;14.813;8.79;23.354;8.232;3.556;7.045;23.709;20.237;17.522;6.203;4.072;13.868;8.596;12.89;9.301;4.444;7.797;7.73;6.778;5.918;6.104;5.261;6.564;9.527;7.764;10.646;11.691;4.461;8.635;4.827;12.289;11.319;9.82;6.163;11.011;9.094;5.051;14.057;12.153;5.641;8.239;5.646;10.749;11.619;18.983;9.018;7.444;13.253;8.215;8.192;9.5;6.431;7.988;6.974;10.822;10.325;11.198;4.669;9.305;7.727;12.983;12.741;10.135;3.762;6.942;8.73;9.365;9.759;25.176
8;9;7.597;25.974;8.393;10.918;6.185;17.886;14.081;4.011;9.471;8.882;9.038;8.83;7.427;7.997;10.269;6.418;10.564;20.292;7.845;12.774;8.198;4.851;10.125;10.166;5.305;5.672;6.301;32.952;9.405;9.332;6.698;8.331;18.269;37.506;7.432;16.993;6.871;9.609;4.991;8.128;10.545;6.121;4.285;6.249;8.616;6.072;8.618;9.106;5.028;4.678;13.759;7.243;14.503;6.969;22.227;4.778;7.063;42.036;20.344;9.688;5.305;6.321;6.079;7.861;9.425;6.067;6.574;2.6;7.506;8.901;33.376;12.469;11.189;6.855;7.767;11.277;8.459;8.479;7.409;5.681;8.231;23.074;14.452;11.016;7.186;4.706;8.196;7.162;6.945;8.636;7.994;8.617;7.434;6.697;9.566;8.311;6.15;7.321;8.278;10.684;7.044;11.326;9.698;7.202;7.991;10.423;5.831;8.062;7.207;9.485;8.23;19.827;10.734;8.576;7.414;6.575;14.542;13.888;13.327;10.038;7.406;9.116;5.854;8.896;39.379;9.256;5.932;5.398;11.783;11.519;7.99;14.413;6.484;5.734;7.747;6.488;6.066;8.54;6.9;6.349;9.511;8.102;7.597;17.856;6.519;17.41;9.932;11.1;25.46;21.78;4.684;7.193;8.689;10.131;8.901;14.221;6.527;8.075;7.666;13.588;13.947;19.249;6.118;7.795;6.231;10.864;6.346;6.29;6.935;5.699;6.759;7.933;9.979;7.016;6.551;8.719;6.102;8.944;8.013;21.875;5.44;9.699;8.346;20.995;5.734;9.293;6.234;5.664;8.42;5.971;10.789;8.01;5.945;7.627;19.923;9.597;8.077;8.753;10.462;12.781;5.77;7.384;9.542;10.372;4.508;6.859;6.264;14.851;12.345;8.061;6.315;9.92;7.582;9.708;10.109;7.925;7.173;5.035;9.87;8.894;18.292;10.931;6.032;6.604;5.715;6.997;9.209;7.106;6.608;7.698;4.132;18.312;19.231;12.389;5.7;14.998;10.45;12.205;13.859;9.77;5.634;5.961;8.648;6.958;7.83;7.773;6.334;10.101;8.543;8.835;8.323;8.37;9.28;7.816;9.068;6.365;9.536;7.032;6.443;12.646;9.038;6.363;8.001;7.109;5.284;6.593;7.866;11.976;9.602;5.451
9;10;2.562;4.503;4.673;7.278;5.45;9.862;2.435;264.491;3.84;10.244;4.607;6.64;7.629;3.634;3.228;3.158;33.425;138.45;7.174;3.466;13.875;9.491;4.54;19.709;2.804;5.792;6.891;4.185;4.936;6.833;5.319;3.574;3.67;3.74;4.019;11.324;5.158;5.998;9.253;9.525;5.984;24.008;3.486;6.083;5.061;6.246;7.191;5.633;3.964;3.315;11.625;4.443;15.523;6.348;4.797;5.13;11.502;20.049;15.285;5.961;5.149;3.278;7.564;4.224;5.661;6.645;3.684;4.01;5.176;4.237;4.338;4.078;4.587;4.778;6.99;6.846;13.943;9.637;3.038;5.451;4.355;4.481;9.14;10.041;6.663;4.867;5.544;7.815;3.154;8.253;5.891;13.466;5.088;9.304;11.074;11.674;4.061;3.567;3.638;5.805;18.407;3.688;4.851;3.51;10.658;3.97;2.986;9.053;2.675;5.951;2.959;8.281;9.983;6.823;6.838;10.328;9.39;6.131;16.6;13.315;10.343;16.109;10.933;9.509;14.639;7.663;3.536;7.582;2.762;13.378;7.84;10.661;4.173;6.796;3.238;4.39;11.655;10.528;3.576;4.876;5.17;6.181;2.398;6.375;6.421;4.126;9.14;7.309;4.593;15.191;6.327;5.899;6.287;7.357;6.432;16.975;5.485;4.179;15.577;5.683;3.425;7.97;5.53;5.69;4.332;12.646;10.219;5.748;4.616;6.89;6.173;12.222;6.596;22.325;1.689;9.129;4.833;15.948;5.241;9.358;2.502;5.732;5.287;7.136;12.621;33.374;4.497;6.032;6.167;5.272;12.373;11.635;2.701;3.949;6.587;4.885;28.849;5.993;9.789;3.358;9.275;5.622;10.363;6.136;4.909;6.351;8.149;4.861;8.619;19.527;5.091;3.326;18.888;7.758;4.526;4.881;2.597;4.711;14.053;5.918;11.465;9.319;5.026;3.56;4.012;5.045;4.877;16.399;26.38;6.366;6.952;5.64;9.312;9.559;4.413;7.26;9.762;8.15;6.419;10.929;5.288;1.985;6.221;3.652;6.617;8.23;1.451;5.355;5.592;8.473;7.03;3.176;5.606;4.024;5.103;4.27;3.277;13.874;7.197;5.258;3.719;7.584;43.499;7.689;5.408;5.965;4.791;6.738;6.791;7.115
10;11;5.486;6.367;5.473;4.456;242.304;8.675;6.093;10.099;6.963;12.952;8.539;9.48;5.514;5.779;9.56;4.634;19.332;10.861;12.125;7.544;4.289;2.747;4.253;17.003;6.005;5.438;6.012;9.148;11.401;8.776;5.265;7.023;6.255;6.171;9.582;9.083;7.344;6.042;6.032;6.559;3.604;9.712;5.802;7.087;10.567;13.363;13.198;10.059;4.327;5.112;4.252;8.433;9.997;10.901;9.467;8.373;6.781;3.725;16.169;8.915;5.009;8.496;5.302;6.743;14.969;6.41;5.856;4.277;6.471;13.76;7.354;9.551;5.328;5.396;4.261;9.207;15.093;3.885;4.415;7.762;8.05;12.713;4.572;11.891;4.318;5.058;5.861;7.83;6.376;12.522;9.673;4.143;4.74;7.449;12.392;8.675;4.335;5.451;4.281;12.198;8.429;5.869;7.991;8.729;4.269;9.582;5.346;11.523;6.465;3.536;3.563;11.589;9.906;12.85;4.038;6.659;6.157;8.146;9.588;11.078;4.521;6.941;9.199;7.703;12.341;7.805;5.132;3.839;4.622;11.739;9.284;4.747;7.06;6.446;5.325;11.731;6.693;10.542;8.014;4.842;16.423;5.755;9.313;6.658;7.744;4.35;8.081;12.611;5.48;12.521;5.365;4.224;13.636;6.197;9.735;13.295;4.727;5.024;9.007;4.076;10.629;10.549;7.74;4.372;6.773;11.902;4.33;10.608;6.629;4.206;7.273;7.325;8.948;8.205;6.179;4.485;8.756;5.729;8.708;12.489;7.671;5.068;9.634;14.135;14.688;5.725;3.776;4.76;6.707;5.463;6.017;14.029;3.286;4.915;7.289;7.934;8.922;7.977;5.486;6.03;8.829;5.371;12.662;7.178;3.618;2.958;10.568;9.295;5.781;5.632;4.981;4.306;8.905;9.857;6.191;8.136;5.413;6.227;13.508;3.827;9.072;4.579;4.84;3.536;6.119;8.978;14.042;7.619;3.693;6.797;4.904;3.603;5.633;7.594;3.655;5.525;7.171;9.841;7.0;17.627;5.123;13.482;6.645;8.753;12.198;6.936;8.313;5.559;8.681;11.95;6.9;7.364;5.599;3.871;10.052;9.562;3.982;13.048;4.278;7.908;8.727;7.425;4.782;8.981;4.58;4.938;6.689;6.225;10.636;19.305
11;12;4.231;7.461;9.18;6.186;8.266;7.103;6.392;10.484;5.267;9.417;8.005;8.868;5.959;7.208;9.606;7.352;8.456;7.296;5.107;7.443;5.431;5.537;7.182;5.293;5.534;6.1;7.488;13.612;7.441;13.032;5.781;5.307;6.294;8.758;10.237;11.121;3.047;6.405;11.037;9.65;6.939;10.715;7.297;14.586;8.92;7.655;9.651;8.828;4.152;7.632;6.601;4.727;7.548;7.209;8.365;5.422;8.59;10.232;6.819;12.653;6.002;8.561;7.928;10.894;7.957;8.369;5.919;6.373;6.19;9.089;7.963;9.996;8.253;5.334;8.082;8.491;8.48;6.371;6.031;6.102;8.538;10.62;8.717;8.215;5.322;5.943;8.342;8.172;8.91;7.108;6.8;5.628;6.633;6.623;11.474;7.847;6.426;5.451;5.314;8.085;8.801;10.429;5.366;5.436;6.925;7.104;7.707;6.225;6.631;7.412;5.116;5.669;9.29;9.371;6.621;8.429;6.027;10.12;7.634;9.02;6.109;7.348;6.098;9.78;9.464;7.214;5.512;7.35;8.015;9.087;11.676;11.327;5.813;6.826;7.444;5.655;8.44;11.908;4.691;8.009;7.115;7.306;6.375;6.803;6.643;5.435;7.468;8.409;6.464;9.561;5.81;5.88;8.23;14.619;10.454;19.238;5.298;6.055;9.909;7.583;9.895;8.006;4.524;7.283;9.138;9.649;7.393;5.163;6.982;5.656;8.48;9.349;6.257;6.984;5.242;4.598;6.559;7.323;6.737;9.37;6.835;4.932;7.68;8.928;8.211;5.595;6.314;6.533;6.598;5.965;12.739;8.766;5.372;9.538;6.879;7.004;8.924;9.482;6.278;6.756;8.352;5.881;5.242;7.737;5.406;7.008;7.361;7.901;7.696;8.584;5.058;5.901;9.843;6.549;8.75;13.437;4.976;6.492;5.497;9.118;7.756;8.555;10.511;8.075;7.26;7.943;6.197;12.01;5.099;9.822;6.628;7.385;7.52;8.3;6.066;5.795;6.665;5.538;9.13;6.411;5.679;9.14;7.754;10.734;12.888;6.836;5.818;6.056;5.353;5.892;14.824;6.189;5.842;9.157;7.794;7.847;9.105;11.158;6.219;9.143;6.102;7.765;7.26;6.391;5.395;6.853;8.733;8.722;4.966;10.679
12;13;5.618;8.477;6.935;13.042;17.595;8.331;307.572;16.494;6.412;6.501;7.44;5.874;5.48;7.088;10.485;10.091;7.892;19.82;5.9;8.699;9.836;9.09;31.044;6.268;3.953;5.969;9.14;9.814;2.262;9.882;5.408;7.795;8.72;6.799;19.677;10.791;5.01;8.27;76.522;10.025;15.262;7.446;2.441;7.112;9.444;9.43;9.158;8.7;4.826;8.083;15.751;19.841;14.538;24.606;4.19;5.774;15.14;10.646;6.909;10.362;4.819;5.493;9.474;7.552;12.318;9.526;6.829;7.401;7.062;9.642;11.711;9.578;14.862;9.849;7.709;6.081;4.857;17.176;5.044;5.677;5.376;7.439;11.78;8.486;3.397;4.881;8.109;22.862;10.154;8.775;4.801;9.072;109.455;7.186;18.881;18.638;12.744;8.373;8.077;7.747;9.29;10.627;6.659;6.382;12.769;15.742;6.131;12.709;5.697;5.752;9.127;7.96;8.33;17.036;5.797;6.426;6.229;4.841;10.023;6.156;3.689;6.275;6.034;8.196;7.154;10.356;8.4;5.56;17.063;11.176;10.002;20.437;7.258;7.111;24.771;59.67;18.709;29.52;5.964;6.07;6.241;6.386;11.241;5.852;5.504;2.822;10.372;6.996;9.154;9.873;12.939;6.028;9.565;11.084;8.217;8.028;4.596;5.942;7.96;9.446;9.86;9.128;11.187;8.134;4.51;12.186;7.787;10.743;3.437;7.702;5.033;13.805;6.295;27.461;6.344;6.125;5.37;7.462;123.369;18.275;6.277;7.872;18.875;6.427;13.805;8.167;4.512;8.449;9.742;6.836;8.12;8.366;10.098;18.529;15.745;8.294;8.489;30.623;8.358;7.138;10.504;8.375;10.461;7.78;7.865;5.595;6.267;9.34;6.986;5.513;5.976;5.728;8.77;17.941;40.41;8.865;6.038;8.582;6.882;9.672;6.961;19.878;5.427;6.688;6.864;14.911;13.096;4.97;3.611;18.41;7.174;7.469;12.139;34.89;4.31;5.097;6.052;6.988;4.277;9.802;4.068;6.788;9.184;14.455;18.031;8.39;3.515;11.296;9.783;7.798;5.34;14.208;7.394;9.573;11.667;11.295;9.892;10.728;5.953;8.047;7.473;11.032;8.626;8.835;5.067;10.78;6.868;7.93;10.681;18.849
13;14;4.689;5.453;8.715;9.196;7.949;15.573;6.182;6.075;6.52;7.335;9.595;12.141;4.743;7.944;7.047;5.597;8.834;10.72;5.986;8.083;5.039;9.82;8.046;8.353;4.066;7.968;6.649;7.069;7.53;8.469;5.551;6.164;5.271;25.003;5.943;11.778;4.744;6.109;14.521;6.806;8.028;7.038;6.132;6.321;7.374;7.34;9.997;9.583;4.564;6.171;7.177;9.501;21.399;14.098;5.599;4.342;7.43;7.75;9.39;13.202;7.504;6.786;8.078;15.145;6.597;16.08;5.86;7.776;5.35;7.235;9.517;8.467;4.971;9.838;7.41;9.252;7.462;9.002;6.953;5.465;5.273;7.489;9.802;12.272;6.863;9.622;5.395;7.376;7.038;8.474;5.996;6.594;9.122;6.392;10.197;10.766;4.867;7.228;6.956;8.749;8.786;6.565;4.079;6.032;5.836;3.561;7.51;7.094;5.639;5.376;5.789;7.638;8.203;10.981;7.131;9.563;9.8;7.647;8.859;14.974;4.527;6.926;5.316;10.287;6.723;6.991;22.21;8.057;11.195;9.247;10.129;9.625;4.888;6.278;6.57;8.322;7.035;12.06;2.981;3.293;7.166;6.95;6.697;23.313;5.876;7.036;10.293;7.727;9.252;7.97;4.23;10.323;6.904;15.431;8.36;9.831;5.102;8.437;7.94;6.288;5.335;13.862;5.202;7.207;4.388;8.622;9.033;11.595;5.373;8.73;5.875;12.617;24.536;12.259;6.674;24.53;22.959;6.772;8.715;6.439;4.96;6.263;5.777;11.704;11.395;9.817;6.489;6.703;8.297;15.164;6.551;18.738;5.027;8.49;6.504;6.863;10.919;59.012;5.141;7.162;7.648;8.709;6.56;7.62;7.678;8.53;7.062;7.409;7.949;4.225;5.869;5.173;3.914;14.593;9.099;8.276;5.24;6.875;4.54;5.976;7.61;5.26;5.121;5.671;7.191;8.66;12.492;9.89;5.543;9.973;5.557;18.584;7.941;8.766;4.058;5.061;5.346;6.123;10.645;10.59;6.591;7.834;14.034;13.193;11.648;11.009;4.149;6.508;10.164;15.475;9.491;16.943;7.086;6.913;7.971;10.887;11.807;10.815;7.07;6.38;5.726;5.548;10.211;8.091;4.071;3.477;3.643;7.271;13.604;6.007
14;15;7.26;375.574;24.06;7.239;7.92;12.412;4.751;10.636;9.578;9.589;5.932;9.235;7.066;8.814;7.632;9.59;10.105;10.219;3.803;6.705;11.354;9.491;5.955;10.467;5.996;5.985;6.414;5.876;12.436;10.567;3.706;10.031;7.567;12.746;8.641;12.55;7.904;7.973;7.722;8.584;7.286;8.351;6.708;7.037;8.455;13.531;12.848;6.911;6.029;6.369;5.948;10.391;10.855;24.528;4.223;10.611;6.26;11.102;12.486;6.213;3.674;7.685;12.396;7.304;7.095;17.73;11.279;7.254;7.583;6.435;6.808;11.599;9.327;9.649;14.462;10.235;15.773;13.729;5.97;12.852;8.116;12.508;6.681;14.083;9.439;7.033;7.668;8.58;10.477;11.351;6.716;10.221;8.496;10.849;6.551;10.565;8.114;6.524;5.903;9.839;6.699;7.716;6.958;6.58;6.596;17.478;10.862;10.278;5.874;10.73;16.367;4.685;12.322;12.962;3.505;21.554;9.924;7.123;6.013;27.915;7.362;5.73;7.834;14.782;15.39;6.49;4.022;5.596;8.954;16.135;11.982;12.677;5.817;8.372;6.593;6.87;10.482;76.09;4.853;8.897;6.357;8.871;7.204;9.315;7.008;8.671;5.94;9.006;12.446;13.938;5.348;9.105;7.843;11.557;10.079;5.977;5.291;16.537;9.719;8.867;11.978;8.266;4.119;5.825;10.167;6.921;8.937;15.301;3.518;4.931;8.036;10.239;10.744;11.311;6.225;9.944;8.463;10.257;7.702;7.623;5.901;7.839;9.392;13.555;13.316;15.021;4.281;7.186;7.604;10.238;5.797;10.738;7.358;19.4;7.131;7.961;12.023;6.496;7.847;14.498;8.766;10.902;6.45;12.665;5.814;7.005;6.281;5.375;8.745;6.383;6.299;7.951;6.017;6.958;9.001;10.224;12.841;8.678;11.399;9.722;9.436;6.518;5.577;5.083;11.914;8.953;6.822;25.292;4.359;6.223;8.157;10.428;22.237;9.919;8.414;11.6;5.377;9.38;9.139;14.211;7.835;6.315;7.278;16.308;11.401;6.282;6.69;6.305;16.256;32.493;7.48;7.915;4.54;5.628;8.006;6.128;12.519;10.185;8.569;9.365;10.065;20.222;8.78;10.105;8.758;5.561;6.588;8.909;9.29;10.039
15;16;4.231;15.876;7.745;7.193;5.019;8.432;6.794;8.004;6.704;223.714;6.856;6.418;3.99;6.299;7.899;15.665;4.941;11.858;7.424;10.486;2.327;7.416;9.302;7.017;13.38;9.489;2.377;8.283;11.416;12.716;5.08;6.636;19.807;52.277;15.196;25.841;2.875;9.398;18.684;17.399;8.665;8.859;4.697;6.368;13.954;5.804;13.844;8.972;2.798;9.359;7.377;8.032;5.895;14.685;5.519;7.383;8.065;15.788;10.935;7.008;7.444;4.644;15.83;11.384;6.868;8.347;4.871;11.843;9.631;4.474;15.038;6.313;7.291;6.487;6.554;15.335;9.591;11.204;5.323;11.831;9.606;6.594;7.378;6.955;6.805;12.28;4.392;5.329;18.347;25.751;6.49;5.349;5.13;12.195;8.294;7.35;5.912;8.537;18.883;12.063;7.061;16.938;7.801;6.587;12.622;7.702;9.934;8.063;4.859;8.209;4.156;12.171;6.425;8.04;9.784;6.462;13.937;3.963;10.693;7.767;6.518;5.653;6.754;8.821;16.397;9.175;6.919;5.283;8.474;6.322;12.486;9.105;6.921;8.341;9.072;14.14;5.713;7.738;9.585;5.321;5.869;9.784;9.443;55.845;5.624;8.277;5.491;6.608;19.975;5.261;4.013;7.738;20.683;8.642;15.314;18.88;3.448;4.172;7.507;5.826;41.21;14.252;10.263;4.123;10.917;6.597;18.773;26.182;3.294;3.107;19.352;36.746;33.692;10.298;6.156;4.095;8.182;20.674;6.585;27.214;6.614;6.746;8.746;5.978;9.867;11.049;4.986;8.19;4.985;7.012;11.037;25.346;6.343;7.038;6.406;17.933;5.719;54.869;4.9;7.265;7.711;8.139;13.049;6.388;8.94;9.848;8.238;13.524;19.711;53.276;5.215;7.444;14.937;17.6;9.953;8.763;1.773;7.699;7.779;6.79;15.659;14.033;5.404;4.009;3.539;12.607;7.267;11.753;6.797;9.681;8.817;8.326;9.666;6.256;7.346;9.918;7.234;11.041;7.432;5.169;4.799;7.635;5.412;10.395;11.555;10.486;7.126;4.967;9.707;8.358;6.142;5.873;5.958;5.231;6.258;6.286;5.229;3.367;5.555;8.129;5.882;10.152;9.021;11.481;8.273;4.073;28.261;12.314;6.959;7.478
16;17;6.466;6.601;7.794;11.584;8.156;10.204;5.201;7.427;5.962;6.629;7.916;5.716;5.571;8.344;8.211;5.227;6.118;7.068;5.599;5.43;6.196;7.757;7.67;5.53;9.939;5.155;5.636;8.355;10.555;5.775;4.98;9.26;6.851;6.06;6.61;5.382;6.817;7.383;9.537;7.92;6.409;5.775;5.45;5.144;6.368;5.638;8.018;7.842;6.528;6.19;6.299;9.285;6.751;14.789;5.222;5.59;7.832;4.092;10.909;6.42;5.239;5.898;7.163;7.538;10.339;6.757;6.046;7.741;6.324;20.477;5.855;8.778;9.944;5.158;6.927;7.51;6.048;9.008;4.916;7.007;6.674;6.535;6.993;9.744;4.604;7.349;5.733;6.93;6.447;7.077;5.484;8.042;5.284;6.487;10.192;8.74;5.506;4.711;6.84;7.09;4.249;7.66;7.102;5.387;7.051;7.629;6.882;10.096;4.281;5.438;6.147;8.125;5.847;4.843;5.23;5.869;6.216;5.779;8.328;6.115;44.572;5.859;5.95;7.859;5.689;5.464;4.873;5.243;9.413;6.599;8.7;5.384;5.531;6.068;7.284;10.478;5.421;4.739;6.535;6.169;5.947;6.945;6.267;7.678;5.734;7.872;7.275;5.621;6.648;9.988;5.221;6.004;5.56;20.127;7.224;8.746;3.582;8.405;6.831;6.951;7.351;5.846;6.088;5.894;4.585;12.463;6.831;10.098;5.993;6.333;6.64;7.353;5.862;8.319;3.727;13.949;6.477;12.003;9.431;5.66;6.514;11.103;6.498;7.195;7.641;11.061;5.955;6.716;5.707;8.977;10.546;5.567;8.051;12.952;7.052;10.323;9.549;8.49;5.66;5.15;7.385;9.475;6.795;10.803;3.917;5.86;6.871;6.152;7.089;7.781;5.399;9.907;7.385;4.722;5.928;6.859;5.977;6.24;5.137;4.862;6.324;5.526;4.8;6.381;12.741;8.161;5.334;8.564;4.867;6.762;8.163;7.878;4.442;9.424;8.147;6.594;6.676;8.485;9.001;8.34;3.491;5.698;5.564;7.915;7.387;8.281;5.979;8.051;6.13;6.143;5.585;30.839;5.357;3.518;5.875;5.534;5.415;8.106;5.833;6.634;8.232;7.724;6.727;7.778;9.669;14.033;7.218;6.641;7.066;6.908
17;18;6.187;4.944;8.117;8.999;17.903;16.397;5.445;5.792;6.705;7.693;6.603;6.972;2.829;7.762;6.422;10.136;15.532;9.901;8.021;7.1;5.876;4.96;5.894;8.97;8.015;7.142;9.848;8.144;6.407;7.008;3.455;5.929;5.65;5.635;9.08;8.749;290.556;8.975;7.399;8.167;17.783;21.398;5.957;5.421;9.052;5.939;7.86;7.456;3.029;6.321;6.496;5.491;7.048;13.162;4.105;6.399;9.264;7.596;8.844;11.834;5.616;8.675;10.33;6.27;8.475;6.805;3.291;7.215;8.911;14.209;365.353;6.894;8.525;4.814;6.776;8.7;8.463;4.47;5.395;5.341;8.053;6.228;11.177;7.6;3.948;7.686;4.307;6.221;8.201;9.534;6.748;7.072;4.861;7.177;9.052;7.445;6.477;8.149;8.115;6.136;9.108;7.588;8.308;6.611;8.188;5.175;7.654;8.77;5.105;5.775;26.141;11.681;11.749;7.8;5.706;3.85;7.593;6.084;6.697;9.874;8.276;6.336;7.395;8.546;6.005;7.93;4.084;5.302;35.161;7.426;10.747;6.803;4.447;5.81;12.352;8.208;7.106;10.178;6.742;7.411;5.474;8.068;6.781;7.129;8.222;6.599;10.915;8.115;8.401;9.453;6.451;5.978;8.243;7.891;6.89;7.084;4.755;5.974;9.745;6.077;7.805;6.75;17.601;9.12;5.428;7.659;5.542;13.174;4.4;6.566;11.263;7.315;15.214;8.231;3.688;6.151;6.27;5.979;8.89;8.214;6.983;6.554;8.273;18.733;25.155;7.245;6.868;5.961;6.168;9.015;7.666;6.802;6.567;6.574;7.282;5.408;8.7;11.979;4.299;5.699;7.457;5.088;5.776;6.723;7.785;7.207;7.274;8.641;7.918;8.147;6.685;9.962;5.036;11.748;6.844;9.604;4.437;4.453;9.504;8.574;9.238;7.718;7.774;6.923;5.479;6.315;6.611;11.748;5.353;6.954;8.296;6.105;9.145;11.328;5.106;8.024;25.104;7.345;7.84;6.201;4.062;6.821;7.851;5.741;10.719;7.316;4.166;10.639;15.791;7.93;7.054;6.993;5.422;8.815;7.122;5.839;28.098;9.111;6.199;4.758;6.57;9.006;6.9;8.276;4.373;7.221;5.596;13.471;6.732;5.3
18;19;4.689;11.994;16.322;8.647;13.832;6.164;5.253;8.414;7.448;7.635;11.274;12.184;5.829;8.678;7.285;12.078;13.108;8.515;8.35;7.7;8.759;13.446;7.385;16.765;5.583;6.022;5.533;7.995;7.672;6.414;6.861;7.161;8.167;14.187;8.37;17.344;5.533;13.622;4.731;9.031;13.512;10.502;5.632;8.652;4.684;12.905;6.265;12.271;4.551;5.036;7.269;6.831;16.614;11.453;11.419;6.893;13.918;5.295;9.675;9.828;6.734;6.926;8.482;27.243;10.997;9.953;6.53;9.183;8.667;8.141;16.269;8.028;4.82;9.487;9.35;12.097;9.903;13.427;7.004;5.881;7.034;15.303;6.98;6.444;5.221;6.285;13.47;7.014;9.568;10.109;7.856;10.477;8.852;11.818;6.412;5.315;5.854;254.785;11.941;9.958;10.822;8.222;14.546;4.389;6.285;10.655;7.392;9.241;5.936;5.094;10.604;12.968;10.624;15.257;8.322;6.071;8.133;8.592;4.748;10.422;18.537;8.55;9.106;7.579;6.656;8.457;4.386;9.42;7.111;6.411;12.808;9.007;6.237;7.075;9.722;7.63;7.398;19.346;7.386;8.404;7.555;7.609;7.472;9.232;4.067;5.004;8.583;11.772;13.55;11.416;4.655;8.946;8.528;40.165;6.12;11.945;5.722;5.374;7.915;6.837;9.564;6.077;4.341;7.483;12.068;7.507;19.821;7.884;5.925;8.266;5.88;13.14;11.737;7.695;6.099;7.322;6.933;8.659;9.26;40.808;7.442;9.056;9.148;6.47;13.365;14.04;5.776;4.838;7.687;6.109;12.28;10.255;5.765;6.509;3.6;5.79;10.669;7.269;6.934;7.262;10.22;8.696;10.575;11.912;3.938;15.755;14.768;23.065;8.669;9.609;6.182;5.184;11.916;13.02;13.962;6.252;5.898;11.357;5.18;8.931;7.513;11.236;7.217;4.384;9.661;12.989;13.276;10.299;4.699;8.424;6.618;10.286;8.483;7.57;6.355;7.011;12.271;11.937;12.033;8.661;7.258;7.003;11.833;9.48;5.638;6.001;5.826;5.04;5.601;5.638;10.631;8.19;7.175;5.297;7.685;18.933;12.339;3.943;5.615;6.627;7.294;9.182;9.919;15.627;6.288;5.852;6.815;6.966;10.368;8.374
19;20;5.649;6.027;8.313;7.321;9.078;9.931;5.024;11.84;8.679;9.976;9.84;7.175;4.718;5.975;7.957;6.789;6.663;8.637;5.611;4.993;5.638;5.999;7.682;9.478;6.371;8.926;7.629;5.646;8.11;8.32;7.338;7.188;6.932;5.929;6.19;5.626;5.617;8.712;8.7;5.199;7.783;5.161;4.75;5.119;4.681;8.311;9.049;9.666;6.631;6.755;9.034;7.404;8.653;6.42;7.153;7.472;7.24;12.363;10.346;8.159;5.153;6.434;6.938;7.538;6.635;16.401;4.975;5.807;5.745;6.972;10.327;17.107;6.417;6.506;7.374;7.23;7.004;7.026;7.163;5.696;8.917;7.095;11.493;7.78;2.388;6.231;6.548;7.0;9.505;7.214;4.199;4.92;8.578;7.796;13.598;8.706;7.023;7.093;10.645;9.286;13.214;8.434;6.849;6.731;6.485;19.007;9.577;7.711;6.108;9.599;8.64;11.429;14.696;9.355;5.885;7.567;7.493;7.659;6.865;7.735;6.221;6.524;7.93;6.693;6.354;9.945;6.613;5.272;4.36;10.39;9.775;5.796;6.148;5.836;7.815;8.058;5.336;7.181;8.541;9.455;9.136;9.724;7.963;7.986;5.43;8.292;7.161;8.203;5.535;5.55;6.606;8.005;11.031;11.433;7.263;17.441;5.047;7.551;7.177;7.82;8.436;39.537;4.106;5.416;5.593;7.291;9.536;7.653;5.219;5.334;5.885;9.181;14.851;6.791;4.235;5.8;5.907;6.056;11.743;6.146;5.516;5.431;6.777;8.053;14.31;8.399;6.335;5.514;6.343;6.73;9.175;7.863;6.519;6.902;6.868;9.922;7.775;7.902;6.375;6.315;3.47;5.297;5.522;6.093;5.598;6.021;7.154;6.779;7.792;6.772;5.319;8.13;7.177;6.446;6.909;8.367;5.165;6.341;8.326;6.285;8.228;11.019;4.322;5.493;6.38;7.002;7.681;11.874;8.854;5.713;7.81;5.287;18.252;9.429;4.83;6.985;5.025;7.77;9.172;7.414;5.337;7.996;7.224;6.517;6.9;5.154;5.061;7.582;13.66;8.646;9.209;12.988;4.544;7.703;6.866;10.12;14.851;14.104;6.593;7.099;5.893;4.745;6.938;6.936;5.739;6.147;5.79;6.774;48.935;14.712
20;22;5.51;6.697;8.451;8.677;12.498;6.513;6.35;6.689;7.67;6.252;8.981;8.423;7.975;5.949;6.562;8.571;8.794;8.166;6.43;8.419;14.84;12.16;6.628;10.84;6.329;5.035;7.297;10.03;9.276;8.449;4.559;6.678;7.074;8.022;8.828;6.266;5.011;7.17;9.795;5.683;6.606;11.59;6.949;3.115;15.895;8.402;6.719;9.911;6.212;6.423;11.745;5.624;5.926;8.969;4.568;5.442;5.72;6.855;9.57;10.378;5.662;10.015;5.886;8.449;10.897;6.326;2.729;6.728;6.654;5.972;5.986;9.757;7.552;7.527;5.517;8.358;5.621;12.348;6.656;8.758;7.322;13.788;8.326;7.45;6.81;3.134;7.333;7.695;9.149;7.241;7.302;6.972;6.502;6.838;10.733;10.256;7.851;6.583;7.339;9.052;10.024;7.358;4.915;5.26;6.112;8.381;7.701;10.747;6.667;5.507;9.509;10.785;8.336;6.284;5.796;10.239;7.51;5.733;7.282;9.111;6.808;3.695;7.391;8.042;11.025;9.789;10.959;7.988;5.272;10.013;9.021;8.389;3.851;6.792;8.901;11.453;12.203;9.715;5.61;7.702;15.3;6.82;4.048;8.457;9.718;9.941;10.352;8.862;9.294;11.156;4.939;5.26;8.059;7.185;5.952;5.957;4.544;6.043;10.645;11.102;7.855;7.134;7.857;5.981;9.929;7.455;6.838;6.919;5.405;6.743;8.171;7.261;7.679;6.456;6.293;6.972;9.179;4.581;8.694;7.257;3.184;6.71;7.483;7.494;8.687;9.501;5.927;7.55;6.427;7.272;7.349;10.646;6.169;4.817;9.161;6.608;11.723;8.955;5.683;6.34;7.759;5.214;8.322;5.534;5.642;10.122;8.039;6.874;5.951;6.377;3.48;5.822;7.147;7.995;11.623;11.446;4.416;3.344;15.414;8.77;6.125;10.46;4.987;5.831;3.893;9.122;7.432;10.171;4.152;6.474;6.811;8.461;10.056;11.314;8.05;5.953;7.041;5.044;5.744;7.64;5.754;5.577;4.97;9.095;10.217;8.926;4.237;6.843;6.938;7.227;6.533;21.068;6.317;6.846;2.958;5.952;13.186;6.708;5.558;5.829;8.469;10.666;7.215;12.328;3.512;9.078;11.21;6.311;7.486;7.974
21;23;5.988;8.397;8.327;10.521;8.457;7.216;3.831;6.437;6.72;8.09;9.493;8.731;5.203;11.6;7.28;16.508;7.269;7.866;6.728;4.879;7.294;6.259;7.96;13.654;5.141;6.921;9.597;6.643;8.105;13.941;6.393;4.956;6.042;6.708;12.271;7.767;3.263;9.314;7.699;9.152;9.289;10.3;5.797;7.438;7.669;6.606;6.506;7.852;5.481;6.202;19.098;7.532;45.35;5.851;6.418;9.923;6.469;6.033;5.544;5.075;5.148;7.064;7.535;9.083;6.312;5.276;5.178;6.07;6.239;8.711;8.138;55.618;7.431;6.77;6.47;8.465;12.511;10.624;5.424;6.44;9.09;10.883;11.92;9.623;5.05;5.334;13.453;9.12;5.759;5.879;3.915;5.719;5.845;6.907;6.902;8.527;6.121;7.292;6.908;10.038;6.319;9.815;6.123;7.407;7.168;7.544;8.717;7.675;7.15;8.235;9.318;5.534;9.035;5.615;6.015;6.085;6.735;7.615;6.668;12.513;5.852;5.464;7.012;7.683;7.439;7.021;5.465;4.431;5.159;9.653;6.145;8.916;5.312;7.238;5.257;11.197;10.628;8.034;5.417;6.383;7.316;5.648;5.772;7.546;3.899;9.405;7.87;7.791;7.824;10.131;6.163;4.398;7.618;8.497;6.67;6.958;5.471;5.246;5.996;9.548;5.696;12.143;4.033;6.093;9.775;7.906;8.918;11.362;5.935;11.087;6.565;9.706;9.996;8.212;6.289;6.369;6.247;6.418;8.419;7.607;6.205;7.263;7.256;7.536;11.738;8.856;2.988;5.221;6.708;7.781;8.195;9.41;5.084;5.867;5.873;7.99;7.77;8.395;5.156;8.299;4.836;6.011;10.14;9.191;6.739;6.642;6.156;7.04;6.072;8.884;4.34;6.831;8.823;6.975;6.051;5.661;6.603;5.242;8.919;10.777;5.419;7.399;8.895;5.204;7.029;7.29;7.244;5.33;5.142;6.869;6.539;5.825;6.095;9.261;8.721;8.159;8.89;9.323;10.346;10.464;5.106;7.517;5.717;11.259;7.389;5.345;6.436;6.448;5.545;10.827;8.051;15.958;6.198;5.391;8.859;7.522;6.401;6.632;6.895;6.572;6.676;10.906;6.369;7.463;5.443;5.58;7.755;6.395;7.299;7.133
22;24;9.02;9.766;8.232;9.223;7.536;7.049;2.643;5.206;7.469;6.853;9.036;4.498;6.095;5.345;7.95;5.825;8.589;7.18;9.087;6.855;11.561;3.218;12.745;7.677;5.378;4.375;6.017;13.549;9.587;6.72;6.002;6.557;4.256;6.881;7.934;10.089;6.428;10.167;6.99;11.748;6.48;8.476;5.555;6.263;10.873;7.75;7.907;8.742;5.138;5.23;8.442;6.616;9.192;7.299;5.216;10.828;8.471;8.56;9.126;29.476;3.33;2.927;8.958;6.817;9.437;8.744;4.154;4.506;8.524;5.837;8.639;7.013;4.801;2.941;8.571;6.631;7.193;10.636;4.556;7.516;7.865;10.662;7.227;15.219;6.89;5.824;4.165;7.225;7.333;20.592;4.017;7.394;7.431;5.703;8.151;16.411;6.932;4.656;8.326;7.995;8.143;5.858;4.29;7.709;7.99;6.135;6.782;5.735;5.97;4.291;8.209;9.725;5.18;7.129;5.621;5.714;6.488;6.644;6.269;9.04;8.332;7.112;5.419;7.16;6.266;12.226;4.324;4.542;12.213;5.11;6.262;13.769;5.906;5.8;6.519;4.939;7.108;6.378;4.263;6.449;8.24;6.72;8.124;11.626;8.321;5.978;5.466;4.709;5.556;7.012;5.424;7.089;10.004;7.997;11.072;15.145;5.363;5.36;5.712;5.046;4.796;5.711;2.827;13.247;7.504;6.474;9.7;7.062;5.045;7.331;6.82;6.317;5.72;12.976;5.475;4.293;6.656;6.265;5.525;8.214;7.563;6.852;6.931;7.726;5.935;11.747;5.515;8.557;8.714;7.249;6.03;7.762;5.637;5.444;7.021;6.79;10.98;10.186;4.73;6.763;11.687;9.851;18.235;11.741;6.831;6.249;7.11;6.277;10.047;7.449;5.325;4.929;15.856;8.118;4.541;9.413;8.041;6.078;7.842;12.395;9.987;10.601;5.53;4.413;6.632;6.368;6.61;12.003;3.438;5.777;6.571;5.386;9.724;4.488;4.196;16.983;5.682;9.7;5.214;10.361;6.971;10.55;6.762;9.918;4.885;5.213;5.467;6.53;6.755;8.79;4.787;4.4;6.395;5.681;12.62;7.416;16.412;7.324;4.356;5.254;6.658;7.218;7.38;6.418;5.088;5.683;5.323;6.698;5.356;6.644
