;0;1;2;3
0;Id;EndInit;EndTests;SwapLines
1;1;8616;85411;-
2;1;-;-;8620 <-> 8751
3;1;-;-;9853 <-> 9917
4;1;-;-;11446 <-> 11496
5;1;-;-;12720 <-> 12782
6;1;-;-;14071 <-> 14134
7;1;-;-;15268 <-> 15332
8;1;-;-;16502 <-> 16614
9;1;-;-;18045 <-> 18092
10;1;-;-;19309 <-> 19360
11;1;-;-;22039 <-> 22103
12;1;-;-;23391 <-> 23438
13;1;-;-;24654 <-> 24703
14;1;-;-;25968 <-> 26055
15;1;-;-;26899 <-> 26949
16;1;-;-;28161 <-> 28211
17;1;-;-;29722 <-> 29774
18;1;-;-;30844 <-> 30934
19;1;-;-;31971 <-> 32051
20;1;-;-;33542 <-> 38473
21;1;-;-;39709 <-> 39754
22;1;-;-;40717 <-> 40793
23;1;-;-;41995 <-> 42083
24;1;-;-;43370 <-> 43459
25;1;-;-;44505 <-> 44594
26;1;-;-;45593 <-> 45682
27;1;-;-;46917 <-> 46966
28;1;-;-;48431 <-> 48522
29;1;-;-;49463 <-> 49513
30;1;-;-;50724 <-> 50815
31;1;-;-;51819 <-> 51868
32;1;-;-;53062 <-> 53112
33;1;-;-;54359 <-> 54421
34;1;-;-;55604 <-> 56558
35;1;-;-;57639 <-> 57691
36;1;-;-;58602 <-> 58663
37;1;-;-;59762 <-> 59812
38;1;-;-;60722 <-> 62700
39;1;-;-;63620 <-> 63709
40;1;-;-;64945 <-> 64992
41;1;-;-;65895 <-> 65953
42;1;-;-;67292 <-> 67343
43;1;-;-;68434 <-> 68485
44;1;-;-;69514 <-> 69564
45;1;-;-;70702 <-> 70751
46;1;-;-;72028 <-> 72081
47;1;-;-;73161 <-> 73210
48;1;-;-;74093 <-> 74183
49;1;-;-;75211 <-> 75267
50;1;-;-;77056 <-> 77115
51;1;-;-;78382 <-> 78475
52;1;-;-;79662 <-> 79712
53;1;-;-;80540 <-> 80594
54;1;-;-;82438 <-> 82495
55;1;-;-;83636 <-> 83688
56;2;10662;140347;-
57;2;-;-;10666 <-> 10857
58;2;-;-;12713 <-> 12856
59;2;-;-;14449 <-> 14636
60;2;-;-;16183 <-> 16461
61;2;-;-;18119 <-> 18215
62;2;-;-;19451 <-> 19523
63;2;-;-;21033 <-> 21094
64;2;-;-;23079 <-> 23188
65;2;-;-;24672 <-> 24906
66;2;-;-;26872 <-> 26921
67;2;-;-;28811 <-> 28900
68;2;-;-;30613 <-> 30737
69;2;-;-;32828 <-> 32898
70;2;-;-;34387 <-> 34478
71;2;-;-;37379 <-> 37581
72;2;-;-;39527 <-> 41151
73;2;-;-;43671 <-> 43728
74;2;-;-;45774 <-> 45831
75;2;-;-;47119 <-> 66948
76;2;-;-;68135 <-> 68258
77;2;-;-;70409 <-> 70731
78;2;-;-;72405 <-> 72542
79;2;-;-;73968 <-> 74076
80;2;-;-;76930 <-> 77107
81;2;-;-;78912 <-> 79052
82;2;-;-;80955 <-> 81038
83;2;-;-;82520 <-> 82702
84;2;-;-;84731 <-> 84776
85;2;-;-;85851 <-> 85933
86;2;-;-;87596 <-> 87643
87;2;-;-;89089 <-> 89173
88;2;-;-;90576 <-> 90791
89;2;-;-;92786 <-> 92836
90;2;-;-;96028 <-> 96094
91;2;-;-;97920 <-> 97965
92;2;-;-;99396 <-> 99569
93;2;-;-;100824 <-> 105984
94;2;-;-;107888 <-> 108278
95;2;-;-;109902 <-> 109976
96;2;-;-;111489 <-> 111540
97;2;-;-;112765 <-> 112848
98;2;-;-;114220 <-> 114302
99;2;-;-;115489 <-> 115541
100;2;-;-;116493 <-> 116558
101;2;-;-;117953 <-> 118015
102;2;-;-;119601 <-> 119647
103;2;-;-;120864 <-> 120918
104;2;-;-;122108 <-> 122176
105;2;-;-;124569 <-> 124784
106;2;-;-;128353 <-> 128465
107;2;-;-;131733 <-> 131823
108;2;-;-;133902 <-> 133967
109;2;-;-;135842 <-> 135912
110;2;-;-;137083 <-> 137179
111;3;6200;109855;-
112;3;-;-;6204 <-> 6633
113;3;-;-;8723 <-> 8826
114;3;-;-;10531 <-> 10677
115;3;-;-;12446 <-> 12527
116;3;-;-;13825 <-> 13875
117;3;-;-;15065 <-> 15177
118;3;-;-;16905 <-> 17027
119;3;-;-;17978 <-> 18108
120;3;-;-;20052 <-> 20154
121;3;-;-;21706 <-> 21921
122;3;-;-;24648 <-> 24708
123;3;-;-;26170 <-> 26263
124;3;-;-;28087 <-> 28207
125;3;-;-;30849 <-> 30984
126;3;-;-;33447 <-> 33574
127;3;-;-;35209 <-> 35318
128;3;-;-;36733 <-> 36788
129;3;-;-;39742 <-> 39796
130;3;-;-;48228 <-> 48558
131;3;-;-;49962 <-> 50061
132;3;-;-;51272 <-> 51322
133;3;-;-;52397 <-> 52471
134;3;-;-;54776 <-> 54887
135;3;-;-;56239 <-> 56290
136;3;-;-;58828 <-> 58875
137;3;-;-;60173 <-> 60262
138;3;-;-;62640 <-> 62706
139;3;-;-;64206 <-> 64259
140;3;-;-;65383 <-> 65440
141;3;-;-;66469 <-> 66552
142;3;-;-;67907 <-> 67988
143;3;-;-;69315 <-> 69379
144;3;-;-;72186 <-> 72242
145;3;-;-;73987 <-> 74049
146;3;-;-;75038 <-> 75107
147;3;-;-;77102 <-> 77173
148;3;-;-;79214 <-> 83440
149;3;-;-;84484 <-> 84555
150;3;-;-;86753 <-> 86825
151;3;-;-;87676 <-> 87775
152;3;-;-;88832 <-> 88895
153;3;-;-;90672 <-> 90739
154;3;-;-;91975 <-> 92030
155;3;-;-;93173 <-> 93272
156;3;-;-;95024 <-> 95073
157;3;-;-;96294 <-> 96383
158;3;-;-;97948 <-> 98051
159;3;-;-;101593 <-> 101675
160;3;-;-;102955 <-> 103048
161;3;-;-;105127 <-> 105221
162;3;-;-;107976 <-> 108025
163;4;16112;134834;-
164;4;-;-;16115 <-> 16170
165;4;-;-;19446 <-> 19512
166;4;-;-;23683 <-> 23783
167;4;-;-;25339 <-> 25391
168;4;-;-;28410 <-> 28458
169;4;-;-;30276 <-> 30324
170;4;-;-;31854 <-> 31934
171;4;-;-;33223 <-> 33271
172;4;-;-;35334 <-> 35415
173;4;-;-;38232 <-> 38281
174;4;-;-;39841 <-> 39918
175;4;-;-;40939 <-> 41019
176;4;-;-;42159 <-> 42206
177;4;-;-;44424 <-> 44485
178;4;-;-;47028 <-> 47105
179;4;-;-;50059 <-> 50104
180;4;-;-;51108 <-> 51183
181;4;-;-;52271 <-> 52343
182;4;-;-;53863 <-> 61021
183;4;-;-;63290 <-> 63335
184;4;-;-;64184 <-> 64250
185;4;-;-;66612 <-> 66685
186;4;-;-;69291 <-> 69356
187;4;-;-;70616 <-> 70684
188;4;-;-;71755 <-> 71806
189;4;-;-;72946 <-> 72995
190;4;-;-;74354 <-> 74400
191;4;-;-;76367 <-> 76447
192;4;-;-;77524 <-> 77571
193;4;-;-;79500 <-> 79578
194;4;-;-;81217 <-> 81292
195;4;-;-;84555 <-> 84627
196;4;-;-;87738 <-> 87810
197;4;-;-;89465 <-> 89547
198;4;-;-;90707 <-> 90786
199;4;-;-;92385 <-> 92432
200;4;-;-;95576 <-> 99121
201;4;-;-;101147 <-> 101203
202;4;-;-;102896 <-> 102972
203;4;-;-;105007 <-> 105056
204;4;-;-;107458 <-> 107526
205;4;-;-;109103 <-> 109182
206;4;-;-;112929 <-> 113008
207;4;-;-;114071 <-> 114141
208;4;-;-;115895 <-> 115959
209;4;-;-;118283 <-> 118353
210;4;-;-;119374 <-> 119445
211;4;-;-;122074 <-> 122148
212;4;-;-;124569 <-> 124638
213;4;-;-;126289 <-> 126368
214;4;-;-;128588 <-> 128636
215;4;-;-;130199 <-> 130270
216;4;-;-;131948 <-> 132016
217;4;-;-;133229 <-> 133311
218;5;9816;90529;-
219;5;-;-;9819 <-> 9995
220;5;-;-;11702 <-> 11810
221;5;-;-;13102 <-> 13157
222;5;-;-;14534 <-> 14678
223;5;-;-;15810 <-> 15865
224;5;-;-;17130 <-> 17200
225;5;-;-;18195 <-> 18248
226;5;-;-;19383 <-> 19435
227;5;-;-;20511 <-> 20604
228;5;-;-;21967 <-> 22012
229;5;-;-;23202 <-> 23286
230;5;-;-;24437 <-> 24515
231;5;-;-;25463 <-> 25575
232;5;-;-;27195 <-> 27254
233;5;-;-;28688 <-> 28740
234;5;-;-;29702 <-> 29764
235;5;-;-;31103 <-> 31160
236;5;-;-;32693 <-> 32769
237;5;-;-;41102 <-> 41275
238;5;-;-;42656 <-> 42744
239;5;-;-;43714 <-> 43779
240;5;-;-;44950 <-> 45040
241;5;-;-;46138 <-> 46208
242;5;-;-;47212 <-> 47273
243;5;-;-;48186 <-> 48272
244;5;-;-;49380 <-> 49443
245;5;-;-;50793 <-> 50858
246;5;-;-;52219 <-> 52330
247;5;-;-;53674 <-> 53766
248;5;-;-;54990 <-> 55063
249;5;-;-;56502 <-> 56564
250;5;-;-;57442 <-> 57512
251;5;-;-;59047 <-> 59132
252;5;-;-;60397 <-> 60464
253;5;-;-;61502 <-> 61564
254;5;-;-;62834 <-> 62906
255;5;-;-;67858 <-> 67998
256;5;-;-;69224 <-> 69295
257;5;-;-;70587 <-> 70650
258;5;-;-;71430 <-> 71485
259;5;-;-;72791 <-> 72849
260;5;-;-;73715 <-> 73786
261;5;-;-;75317 <-> 75400
262;5;-;-;76353 <-> 76471
263;5;-;-;77909 <-> 77963
264;5;-;-;79203 <-> 79250
265;5;-;-;80157 <-> 80239
266;5;-;-;81552 <-> 81690
267;5;-;-;82855 <-> 82916
268;5;-;-;84013 <-> 84070
269;5;-;-;85590 <-> 85673
270;5;-;-;86694 <-> 86763
271;5;-;-;88000 <-> 88066
272;5;-;-;89407 <-> 89483
273;6;7821;124671;-
274;6;-;-;7824 <-> 8636
275;6;-;-;11337 <-> 11546
276;6;-;-;13969 <-> 14184
277;6;-;-;16314 <-> 16671
278;6;-;-;18739 <-> 18891
279;6;-;-;21420 <-> 21486
280;6;-;-;23312 <-> 23471
281;6;-;-;25444 <-> 25673
282;6;-;-;28047 <-> 28299
283;6;-;-;30016 <-> 30065
284;6;-;-;31467 <-> 31519
285;6;-;-;34078 <-> 34139
286;6;-;-;35588 <-> 35732
287;6;-;-;37857 <-> 38333
288;6;-;-;39535 <-> 39582
289;6;-;-;40821 <-> 40878
290;6;-;-;42456 <-> 42510
291;6;-;-;43705 <-> 43937
292;6;-;-;45185 <-> 52591
293;6;-;-;54714 <-> 54843
294;6;-;-;56249 <-> 56381
295;6;-;-;58527 <-> 58617
296;6;-;-;60001 <-> 60158
297;6;-;-;61246 <-> 61314
298;6;-;-;62529 <-> 62614
299;6;-;-;64018 <-> 64075
300;6;-;-;65455 <-> 65541
301;6;-;-;67342 <-> 67538
302;6;-;-;69438 <-> 69629
303;6;-;-;71012 <-> 71073
304;6;-;-;72370 <-> 72482
305;6;-;-;74128 <-> 74238
306;6;-;-;75841 <-> 76243
307;6;-;-;77471 <-> 77540
308;6;-;-;80502 <-> 80603
309;6;-;-;82952 <-> 83060
310;6;-;-;84120 <-> 84175
311;6;-;-;92609 <-> 92713
312;6;-;-;94007 <-> 94088
313;6;-;-;96688 <-> 96777
314;6;-;-;98096 <-> 98183
315;6;-;-;99336 <-> 99382
316;6;-;-;100690 <-> 100893
317;6;-;-;102657 <-> 102987
318;6;-;-;105342 <-> 105441
319;6;-;-;106657 <-> 106745
320;6;-;-;109032 <-> 109102
321;6;-;-;110860 <-> 111193
322;6;-;-;114354 <-> 114616
323;6;-;-;116299 <-> 116787
324;6;-;-;117935 <-> 118103
325;6;-;-;119921 <-> 119971
326;6;-;-;121246 <-> 121332
327;6;-;-;123194 <-> 123273
328;7;11565;162376;-
329;7;-;-;11569 <-> 11638
330;7;-;-;13662 <-> 13888
331;7;-;-;16792 <-> 16919
332;7;-;-;18973 <-> 19126
333;7;-;-;22148 <-> 22417
334;7;-;-;24153 <-> 24224
335;7;-;-;25652 <-> 25820
336;7;-;-;27260 <-> 27327
337;7;-;-;29478 <-> 29664
338;7;-;-;31404 <-> 32201
339;7;-;-;34436 <-> 34930
340;7;-;-;37717 <-> 37765
341;7;-;-;39244 <-> 39386
342;7;-;-;43192 <-> 43290
343;7;-;-;45238 <-> 45289
344;7;-;-;47464 <-> 47618
345;7;-;-;49086 <-> 49207
346;7;-;-;52418 <-> 52607
347;7;-;-;54459 <-> 78217
348;7;-;-;80776 <-> 80921
349;7;-;-;83085 <-> 83137
350;7;-;-;85551 <-> 85699
351;7;-;-;87321 <-> 87402
352;7;-;-;89057 <-> 89200
353;7;-;-;90623 <-> 90700
354;7;-;-;91669 <-> 91756
355;7;-;-;93290 <-> 93369
356;7;-;-;95281 <-> 95332
357;7;-;-;96692 <-> 96787
358;7;-;-;98883 <-> 99049
359;7;-;-;100511 <-> 100584
360;7;-;-;103320 <-> 103374
361;7;-;-;104925 <-> 104986
362;7;-;-;106551 <-> 106632
363;7;-;-;108316 <-> 108449
364;7;-;-;110250 <-> 110998
365;7;-;-;119840 <-> 120002
366;7;-;-;122195 <-> 122274
367;7;-;-;124279 <-> 124330
368;7;-;-;125781 <-> 125886
369;7;-;-;127368 <-> 127491
370;7;-;-;128789 <-> 128865
371;7;-;-;130752 <-> 130836
372;7;-;-;132689 <-> 132765
373;7;-;-;136316 <-> 136449
374;7;-;-;137768 <-> 137924
375;7;-;-;139186 <-> 139257
376;7;-;-;140726 <-> 140785
377;7;-;-;145052 <-> 145122
378;7;-;-;152575 <-> 152655
379;7;-;-;153882 <-> 154683
380;7;-;-;157659 <-> 157740
381;7;-;-;159475 <-> 159548
382;7;-;-;161179 <-> 161258
383;8;29259;169467;-
384;8;-;-;29262 <-> 29867
385;8;-;-;32247 <-> 32501
386;8;-;-;34518 <-> 35685
387;8;-;-;38870 <-> 38940
388;8;-;-;40989 <-> 41058
389;8;-;-;42871 <-> 45381
390;8;-;-;47955 <-> 48429
391;8;-;-;51243 <-> 51347
392;8;-;-;53096 <-> 53237
393;8;-;-;54875 <-> 56484
394;8;-;-;58574 <-> 58695
395;8;-;-;60445 <-> 60573
396;8;-;-;62499 <-> 62667
397;8;-;-;64167 <-> 64220
398;8;-;-;66988 <-> 67322
399;8;-;-;68900 <-> 69045
400;8;-;-;70367 <-> 70415
401;8;-;-;72122 <-> 72208
402;8;-;-;74172 <-> 74255
403;8;-;-;84558 <-> 84651
404;8;-;-;85887 <-> 86016
405;8;-;-;88263 <-> 88380
406;8;-;-;90901 <-> 90987
407;8;-;-;92416 <-> 92496
408;8;-;-;93627 <-> 93726
409;8;-;-;95213 <-> 95373
410;8;-;-;96599 <-> 96758
411;8;-;-;98083 <-> 98178
412;8;-;-;101144 <-> 101234
413;8;-;-;105522 <-> 105631
414;8;-;-;108559 <-> 108647
415;8;-;-;111163 <-> 111383
416;8;-;-;115154 <-> 115223
417;8;-;-;116765 <-> 118090
418;8;-;-;119510 <-> 119627
419;8;-;-;120945 <-> 121213
420;8;-;-;122293 <-> 128313
421;8;-;-;132271 <-> 132391
422;8;-;-;133485 <-> 133583
423;8;-;-;135619 <-> 135753
424;8;-;-;137978 <-> 138028
425;8;-;-;140094 <-> 140198
426;8;-;-;142163 <-> 142476
427;8;-;-;145404 <-> 145497
428;8;-;-;148012 <-> 148065
429;8;-;-;149603 <-> 149843
430;8;-;-;153806 <-> 154045
431;8;-;-;156096 <-> 156145
432;8;-;-;157750 <-> 157861
433;8;-;-;159039 <-> 159091
434;8;-;-;160099 <-> 160473
435;8;-;-;164048 <-> 164134
436;8;-;-;166403 <-> 166502
437;8;-;-;167727 <-> 167819
438;9;12276;117077;-
439;9;-;-;12280 <-> 12493
440;9;-;-;14733 <-> 14895
441;9;-;-;17515 <-> 17708
442;9;-;-;18899 <-> 19070
443;9;-;-;21306 <-> 21397
444;9;-;-;23105 <-> 23255
445;9;-;-;24549 <-> 24728
446;9;-;-;25994 <-> 26081
447;9;-;-;27489 <-> 27539
448;9;-;-;28651 <-> 28714
449;9;-;-;31074 <-> 31132
450;9;-;-;32414 <-> 32501
451;9;-;-;33857 <-> 33943
452;9;-;-;35966 <-> 36063
453;9;-;-;38369 <-> 38442
454;9;-;-;39905 <-> 40001
455;9;-;-;41755 <-> 41828
456;9;-;-;43372 <-> 43604
457;9;-;-;45472 <-> 52558
458;9;-;-;54469 <-> 54591
459;9;-;-;57755 <-> 57810
460;9;-;-;59780 <-> 59828
461;9;-;-;61704 <-> 61790
462;9;-;-;63579 <-> 63639
463;9;-;-;65231 <-> 65410
464;9;-;-;67887 <-> 67939
465;9;-;-;69605 <-> 69654
466;9;-;-;70803 <-> 70885
467;9;-;-;72133 <-> 72181
468;9;-;-;74038 <-> 74153
469;9;-;-;76085 <-> 76225
470;9;-;-;78137 <-> 78195
471;9;-;-;79500 <-> 79546
472;9;-;-;81046 <-> 81122
473;9;-;-;82903 <-> 82984
474;9;-;-;84400 <-> 84526
475;9;-;-;85953 <-> 90029
476;9;-;-;92084 <-> 92210
477;9;-;-;94576 <-> 94652
478;9;-;-;95752 <-> 95800
479;9;-;-;96819 <-> 96873
480;9;-;-;98526 <-> 98580
481;9;-;-;99580 <-> 99633
482;9;-;-;101056 <-> 101130
483;9;-;-;102715 <-> 102767
484;9;-;-;104429 <-> 104513
485;9;-;-;105988 <-> 106037
486;9;-;-;107154 <-> 107206
487;9;-;-;108469 <-> 108553
488;9;-;-;109833 <-> 109912
489;9;-;-;111154 <-> 111260
490;9;-;-;112741 <-> 112792
491;9;-;-;114126 <-> 114228
492;9;-;-;115465 <-> 115513
493;10;21379;107927;-
494;10;-;-;21382 <-> 21478
495;10;-;-;23394 <-> 23549
496;10;-;-;25163 <-> 25375
497;10;-;-;26210 <-> 26285
498;10;-;-;27120 <-> 27184
499;10;-;-;28006 <-> 28055
500;10;-;-;29498 <-> 29579
501;10;-;-;30517 <-> 30728
502;10;-;-;31973 <-> 32044
503;10;-;-;33601 <-> 33685
504;10;-;-;35056 <-> 36247
505;10;-;-;37815 <-> 38360
506;10;-;-;40467 <-> 40563
507;10;-;-;42094 <-> 42173
508;10;-;-;43033 <-> 43115
509;10;-;-;44555 <-> 44624
510;10;-;-;45476 <-> 45536
511;10;-;-;46614 <-> 46670
512;10;-;-;48927 <-> 49003
513;10;-;-;56828 <-> 56916
514;10;-;-;57885 <-> 57993
515;10;-;-;58646 <-> 58757
516;10;-;-;59817 <-> 59905
517;10;-;-;60978 <-> 61026
518;10;-;-;63036 <-> 63525
519;10;-;-;65445 <-> 65731
520;10;-;-;66835 <-> 66925
521;10;-;-;68746 <-> 68992
522;10;-;-;70132 <-> 70241
523;10;-;-;71175 <-> 71255
524;10;-;-;73524 <-> 73576
525;10;-;-;74757 <-> 74842
526;10;-;-;75716 <-> 75796
527;10;-;-;76814 <-> 76910
528;10;-;-;77996 <-> 78127
529;10;-;-;79097 <-> 79145
530;10;-;-;80177 <-> 80238
531;10;-;-;85082 <-> 85141
532;10;-;-;86158 <-> 86399
533;10;-;-;87210 <-> 87277
534;10;-;-;88267 <-> 88347
535;10;-;-;89606 <-> 89731
536;10;-;-;91497 <-> 91565
537;10;-;-;92522 <-> 92705
538;10;-;-;93703 <-> 93773
539;10;-;-;95125 <-> 95202
540;10;-;-;96802 <-> 96857
541;10;-;-;98572 <-> 98730
542;10;-;-;99720 <-> 99828
543;10;-;-;101229 <-> 101333
544;10;-;-;102643 <-> 102850
545;10;-;-;104158 <-> 104235
546;10;-;-;105137 <-> 105314
547;10;-;-;106691 <-> 106744
548;11;5420;90332;-
549;11;-;-;5424 <-> 5620
550;11;-;-;7488 <-> 7679
551;11;-;-;9663 <-> 10163
552;11;-;-;11247 <-> 11299
553;11;-;-;12228 <-> 12374
554;11;-;-;14009 <-> 14201
555;11;-;-;15874 <-> 16006
556;11;-;-;17074 <-> 17204
557;11;-;-;18542 <-> 18640
558;11;-;-;19687 <-> 19791
559;11;-;-;21288 <-> 21360
560;11;-;-;22521 <-> 22604
561;11;-;-;24214 <-> 24260
562;11;-;-;25572 <-> 25716
563;11;-;-;26930 <-> 27049
564;11;-;-;28156 <-> 28495
565;11;-;-;29891 <-> 29968
566;11;-;-;31280 <-> 31373
567;11;-;-;39924 <-> 39970
568;11;-;-;40951 <-> 41022
569;11;-;-;42715 <-> 42794
570;11;-;-;44170 <-> 44251
571;11;-;-;45700 <-> 45789
572;11;-;-;46791 <-> 46850
573;11;-;-;48099 <-> 48175
574;11;-;-;49686 <-> 49765
575;11;-;-;51099 <-> 51172
576;11;-;-;52647 <-> 52729
577;11;-;-;53836 <-> 53884
578;11;-;-;55420 <-> 55495
579;11;-;-;56236 <-> 56352
580;11;-;-;57292 <-> 57372
581;11;-;-;58468 <-> 58541
582;11;-;-;59487 <-> 59601
583;11;-;-;61135 <-> 61213
584;11;-;-;62723 <-> 66516
585;11;-;-;67481 <-> 67558
586;11;-;-;68787 <-> 68835
587;11;-;-;70027 <-> 70082
588;11;-;-;71783 <-> 71831
589;11;-;-;73318 <-> 73371
590;11;-;-;74858 <-> 74940
591;11;-;-;75865 <-> 75939
592;11;-;-;77135 <-> 77182
593;11;-;-;78713 <-> 78764
594;11;-;-;80019 <-> 80094
595;11;-;-;81741 <-> 81824
596;11;-;-;83233 <-> 83279
597;11;-;-;84232 <-> 84285
598;11;-;-;85535 <-> 85612
599;11;-;-;87010 <-> 87090
600;11;-;-;88415 <-> 88462
601;11;-;-;89241 <-> 89290
602;12;8282;98344;-
603;12;-;-;8286 <-> 8912
604;12;-;-;10681 <-> 10749
605;12;-;-;12319 <-> 12374
606;12;-;-;13482 <-> 13537
607;12;-;-;14653 <-> 14706
608;12;-;-;15977 <-> 16027
609;12;-;-;17271 <-> 17322
610;12;-;-;18913 <-> 18964
611;12;-;-;20147 <-> 20255
612;12;-;-;21754 <-> 21809
613;12;-;-;23188 <-> 23250
614;12;-;-;24373 <-> 24491
615;12;-;-;25722 <-> 25769
616;12;-;-;27077 <-> 27149
617;12;-;-;28460 <-> 28555
618;12;-;-;30312 <-> 30368
619;12;-;-;31736 <-> 31790
620;12;-;-;33175 <-> 33282
621;12;-;-;34749 <-> 44359
622;12;-;-;45733 <-> 45796
623;12;-;-;47167 <-> 47227
624;12;-;-;48368 <-> 48457
625;12;-;-;49701 <-> 49971
626;12;-;-;51214 <-> 51264
627;12;-;-;52503 <-> 52602
628;12;-;-;53618 <-> 53663
629;12;-;-;55149 <-> 55198
630;12;-;-;56507 <-> 56593
631;12;-;-;57613 <-> 57662
632;12;-;-;58965 <-> 59043
633;12;-;-;60442 <-> 60499
634;12;-;-;61598 <-> 61673
635;12;-;-;62926 <-> 62981
636;12;-;-;64173 <-> 64249
637;12;-;-;65379 <-> 65429
638;12;-;-;66696 <-> 66781
639;12;-;-;67835 <-> 75216
640;12;-;-;76325 <-> 76380
641;12;-;-;77762 <-> 77811
642;12;-;-;78763 <-> 78842
643;12;-;-;79756 <-> 79806
644;12;-;-;81041 <-> 81101
645;12;-;-;82360 <-> 82410
646;12;-;-;83855 <-> 83906
647;12;-;-;85202 <-> 85312
648;12;-;-;86549 <-> 86597
649;12;-;-;87687 <-> 87736
650;12;-;-;89008 <-> 89056
651;12;-;-;90487 <-> 90575
652;12;-;-;91827 <-> 91910
653;12;-;-;92818 <-> 92867
654;12;-;-;94406 <-> 94494
655;12;-;-;95739 <-> 95835
656;12;-;-;97052 <-> 97154
657;13;25026;157342;-
658;13;-;-;25030 <-> 25175
659;13;-;-;28471 <-> 28583
660;13;-;-;31246 <-> 31367
661;13;-;-;33939 <-> 34096
662;13;-;-;36177 <-> 36807
663;13;-;-;39035 <-> 39129
664;13;-;-;40655 <-> 40773
665;13;-;-;44430 <-> 44715
666;13;-;-;45987 <-> 46299
667;13;-;-;51184 <-> 51312
668;13;-;-;52953 <-> 53057
669;13;-;-;54280 <-> 55070
670;13;-;-;56121 <-> 56297
671;13;-;-;58677 <-> 58740
672;13;-;-;60770 <-> 60850
673;13;-;-;63217 <-> 65404
674;13;-;-;67106 <-> 67233
675;13;-;-;68915 <-> 69111
676;13;-;-;70402 <-> 78231
677;13;-;-;80066 <-> 80131
678;13;-;-;82628 <-> 83013
679;13;-;-;84858 <-> 85198
680;13;-;-;86869 <-> 86972
681;13;-;-;88219 <-> 88347
682;13;-;-;89882 <-> 89937
683;13;-;-;91904 <-> 91968
684;13;-;-;95670 <-> 95848
685;13;-;-;98192 <-> 98284
686;13;-;-;102707 <-> 102771
687;13;-;-;104129 <-> 104216
688;13;-;-;106563 <-> 106701
689;13;-;-;108411 <-> 108537
690;13;-;-;110430 <-> 110486
691;13;-;-;112078 <-> 112157
692;13;-;-;113558 <-> 113634
693;13;-;-;115056 <-> 115147
694;13;-;-;116639 <-> 116775
695;13;-;-;125795 <-> 125856
696;13;-;-;127339 <-> 127602
697;13;-;-;130282 <-> 130716
698;13;-;-;132580 <-> 132822
699;13;-;-;134209 <-> 134266
700;13;-;-;135613 <-> 135679
701;13;-;-;137260 <-> 137682
702;13;-;-;140926 <-> 141035
703;13;-;-;142385 <-> 142444
704;13;-;-;144218 <-> 144279
705;13;-;-;146789 <-> 146847
706;13;-;-;148589 <-> 148666
707;13;-;-;149976 <-> 150037
708;13;-;-;151099 <-> 151283
709;13;-;-;152659 <-> 152839
710;13;-;-;154031 <-> 154088
711;13;-;-;156029 <-> 156111
712;14;6942;102011;-
713;14;-;-;6945 <-> 7786
714;14;-;-;9531 <-> 9596
715;14;-;-;11692 <-> 11757
716;14;-;-;12875 <-> 12931
717;14;-;-;14867 <-> 14991
718;14;-;-;16658 <-> 16852
719;14;-;-;18306 <-> 18400
720;14;-;-;19923 <-> 20025
721;14;-;-;21659 <-> 21814
722;14;-;-;23572 <-> 23696
723;14;-;-;26258 <-> 26702
724;14;-;-;28496 <-> 28590
725;14;-;-;29712 <-> 29823
726;14;-;-;32928 <-> 33090
727;14;-;-;37062 <-> 41518
728;14;-;-;43901 <-> 44013
729;14;-;-;44966 <-> 45284
730;14;-;-;50205 <-> 50258
731;14;-;-;51872 <-> 52066
732;14;-;-;53015 <-> 53259
733;14;-;-;55057 <-> 55155
734;14;-;-;56328 <-> 56439
735;14;-;-;57958 <-> 58284
736;14;-;-;60376 <-> 60474
737;14;-;-;61743 <-> 61838
738;14;-;-;62918 <-> 63059
739;14;-;-;63974 <-> 64117
740;14;-;-;65321 <-> 65376
741;14;-;-;68257 <-> 68332
742;14;-;-;70109 <-> 72414
743;14;-;-;76046 <-> 76131
744;14;-;-;77585 <-> 77700
745;14;-;-;79388 <-> 79473
746;14;-;-;80639 <-> 80787
747;14;-;-;82434 <-> 82481
748;14;-;-;85370 <-> 85417
749;14;-;-;88742 <-> 88890
750;14;-;-;89851 <-> 89909
751;14;-;-;91027 <-> 91236
752;14;-;-;92635 <-> 92685
753;14;-;-;94543 <-> 94684
754;14;-;-;96399 <-> 96471
755;14;-;-;97899 <-> 97955
756;14;-;-;99084 <-> 99171
757;14;-;-;100387 <-> 100448
758;15;8763;126637;-
759;15;-;-;8767 <-> 9392
760;15;-;-;12028 <-> 12181
761;15;-;-;13988 <-> 14279
762;15;-;-;16246 <-> 16554
763;15;-;-;18823 <-> 18901
764;15;-;-;19969 <-> 20235
765;15;-;-;21584 <-> 21669
766;15;-;-;23150 <-> 23348
767;15;-;-;24922 <-> 24997
768;15;-;-;27027 <-> 27118
769;15;-;-;28779 <-> 28893
770;15;-;-;30700 <-> 30818
771;15;-;-;32160 <-> 32251
772;15;-;-;34126 <-> 34194
773;15;-;-;36569 <-> 36635
774;15;-;-;38287 <-> 38388
775;15;-;-;40385 <-> 40435
776;15;-;-;42124 <-> 42262
777;15;-;-;43794 <-> 43850
778;15;-;-;55276 <-> 55758
779;15;-;-;58905 <-> 59025
780;15;-;-;60613 <-> 60694
781;15;-;-;62455 <-> 62538
782;15;-;-;64321 <-> 64378
783;15;-;-;66391 <-> 66573
784;15;-;-;67788 <-> 67838
785;15;-;-;69267 <-> 70184
786;15;-;-;72201 <-> 72260
787;15;-;-;73982 <-> 74069
788;15;-;-;75625 <-> 75679
789;15;-;-;78119 <-> 78278
790;15;-;-;80361 <-> 80415
791;15;-;-;82052 <-> 82147
792;15;-;-;83663 <-> 83946
793;15;-;-;85617 <-> 85702
794;15;-;-;87933 <-> 87991
795;15;-;-;89737 <-> 92994
796;15;-;-;94018 <-> 94065
797;15;-;-;95738 <-> 95825
798;15;-;-;96972 <-> 97044
799;15;-;-;98612 <-> 98666
800;15;-;-;101164 <-> 101273
801;15;-;-;102858 <-> 103424
802;15;-;-;105590 <-> 105662
803;15;-;-;109866 <-> 109932
804;15;-;-;112007 <-> 112097
805;15;-;-;114297 <-> 114343
806;15;-;-;115524 <-> 115574
807;15;-;-;117343 <-> 117427
808;15;-;-;119342 <-> 119386
809;15;-;-;120517 <-> 120611
810;15;-;-;121861 <-> 121925
811;15;-;-;123502 <-> 123753
812;15;-;-;125203 <-> 125264
813;16;8385;108976;-
814;16;-;-;8389 <-> 8869
815;16;-;-;10472 <-> 10627
816;16;-;-;11750 <-> 11807
817;16;-;-;13676 <-> 13814
818;16;-;-;15011 <-> 15107
819;16;-;-;19049 <-> 19145
820;16;-;-;20789 <-> 20890
821;16;-;-;23432 <-> 23489
822;16;-;-;24632 <-> 24682
823;16;-;-;26093 <-> 26176
824;16;-;-;27709 <-> 27788
825;16;-;-;29712 <-> 29806
826;16;-;-;30718 <-> 30821
827;16;-;-;32919 <-> 33008
828;16;-;-;35521 <-> 35610
829;16;-;-;38887 <-> 38979
830;16;-;-;41543 <-> 41676
831;16;-;-;42817 <-> 42931
832;16;-;-;49889 <-> 49942
833;16;-;-;51424 <-> 51513
834;16;-;-;53870 <-> 53969
835;16;-;-;55348 <-> 55414
836;16;-;-;56747 <-> 56835
837;16;-;-;58496 <-> 58576
838;16;-;-;61020 <-> 61071
839;16;-;-;62204 <-> 62284
840;16;-;-;63720 <-> 63782
841;16;-;-;65997 <-> 66062
842;16;-;-;67350 <-> 67401
843;16;-;-;68484 <-> 68602
844;16;-;-;69647 <-> 69718
845;16;-;-;71627 <-> 71763
846;16;-;-;72832 <-> 72902
847;16;-;-;74177 <-> 74251
848;16;-;-;77519 <-> 77621
849;16;-;-;79510 <-> 82740
850;16;-;-;84505 <-> 84591
851;16;-;-;85993 <-> 86043
852;16;-;-;87415 <-> 87490
853;16;-;-;88488 <-> 88563
854;16;-;-;90276 <-> 90326
855;16;-;-;91471 <-> 91524
856;16;-;-;92858 <-> 92996
857;16;-;-;94202 <-> 94258
858;16;-;-;95626 <-> 95698
859;16;-;-;96755 <-> 96830
860;16;-;-;98760 <-> 98856
861;16;-;-;100848 <-> 100936
862;16;-;-;102319 <-> 102374
863;16;-;-;103296 <-> 103367
864;16;-;-;104602 <-> 104679
865;16;-;-;106284 <-> 106400
866;16;-;-;107611 <-> 107696
867;17;7597;104879;-
868;17;-;-;7601 <-> 9067
869;17;-;-;11359 <-> 11452
870;17;-;-;12585 <-> 12660
871;17;-;-;14443 <-> 14517
872;17;-;-;16152 <-> 16259
873;17;-;-;18093 <-> 18183
874;17;-;-;21724 <-> 21774
875;17;-;-;23688 <-> 23802
876;17;-;-;25514 <-> 25561
877;17;-;-;26733 <-> 26816
878;17;-;-;28039 <-> 28282
879;17;-;-;30337 <-> 30397
880;17;-;-;31592 <-> 31794
881;17;-;-;33028 <-> 33126
882;17;-;-;34322 <-> 34405
883;17;-;-;35518 <-> 35598
884;17;-;-;36725 <-> 36907
885;17;-;-;38087 <-> 38223
886;17;-;-;40170 <-> 52742
887;17;-;-;54038 <-> 54129
888;17;-;-;55379 <-> 55461
889;17;-;-;56541 <-> 56646
890;17;-;-;57821 <-> 57933
891;17;-;-;58946 <-> 59025
892;17;-;-;60329 <-> 60395
893;17;-;-;61624 <-> 61876
894;17;-;-;63167 <-> 63213
895;17;-;-;64680 <-> 64770
896;17;-;-;66057 <-> 66810
897;17;-;-;67891 <-> 67940
898;17;-;-;69112 <-> 69186
899;17;-;-;70333 <-> 70409
900;17;-;-;71518 <-> 71586
901;17;-;-;72830 <-> 72906
902;17;-;-;74003 <-> 74088
903;17;-;-;75564 <-> 75643
904;17;-;-;77031 <-> 81642
905;17;-;-;83274 <-> 83361
906;17;-;-;84695 <-> 84783
907;17;-;-;85923 <-> 85992
908;17;-;-;87052 <-> 87103
909;17;-;-;88187 <-> 88238
910;17;-;-;89280 <-> 89344
911;17;-;-;90556 <-> 90642
912;17;-;-;92292 <-> 92368
913;17;-;-;93427 <-> 93504
914;17;-;-;95197 <-> 95248
915;17;-;-;96310 <-> 96367
916;17;-;-;97572 <-> 97651
917;17;-;-;98592 <-> 98673
918;17;-;-;99874 <-> 100001
919;17;-;-;101174 <-> 101265
920;17;-;-;102524 <-> 102603
921;17;-;-;103918 <-> 104005
922;18;8804;103395;-
923;18;-;-;8808 <-> 8861
924;18;-;-;10324 <-> 10369
925;18;-;-;11863 <-> 11910
926;18;-;-;12976 <-> 13028
927;18;-;-;14182 <-> 14232
928;18;-;-;15357 <-> 15454
929;18;-;-;16801 <-> 16857
930;18;-;-;17799 <-> 17880
931;18;-;-;19099 <-> 19205
932;18;-;-;20667 <-> 20718
933;18;-;-;21813 <-> 21898
934;18;-;-;22923 <-> 23006
935;18;-;-;24323 <-> 24420
936;18;-;-;25453 <-> 25546
937;18;-;-;26915 <-> 26962
938;18;-;-;28093 <-> 28139
939;18;-;-;29535 <-> 29587
940;18;-;-;30873 <-> 30920
941;18;-;-;32064 <-> 32378
942;18;-;-;33883 <-> 33937
943;18;-;-;35050 <-> 35108
944;18;-;-;36400 <-> 36455
945;18;-;-;47427 <-> 47490
946;18;-;-;48367 <-> 48423
947;18;-;-;49679 <-> 49736
948;18;-;-;50940 <-> 51048
949;18;-;-;52306 <-> 52353
950;18;-;-;53719 <-> 53787
951;18;-;-;54904 <-> 54996
952;18;-;-;55996 <-> 56044
953;18;-;-;57196 <-> 57280
954;18;-;-;58411 <-> 58461
955;18;-;-;59937 <-> 59984
956;18;-;-;61340 <-> 61393
957;18;-;-;62806 <-> 62857
958;18;-;-;64336 <-> 64387
959;18;-;-;65680 <-> 65732
960;18;-;-;67040 <-> 67096
961;18;-;-;75646 <-> 75695
962;18;-;-;77780 <-> 77833
963;18;-;-;78869 <-> 78922
964;18;-;-;80183 <-> 80340
965;18;-;-;82142 <-> 82236
966;18;-;-;83529 <-> 83577
967;18;-;-;85048 <-> 85105
968;18;-;-;86458 <-> 86549
969;18;-;-;87969 <-> 88036
970;18;-;-;89447 <-> 89504
971;18;-;-;90839 <-> 90905
972;18;-;-;92052 <-> 92101
973;18;-;-;93110 <-> 93177
974;18;-;-;95674 <-> 95945
975;18;-;-;98863 <-> 98960
976;18;-;-;100652 <-> 100818
977;19;9683;113287;-
978;19;-;-;9685 <-> 9820
979;19;-;-;11174 <-> 11279
980;19;-;-;12918 <-> 13200
981;19;-;-;14998 <-> 15096
982;19;-;-;16843 <-> 16910
983;19;-;-;18549 <-> 18711
984;19;-;-;19741 <-> 19815
985;19;-;-;21601 <-> 21668
986;19;-;-;23672 <-> 23761
987;19;-;-;25408 <-> 25558
988;19;-;-;26893 <-> 27158
989;19;-;-;28756 <-> 28848
990;19;-;-;30369 <-> 30478
991;19;-;-;32946 <-> 33076
992;19;-;-;34427 <-> 34540
993;19;-;-;36011 <-> 36056
994;19;-;-;37705 <-> 37792
995;19;-;-;39404 <-> 39489
996;19;-;-;41212 <-> 41278
997;19;-;-;42495 <-> 42629
998;19;-;-;50471 <-> 50552
999;19;-;-;51984 <-> 52179
1000;19;-;-;53610 <-> 53660
1001;19;-;-;54724 <-> 54828
1002;19;-;-;56490 <-> 56622
1003;19;-;-;58007 <-> 58139
1004;19;-;-;59581 <-> 59692
1005;19;-;-;60714 <-> 60801
1006;19;-;-;62645 <-> 62926
1007;19;-;-;65058 <-> 65571
1008;19;-;-;66812 <-> 67167
1009;19;-;-;70270 <-> 70350
1010;19;-;-;71773 <-> 71843
1011;19;-;-;73805 <-> 73872
1012;19;-;-;75933 <-> 75982
1013;19;-;-;77563 <-> 77617
1014;19;-;-;79589 <-> 83048
1015;19;-;-;84275 <-> 84388
1016;19;-;-;86938 <-> 87162
1017;19;-;-;89102 <-> 89239
1018;19;-;-;90790 <-> 90872
1019;19;-;-;91934 <-> 92004
1020;19;-;-;93145 <-> 93190
1021;19;-;-;96238 <-> 96299
1022;19;-;-;98206 <-> 98502
1023;19;-;-;99473 <-> 99588
1024;19;-;-;100779 <-> 100876
1025;19;-;-;102522 <-> 102643
1026;19;-;-;104131 <-> 104206
1027;19;-;-;105485 <-> 105531
1028;19;-;-;106845 <-> 106904
1029;19;-;-;109093 <-> 109179
1030;19;-;-;110368 <-> 110446
1031;19;-;-;112114 <-> 112199
1032;20;8550;85870;-
1033;20;-;-;8554 <-> 8743
1034;20;-;-;9784 <-> 9893
1035;20;-;-;10961 <-> 11081
1036;20;-;-;12435 <-> 12581
1037;20;-;-;13667 <-> 13743
1038;20;-;-;15173 <-> 15235
1039;20;-;-;16406 <-> 16457
1040;20;-;-;17839 <-> 17925
1041;20;-;-;19029 <-> 19121
1042;20;-;-;21200 <-> 21290
1043;20;-;-;22424 <-> 22485
1044;20;-;-;24113 <-> 24200
1045;20;-;-;25375 <-> 25425
1046;20;-;-;26449 <-> 26541
1047;20;-;-;29145 <-> 29227
1048;20;-;-;30516 <-> 30616
1049;20;-;-;31726 <-> 31783
1050;20;-;-;33241 <-> 33327
1051;20;-;-;34486 <-> 38134
1052;20;-;-;39323 <-> 39421
1053;20;-;-;40577 <-> 40662
1054;20;-;-;41589 <-> 41671
1055;20;-;-;42662 <-> 42744
1056;20;-;-;43810 <-> 43895
1057;20;-;-;45380 <-> 45465
1058;20;-;-;46668 <-> 46749
1059;20;-;-;48088 <-> 48165
1060;20;-;-;49540 <-> 49587
1061;20;-;-;50911 <-> 50988
1062;20;-;-;52022 <-> 52094
1063;20;-;-;53511 <-> 53596
1064;20;-;-;54625 <-> 54717
1065;20;-;-;55919 <-> 55967
1066;20;-;-;56876 <-> 56955
1067;20;-;-;57983 <-> 58074
1068;20;-;-;59489 <-> 59549
1069;20;-;-;60729 <-> 63173
1070;20;-;-;64389 <-> 64465
1071;20;-;-;65528 <-> 66141
1072;20;-;-;67453 <-> 67506
1073;20;-;-;68484 <-> 68559
1074;20;-;-;69776 <-> 69836
1075;20;-;-;70707 <-> 70781
1076;20;-;-;73216 <-> 73300
1077;20;-;-;74669 <-> 74759
1078;20;-;-;75926 <-> 76003
1079;20;-;-;77438 <-> 77494
1080;20;-;-;78634 <-> 78679
1081;20;-;-;79725 <-> 79805
1082;20;-;-;80821 <-> 80888
1083;20;-;-;82444 <-> 82511
1084;20;-;-;83582 <-> 83647
1085;20;-;-;84622 <-> 84697
1086;21;7588;96247;-
1087;21;-;-;7591 <-> 7667
1088;21;-;-;9252 <-> 9429
1089;21;-;-;10921 <-> 10985
1090;21;-;-;12234 <-> 12508
1091;21;-;-;13663 <-> 13721
1092;21;-;-;15294 <-> 15394
1093;21;-;-;17074 <-> 17168
1094;21;-;-;18705 <-> 18797
1095;21;-;-;20227 <-> 20327
1096;21;-;-;21972 <-> 22032
1097;21;-;-;23483 <-> 23601
1098;21;-;-;25071 <-> 25125
1099;21;-;-;26570 <-> 26661
1100;21;-;-;27890 <-> 27976
1101;21;-;-;29294 <-> 29384
1102;21;-;-;30422 <-> 30479
1103;21;-;-;31549 <-> 31641
1104;21;-;-;32758 <-> 32986
1105;21;-;-;43924 <-> 44078
1106;21;-;-;45119 <-> 45195
1107;21;-;-;46496 <-> 46597
1108;21;-;-;47883 <-> 47943
1109;21;-;-;48962 <-> 49065
1110;21;-;-;50393 <-> 50441
1111;21;-;-;51641 <-> 51721
1112;21;-;-;53147 <-> 53255
1113;21;-;-;54555 <-> 54612
1114;21;-;-;56762 <-> 56814
1115;21;-;-;57838 <-> 57896
1116;21;-;-;58714 <-> 58828
1117;21;-;-;60374 <-> 60423
1118;21;-;-;61745 <-> 61799
1119;21;-;-;63004 <-> 63082
1120;21;-;-;64592 <-> 64651
1121;21;-;-;66518 <-> 66610
1122;21;-;-;67931 <-> 71632
1123;21;-;-;72943 <-> 73068
1124;21;-;-;74189 <-> 74236
1125;21;-;-;75696 <-> 75793
1126;21;-;-;77304 <-> 77381
1127;21;-;-;78907 <-> 78991
1128;21;-;-;80301 <-> 80409
1129;21;-;-;81465 <-> 81526
1130;21;-;-;83008 <-> 83210
1131;21;-;-;84669 <-> 84727
1132;21;-;-;86032 <-> 86123
1133;21;-;-;87290 <-> 87342
1134;21;-;-;88317 <-> 88373
1135;21;-;-;89511 <-> 89561
1136;21;-;-;90547 <-> 90616
1137;21;-;-;91999 <-> 92092
1138;21;-;-;93376 <-> 93481
1139;21;-;-;94662 <-> 94733
1140;22;8605;88316;-
1141;22;-;-;8609 <-> 8670
1142;22;-;-;10044 <-> 10104
1143;22;-;-;11411 <-> 11481
1144;22;-;-;12956 <-> 13017
1145;22;-;-;14130 <-> 14176
1146;22;-;-;15563 <-> 15616
1147;22;-;-;16536 <-> 16621
1148;22;-;-;17967 <-> 18058
1149;22;-;-;19209 <-> 19261
1150;22;-;-;20395 <-> 20452
1151;22;-;-;21876 <-> 21923
1152;22;-;-;23301 <-> 23375
1153;22;-;-;24440 <-> 24484
1154;22;-;-;25490 <-> 25600
1155;22;-;-;26629 <-> 26713
1156;22;-;-;28080 <-> 28179
1157;22;-;-;29361 <-> 29450
1158;22;-;-;30639 <-> 30709
1159;22;-;-;35968 <-> 36021
1160;22;-;-;37100 <-> 37185
1161;22;-;-;38786 <-> 38835
1162;22;-;-;41191 <-> 41276
1163;22;-;-;43710 <-> 43801
1164;22;-;-;44724 <-> 44771
1165;22;-;-;46157 <-> 46202
1166;22;-;-;47369 <-> 47414
1167;22;-;-;48492 <-> 48540
1168;22;-;-;49758 <-> 49832
1169;22;-;-;50826 <-> 50920
1170;22;-;-;51848 <-> 51931
1171;22;-;-;53024 <-> 53097
1172;22;-;-;54634 <-> 54693
1173;22;-;-;56200 <-> 56259
1174;22;-;-;57483 <-> 57536
1175;22;-;-;58670 <-> 58720
1176;22;-;-;59880 <-> 59980
1177;22;-;-;61189 <-> 64952
1178;22;-;-;66332 <-> 66385
1179;22;-;-;67676 <-> 67762
1180;22;-;-;68819 <-> 68874
1181;22;-;-;70059 <-> 70111
1182;22;-;-;71389 <-> 71440
1183;22;-;-;72706 <-> 72757
1184;22;-;-;74241 <-> 74308
1185;22;-;-;75554 <-> 75614
1186;22;-;-;76842 <-> 76921
1187;22;-;-;78301 <-> 78355
1188;22;-;-;79690 <-> 79737
1189;22;-;-;81052 <-> 81106
1190;22;-;-;82508 <-> 82558
1191;22;-;-;83682 <-> 83772
1192;22;-;-;84656 <-> 84714
1193;22;-;-;85954 <-> 85999
1194;22;-;-;87130 <-> 87210
1195;23;7156;97405;-
1196;23;-;-;7159 <-> 7284
1197;23;-;-;9059 <-> 9245
1198;23;-;-;11010 <-> 11097
1199;23;-;-;12701 <-> 12781
1200;23;-;-;14312 <-> 14530
1201;23;-;-;15706 <-> 15836
1202;23;-;-;16808 <-> 16967
1203;23;-;-;18998 <-> 19052
1204;23;-;-;20449 <-> 20506
1205;23;-;-;21820 <-> 21949
1206;23;-;-;23074 <-> 23154
1207;23;-;-;24538 <-> 24586
1208;23;-;-;26559 <-> 26630
1209;23;-;-;28144 <-> 28282
1210;23;-;-;29738 <-> 29813
1211;23;-;-;31552 <-> 31649
1212;23;-;-;33757 <-> 33822
1213;23;-;-;35463 <-> 35533
1214;23;-;-;48605 <-> 48689
1215;23;-;-;50101 <-> 50160
1216;23;-;-;51548 <-> 51682
1217;23;-;-;52616 <-> 52702
1218;23;-;-;53617 <-> 53667
1219;23;-;-;54690 <-> 54767
1220;23;-;-;56196 <-> 56247
1221;23;-;-;57711 <-> 57761
1222;23;-;-;59023 <-> 59108
1223;23;-;-;60220 <-> 60272
1224;23;-;-;61427 <-> 61502
1225;23;-;-;62699 <-> 62750
1226;23;-;-;63987 <-> 64041
1227;23;-;-;65619 <-> 65697
1228;23;-;-;66954 <-> 67034
1229;23;-;-;68312 <-> 68400
1230;23;-;-;69594 <-> 69672
1231;23;-;-;70746 <-> 70831
1232;23;-;-;75725 <-> 75807
1233;23;-;-;77163 <-> 77252
1234;23;-;-;78842 <-> 78914
1235;23;-;-;79890 <-> 79935
1236;23;-;-;81065 <-> 81140
1237;23;-;-;82250 <-> 82298
1238;23;-;-;83264 <-> 83345
1239;23;-;-;84309 <-> 84354
1240;23;-;-;85396 <-> 85444
1241;23;-;-;86838 <-> 86892
1242;23;-;-;87927 <-> 87973
1243;23;-;-;89064 <-> 89124
1244;23;-;-;90303 <-> 90357
1245;23;-;-;91517 <-> 91563
1246;23;-;-;92601 <-> 92668
1247;23;-;-;93795 <-> 93884
1248;23;-;-;95267 <-> 95320
1249;23;-;-;96454 <-> 96502
