;Proband;Block;Task;Trial;MappingMethod;NumLayers;Target;Target_Relative;Result
0;0;1;1;0; densening;15;11;0.7333333333333333; COMPLETED
1;0;1;1;1; densening;15;14;0.9333333333333333; COMPLETED
2;0;1;1;2; densening;15;8;0.5333333333333333; COMPLETED
3;0;1;1;3; densening;15;1;0.06666666666666667; TERMINATED
4;0;1;1;4; densening;15;4;0.26666666666666666; COMPLETED
5;0;1;2;0; densening;12;1;0.08333333333333333; TERMINATED
6;0;1;2;1; densening;12;6;0.5; COMPLETED
7;0;1;2;2; densening;12;9;0.75; COMPLETED
8;0;1;2;3; densening;12;11;0.9166666666666666; TERMINATED
9;0;1;2;4; densening;12;3;0.25; TERMINATED
10;0;1;3;0; densening;9;1;0.1111111111111111; FAILED
11;0;1;3;1; densening;9;7;0.7777777777777778; TERMINATED
12;0;1;3;2; densening;9;8;0.8888888888888888; FAILED
13;0;1;3;3; densening;9;2;0.2222222222222222; COMPLETED
14;0;1;3;4; densening;9;5;0.5555555555555556; FAILED
15;0;1;4;0; densening;6;4;0.6666666666666666; TERMINATED
16;0;1;4;1; densening;6;5;0.8333333333333334; TERMINATED
17;0;1;4;2; densening;6;3;0.5; FAILED
18;0;1;4;3; densening;6;2;0.3333333333333333; COMPLETED
19;0;1;4;4; densening;6;1;0.16666666666666666; COMPLETED
20;0;1;5;0; densening;12;3;0.25; FAILED
21;0;1;5;1; densening;12;11;0.9166666666666666; TERMINATED
22;0;1;5;2; densening;12;9;0.75; TERMINATED
23;0;1;5;3; densening;12;6;0.5; TERMINATED
24;0;1;5;4; densening;12;1;0.08333333333333333; TERMINATED
25;0;1;6;0; densening;18;1;0.05555555555555555; FAILED
26;0;1;6;1; densening;18;17;0.9444444444444444; TERMINATED
27;0;1;6;2; densening;18;9;0.5; TERMINATED
28;0;1;6;3; densening;18;14;0.7777777777777778; COMPLETED
29;0;1;6;4; densening;18;5;0.2777777777777778; TERMINATED
30;0;1;7;0; densening;6;2;0.3333333333333333; COMPLETED
31;0;1;7;1; densening;6;3;0.5; TERMINATED
32;0;1;7;2; densening;6;5;0.8333333333333334; TERMINATED
33;0;1;7;3; densening;6;4;0.6666666666666666; COMPLETED
34;0;1;7;4; densening;6;1;0.16666666666666666; COMPLETED
35;0;1;8;0; densening;9;8;0.8888888888888888; TERMINATED
36;0;1;8;1; densening;9;2;0.2222222222222222; COMPLETED
37;0;1;8;2; densening;9;5;0.5555555555555556; COMPLETED
38;0;1;8;3; densening;9;7;0.7777777777777778; TERMINATED
39;0;1;8;4; densening;9;1;0.1111111111111111; TERMINATED
40;0;1;9;0; densening;15;11;0.7333333333333333; TERMINATED
41;0;1;9;1; densening;15;14;0.9333333333333333; COMPLETED
42;0;1;9;2; densening;15;8;0.5333333333333333; TERMINATED
43;0;1;9;3; densening;15;4;0.26666666666666666; COMPLETED
44;0;1;9;4; densening;15;1;0.06666666666666667; COMPLETED
45;0;1;10;0; densening;12;1;0.08333333333333333; COMPLETED
46;0;1;10;1; densening;12;11;0.9166666666666666; TERMINATED
47;0;1;10;2; densening;12;9;0.75; TERMINATED
48;0;1;10;3; densening;12;6;0.5; TERMINATED
49;0;1;10;4; densening;12;3;0.25; TERMINATED
50;0;1;11;0; densening;18;17;0.9444444444444444; COMPLETED
51;0;1;11;1; densening;18;9;0.5; COMPLETED
52;0;1;11;2; densening;18;5;0.2777777777777778; COMPLETED
53;0;1;11;3; densening;18;1;0.05555555555555555; TERMINATED
54;0;1;11;4; densening;18;14;0.7777777777777778; TERMINATED
55;0;1;12;0; densening;21;1;0.047619047619047616; TERMINATED
56;0;1;12;1; densening;21;16;0.7619047619047619; COMPLETED
57;0;1;12;2; densening;21;20;0.9523809523809523; COMPLETED
58;0;1;12;3; densening;21;5;0.23809523809523808; TERMINATED
59;0;1;12;4; densening;21;11;0.5238095238095238; COMPLETED
60;0;1;13;0; densening;21;16;0.7619047619047619; TERMINATED
61;0;1;13;1; densening;21;11;0.5238095238095238; COMPLETED
62;0;1;13;2; densening;21;20;0.9523809523809523; TERMINATED
63;0;1;13;3; densening;21;5;0.23809523809523808; COMPLETED
64;0;1;13;4; densening;21;1;0.047619047619047616; COMPLETED
65;0;1;14;0; densening;9;2;0.2222222222222222; COMPLETED
66;0;1;14;1; densening;9;8;0.8888888888888888; TERMINATED
67;0;1;14;2; densening;9;7;0.7777777777777778; FAILED
68;0;1;14;3; densening;9;1;0.1111111111111111; COMPLETED
69;0;1;14;4; densening;9;5;0.5555555555555556; TERMINATED
70;0;1;15;0; densening;18;9;0.5; TERMINATED
71;0;1;15;1; densening;18;14;0.7777777777777778; COMPLETED
72;0;1;15;2; densening;18;5;0.2777777777777778; COMPLETED
73;0;1;15;3; densening;18;1;0.05555555555555555; COMPLETED
74;0;1;15;4; densening;18;17;0.9444444444444444; TERMINATED
75;0;1;16;0; densening;6;5;0.8333333333333334; TERMINATED
76;0;1;16;1; densening;6;1;0.16666666666666666; TERMINATED
77;0;1;16;2; densening;6;2;0.3333333333333333; TERMINATED
78;0;1;16;3; densening;6;3;0.5; TERMINATED
79;0;1;16;4; densening;6;4;0.6666666666666666; TERMINATED
80;0;1;17;0; densening;15;4;0.26666666666666666; COMPLETED
81;0;1;17;1; densening;15;14;0.9333333333333333; TERMINATED
82;0;1;17;2; densening;15;8;0.5333333333333333; COMPLETED
83;0;1;17;3; densening;15;1;0.06666666666666667; COMPLETED
84;0;1;17;4; densening;15;11;0.7333333333333333; TERMINATED
85;0;1;18;0; densening;21;16;0.7619047619047619; FAILED
86;0;1;18;1; densening;21;5;0.23809523809523808; FAILED
87;0;1;18;2; densening;21;20;0.9523809523809523; FAILED
88;0;1;18;3; densening;21;1;0.047619047619047616; FAILED
89;0;1;18;4; densening;21;11;0.5238095238095238; COMPLETED
90;0;2;1;0; direct;9;5;0.5555555555555556; COMPLETED
91;0;2;1;1; direct;9;2;0.2222222222222222; COMPLETED
92;0;2;1;2; direct;9;8;0.8888888888888888; FAILED
93;0;2;1;3; direct;9;7;0.7777777777777778; TERMINATED
94;0;2;1;4; direct;9;1;0.1111111111111111; TERMINATED
95;0;2;2;0; direct;12;6;0.5; TERMINATED
96;0;2;2;1; direct;12;1;0.08333333333333333; COMPLETED
97;0;2;2;2; direct;12;3;0.25; TERMINATED
98;0;2;2;3; direct;12;11;0.9166666666666666; TERMINATED
99;0;2;2;4; direct;12;9;0.75; TERMINATED
100;0;2;3;0; direct;6;1;0.16666666666666666; TERMINATED
101;0;2;3;1; direct;6;5;0.8333333333333334; TERMINATED
102;0;2;3;2; direct;6;4;0.6666666666666666; TERMINATED
103;0;2;3;3; direct;6;2;0.3333333333333333; COMPLETED
104;0;2;3;4; direct;6;3;0.5; TERMINATED
105;0;2;4;0; direct;18;5;0.2777777777777778; FAILED
106;0;2;4;1; direct;18;14;0.7777777777777778; FAILED
107;0;2;4;2; direct;18;1;0.05555555555555555; TERMINATED
108;0;2;4;3; direct;18;9;0.5; TERMINATED
109;0;2;4;4; direct;18;17;0.9444444444444444; TERMINATED
110;0;2;5;0; direct;21;11;0.5238095238095238; COMPLETED
111;0;2;5;1; direct;21;5;0.23809523809523808; TERMINATED
112;0;2;5;2; direct;21;1;0.047619047619047616; TERMINATED
113;0;2;5;3; direct;21;20;0.9523809523809523; TERMINATED
114;0;2;5;4; direct;21;16;0.7619047619047619; COMPLETED
115;0;2;6;0; direct;21;16;0.7619047619047619; TERMINATED
116;0;2;6;1; direct;21;5;0.23809523809523808; COMPLETED
117;0;2;6;2; direct;21;11;0.5238095238095238; TERMINATED
118;0;2;6;3; direct;21;1;0.047619047619047616; TERMINATED
119;0;2;6;4; direct;21;20;0.9523809523809523; COMPLETED
120;0;2;7;0; direct;21;1;0.047619047619047616; TERMINATED
121;0;2;7;1; direct;21;16;0.7619047619047619; TERMINATED
122;0;2;7;2; direct;21;5;0.23809523809523808; TERMINATED
123;0;2;7;3; direct;21;20;0.9523809523809523; TERMINATED
124;0;2;7;4; direct;21;11;0.5238095238095238; COMPLETED
125;0;2;8;0; direct;9;5;0.5555555555555556; COMPLETED
126;0;2;8;1; direct;9;2;0.2222222222222222; COMPLETED
127;0;2;8;2; direct;9;1;0.1111111111111111; TERMINATED
128;0;2;8;3; direct;9;7;0.7777777777777778; TERMINATED
129;0;2;8;4; direct;9;8;0.8888888888888888; COMPLETED
130;0;2;9;0; direct;18;1;0.05555555555555555; FAILED
131;0;2;9;1; direct;18;5;0.2777777777777778; COMPLETED
132;0;2;9;2; direct;18;14;0.7777777777777778; COMPLETED
133;0;2;9;3; direct;18;9;0.5; COMPLETED
134;0;2;9;4; direct;18;17;0.9444444444444444; TERMINATED
135;0;2;10;0; direct;15;1;0.06666666666666667; TERMINATED
136;0;2;10;1; direct;15;14;0.9333333333333333; TERMINATED
137;0;2;10;2; direct;15;4;0.26666666666666666; TERMINATED
138;0;2;10;3; direct;15;8;0.5333333333333333; TERMINATED
139;0;2;10;4; direct;15;11;0.7333333333333333; TERMINATED
140;0;2;11;0; direct;6;1;0.16666666666666666; TERMINATED
141;0;2;11;1; direct;6;3;0.5; COMPLETED
142;0;2;11;2; direct;6;4;0.6666666666666666; COMPLETED
143;0;2;11;3; direct;6;2;0.3333333333333333; COMPLETED
144;0;2;11;4; direct;6;5;0.8333333333333334; TERMINATED
145;0;2;12;0; direct;18;1;0.05555555555555555; TERMINATED
146;0;2;12;1; direct;18;9;0.5; COMPLETED
147;0;2;12;2; direct;18;14;0.7777777777777778; TERMINATED
148;0;2;12;3; direct;18;5;0.2777777777777778; COMPLETED
149;0;2;12;4; direct;18;17;0.9444444444444444; COMPLETED
150;0;2;13;0; direct;15;1;0.06666666666666667; TERMINATED
151;0;2;13;1; direct;15;11;0.7333333333333333; TERMINATED
152;0;2;13;2; direct;15;8;0.5333333333333333; TERMINATED
153;0;2;13;3; direct;15;14;0.9333333333333333; COMPLETED
154;0;2;13;4; direct;15;4;0.26666666666666666; TERMINATED
155;0;2;14;0; direct;9;5;0.5555555555555556; COMPLETED
156;0;2;14;1; direct;9;8;0.8888888888888888; TERMINATED
157;0;2;14;2; direct;9;7;0.7777777777777778; TERMINATED
158;0;2;14;3; direct;9;2;0.2222222222222222; TERMINATED
159;0;2;14;4; direct;9;1;0.1111111111111111; COMPLETED
160;0;2;15;0; direct;12;6;0.5; TERMINATED
161;0;2;15;1; direct;12;11;0.9166666666666666; TERMINATED
162;0;2;15;2; direct;12;9;0.75; TERMINATED
163;0;2;15;3; direct;12;1;0.08333333333333333; COMPLETED
164;0;2;15;4; direct;12;3;0.25; FAILED
165;0;2;16;0; direct;15;4;0.26666666666666666; FAILED
166;0;2;16;1; direct;15;14;0.9333333333333333; TERMINATED
167;0;2;16;2; direct;15;1;0.06666666666666667; COMPLETED
168;0;2;16;3; direct;15;8;0.5333333333333333; TERMINATED
169;0;2;16;4; direct;15;11;0.7333333333333333; TERMINATED
170;0;2;17;0; direct;6;2;0.3333333333333333; TERMINATED
171;0;2;17;1; direct;6;1;0.16666666666666666; COMPLETED
172;0;2;17;2; direct;6;4;0.6666666666666666; TERMINATED
173;0;2;17;3; direct;6;3;0.5; TERMINATED
174;0;2;17;4; direct;6;5;0.8333333333333334; TERMINATED
175;0;2;18;0; direct;12;1;0.08333333333333333; TERMINATED
176;0;2;18;1; direct;12;3;0.25; COMPLETED
177;0;2;18;2; direct;12;11;0.9166666666666666; TERMINATED
178;0;2;18;3; direct;12;6;0.5; TERMINATED
179;0;2;18;4; direct;12;9;0.75; TERMINATED
180;0;3;1;0; widening;21;16;0.7619047619047619; COMPLETED
181;0;3;1;1; widening;21;5;0.23809523809523808; TERMINATED
182;0;3;1;2; widening;21;1;0.047619047619047616; TERMINATED
183;0;3;1;3; widening;21;11;0.5238095238095238; TERMINATED
184;0;3;1;4; widening;21;20;0.9523809523809523; TERMINATED
185;0;3;2;0; widening;12;9;0.75; TERMINATED
186;0;3;2;1; widening;12;1;0.08333333333333333; TERMINATED
187;0;3;2;2; widening;12;3;0.25; FAILED
188;0;3;2;3; widening;12;11;0.9166666666666666; TERMINATED
189;0;3;2;4; widening;12;6;0.5; COMPLETED
190;0;3;3;0; widening;9;5;0.5555555555555556; TERMINATED
191;0;3;3;1; widening;9;7;0.7777777777777778; TERMINATED
192;0;3;3;2; widening;9;1;0.1111111111111111; TERMINATED
193;0;3;3;3; widening;9;8;0.8888888888888888; TERMINATED
194;0;3;3;4; widening;9;2;0.2222222222222222; COMPLETED
195;0;3;4;0; widening;6;2;0.3333333333333333; FAILED
196;0;3;4;1; widening;6;3;0.5; COMPLETED
197;0;3;4;2; widening;6;1;0.16666666666666666; FAILED
198;0;3;4;3; widening;6;4;0.6666666666666666; TERMINATED
199;0;3;4;4; widening;6;5;0.8333333333333334; FAILED
200;0;3;5;0; widening;9;8;0.8888888888888888; TERMINATED
201;0;3;5;1; widening;9;1;0.1111111111111111; COMPLETED
202;0;3;5;2; widening;9;7;0.7777777777777778; TERMINATED
203;0;3;5;3; widening;9;5;0.5555555555555556; TERMINATED
204;0;3;5;4; widening;9;2;0.2222222222222222; COMPLETED
205;0;3;6;0; widening;18;1;0.05555555555555555; FAILED
206;0;3;6;1; widening;18;5;0.2777777777777778; FAILED
207;0;3;6;2; widening;18;17;0.9444444444444444; COMPLETED
208;0;3;6;3; widening;18;9;0.5; TERMINATED
209;0;3;6;4; widening;18;14;0.7777777777777778; TERMINATED
210;0;3;7;0; widening;15;14;0.9333333333333333; TERMINATED
211;0;3;7;1; widening;15;1;0.06666666666666667; TERMINATED
212;0;3;7;2; widening;15;11;0.7333333333333333; TERMINATED
213;0;3;7;3; widening;15;8;0.5333333333333333; COMPLETED
214;0;3;7;4; widening;15;4;0.26666666666666666; FAILED
215;0;3;8;0; widening;18;1;0.05555555555555555; TERMINATED
216;0;3;8;1; widening;18;17;0.9444444444444444; COMPLETED
217;0;3;8;2; widening;18;5;0.2777777777777778; TERMINATED
218;0;3;8;3; widening;18;14;0.7777777777777778; TERMINATED
219;0;3;8;4; widening;18;9;0.5; COMPLETED
220;0;3;9;0; widening;15;1;0.06666666666666667; TERMINATED
221;0;3;9;1; widening;15;11;0.7333333333333333; COMPLETED
222;0;3;9;2; widening;15;4;0.26666666666666666; TERMINATED
223;0;3;9;3; widening;15;8;0.5333333333333333; FAILED
224;0;3;9;4; widening;15;14;0.9333333333333333; COMPLETED
225;0;3;10;0; widening;12;9;0.75; TERMINATED
226;0;3;10;1; widening;12;11;0.9166666666666666; COMPLETED
227;0;3;10;2; widening;12;1;0.08333333333333333; TERMINATED
228;0;3;10;3; widening;12;3;0.25; TERMINATED
229;0;3;10;4; widening;12;6;0.5; FAILED
230;0;3;11;0; widening;18;1;0.05555555555555555; TERMINATED
231;0;3;11;1; widening;18;17;0.9444444444444444; TERMINATED
232;0;3;11;2; widening;18;14;0.7777777777777778; COMPLETED
233;0;3;11;3; widening;18;9;0.5; TERMINATED
234;0;3;11;4; widening;18;5;0.2777777777777778; COMPLETED
235;0;3;12;0; widening;9;8;0.8888888888888888; TERMINATED
236;0;3;12;1; widening;9;2;0.2222222222222222; TERMINATED
237;0;3;12;2; widening;9;7;0.7777777777777778; TERMINATED
238;0;3;12;3; widening;9;1;0.1111111111111111; TERMINATED
239;0;3;12;4; widening;9;5;0.5555555555555556; COMPLETED
240;0;3;13;0; widening;12;3;0.25; COMPLETED
241;0;3;13;1; widening;12;9;0.75; COMPLETED
242;0;3;13;2; widening;12;11;0.9166666666666666; FAILED
243;0;3;13;3; widening;12;1;0.08333333333333333; FAILED
244;0;3;13;4; widening;12;6;0.5; TERMINATED
245;0;3;14;0; widening;15;8;0.5333333333333333; COMPLETED
246;0;3;14;1; widening;15;4;0.26666666666666666; TERMINATED
247;0;3;14;2; widening;15;1;0.06666666666666667; TERMINATED
248;0;3;14;3; widening;15;11;0.7333333333333333; TERMINATED
249;0;3;14;4; widening;15;14;0.9333333333333333; TERMINATED
250;0;3;15;0; widening;21;16;0.7619047619047619; COMPLETED
251;0;3;15;1; widening;21;1;0.047619047619047616; TERMINATED
252;0;3;15;2; widening;21;5;0.23809523809523808; TERMINATED
253;0;3;15;3; widening;21;20;0.9523809523809523; TERMINATED
254;0;3;15;4; widening;21;11;0.5238095238095238; COMPLETED
255;0;3;16;0; widening;6;5;0.8333333333333334; TERMINATED
256;0;3;16;1; widening;6;1;0.16666666666666666; TERMINATED
257;0;3;16;2; widening;6;4;0.6666666666666666; TERMINATED
258;0;3;16;3; widening;6;3;0.5; FAILED
259;0;3;16;4; widening;6;2;0.3333333333333333; TERMINATED
260;0;3;17;0; widening;6;1;0.16666666666666666; TERMINATED
261;0;3;17;1; widening;6;5;0.8333333333333334; COMPLETED
262;0;3;17;2; widening;6;3;0.5; COMPLETED
263;0;3;17;3; widening;6;4;0.6666666666666666; TERMINATED
264;0;3;17;4; widening;6;2;0.3333333333333333; FAILED
265;0;3;18;0; widening;21;1;0.047619047619047616; FAILED
266;0;3;18;1; widening;21;11;0.5238095238095238; TERMINATED
267;0;3;18;2; widening;21;20;0.9523809523809523; COMPLETED
268;0;3;18;3; widening;21;5;0.23809523809523808; TERMINATED
269;0;3;18;4; widening;21;16;0.7619047619047619; COMPLETED
270;1;1;1;0; widening;21;16;0.7619047619047619; COMPLETED
271;1;1;1;1; widening;21;11;0.5238095238095238; TERMINATED
272;1;1;1;2; widening;21;20;0.9523809523809523; TERMINATED
273;1;1;1;3; widening;21;5;0.23809523809523808; COMPLETED
274;1;1;1;4; widening;21;1;0.047619047619047616; TERMINATED
275;1;1;2;0; widening;18;17;0.9444444444444444; COMPLETED
276;1;1;2;1; widening;18;1;0.05555555555555555; TERMINATED
277;1;1;2;2; widening;18;9;0.5; COMPLETED
278;1;1;2;3; widening;18;14;0.7777777777777778; TERMINATED
279;1;1;2;4; widening;18;5;0.2777777777777778; TERMINATED
280;1;1;3;0; widening;6;2;0.3333333333333333; COMPLETED
281;1;1;3;1; widening;6;1;0.16666666666666666; TERMINATED
282;1;1;3;2; widening;6;4;0.6666666666666666; TERMINATED
283;1;1;3;3; widening;6;3;0.5; TERMINATED
284;1;1;3;4; widening;6;5;0.8333333333333334; TERMINATED
285;1;1;4;0; widening;9;2;0.2222222222222222; COMPLETED
286;1;1;4;1; widening;9;7;0.7777777777777778; TERMINATED
287;1;1;4;2; widening;9;8;0.8888888888888888; TERMINATED
288;1;1;4;3; widening;9;5;0.5555555555555556; TERMINATED
289;1;1;4;4; widening;9;1;0.1111111111111111; TERMINATED
290;1;1;5;0; widening;21;20;0.9523809523809523; TERMINATED
291;1;1;5;1; widening;21;11;0.5238095238095238; COMPLETED
292;1;1;5;2; widening;21;5;0.23809523809523808; TERMINATED
293;1;1;5;3; widening;21;16;0.7619047619047619; COMPLETED
294;1;1;5;4; widening;21;1;0.047619047619047616; FAILED
295;1;1;6;0; widening;21;11;0.5238095238095238; COMPLETED
296;1;1;6;1; widening;21;16;0.7619047619047619; TERMINATED
297;1;1;6;2; widening;21;20;0.9523809523809523; TERMINATED
298;1;1;6;3; widening;21;5;0.23809523809523808; COMPLETED
299;1;1;6;4; widening;21;1;0.047619047619047616; TERMINATED
300;1;1;7;0; widening;12;6;0.5; COMPLETED
301;1;1;7;1; widening;12;11;0.9166666666666666; TERMINATED
302;1;1;7;2; widening;12;9;0.75; TERMINATED
303;1;1;7;3; widening;12;3;0.25; COMPLETED
304;1;1;7;4; widening;12;1;0.08333333333333333; TERMINATED
305;1;1;8;0; widening;15;8;0.5333333333333333; TERMINATED
306;1;1;8;1; widening;15;11;0.7333333333333333; TERMINATED
307;1;1;8;2; widening;15;14;0.9333333333333333; TERMINATED
308;1;1;8;3; widening;15;1;0.06666666666666667; TERMINATED
309;1;1;8;4; widening;15;4;0.26666666666666666; COMPLETED
310;1;1;9;0; widening;6;1;0.16666666666666666; COMPLETED
311;1;1;9;1; widening;6;3;0.5; TERMINATED
312;1;1;9;2; widening;6;5;0.8333333333333334; TERMINATED
313;1;1;9;3; widening;6;2;0.3333333333333333; COMPLETED
314;1;1;9;4; widening;6;4;0.6666666666666666; TERMINATED
315;1;1;10;0; widening;18;5;0.2777777777777778; COMPLETED
316;1;1;10;1; widening;18;17;0.9444444444444444; COMPLETED
317;1;1;10;2; widening;18;1;0.05555555555555555; TERMINATED
318;1;1;10;3; widening;18;9;0.5; COMPLETED
319;1;1;10;4; widening;18;14;0.7777777777777778; COMPLETED
320;1;1;11;0; widening;9;5;0.5555555555555556; COMPLETED
321;1;1;11;1; widening;9;2;0.2222222222222222; COMPLETED
322;1;1;11;2; widening;9;8;0.8888888888888888; TERMINATED
323;1;1;11;3; widening;9;7;0.7777777777777778; TERMINATED
324;1;1;11;4; widening;9;1;0.1111111111111111; TERMINATED
325;1;1;12;0; widening;12;9;0.75; TERMINATED
326;1;1;12;1; widening;12;1;0.08333333333333333; COMPLETED
327;1;1;12;2; widening;12;11;0.9166666666666666; TERMINATED
328;1;1;12;3; widening;12;3;0.25; COMPLETED
329;1;1;12;4; widening;12;6;0.5; COMPLETED
330;1;1;13;0; widening;9;5;0.5555555555555556; TERMINATED
331;1;1;13;1; widening;9;1;0.1111111111111111; COMPLETED
332;1;1;13;2; widening;9;2;0.2222222222222222; COMPLETED
333;1;1;13;3; widening;9;8;0.8888888888888888; TERMINATED
334;1;1;13;4; widening;9;7;0.7777777777777778; TERMINATED
335;1;1;14;0; widening;12;11;0.9166666666666666; TERMINATED
336;1;1;14;1; widening;12;6;0.5; COMPLETED
337;1;1;14;2; widening;12;1;0.08333333333333333; TERMINATED
338;1;1;14;3; widening;12;9;0.75; TERMINATED
339;1;1;14;4; widening;12;3;0.25; TERMINATED
340;1;1;15;0; widening;15;11;0.7333333333333333; COMPLETED
341;1;1;15;1; widening;15;14;0.9333333333333333; TERMINATED
342;1;1;15;2; widening;15;8;0.5333333333333333; TERMINATED
343;1;1;15;3; widening;15;4;0.26666666666666666; TERMINATED
344;1;1;15;4; widening;15;1;0.06666666666666667; TERMINATED
345;1;1;16;0; widening;18;14;0.7777777777777778; COMPLETED
346;1;1;16;1; widening;18;9;0.5; COMPLETED
347;1;1;16;2; widening;18;1;0.05555555555555555; TERMINATED
348;1;1;16;3; widening;18;5;0.2777777777777778; COMPLETED
349;1;1;16;4; widening;18;17;0.9444444444444444; COMPLETED
350;1;1;17;0; widening;15;1;0.06666666666666667; TERMINATED
351;1;1;17;1; widening;15;8;0.5333333333333333; COMPLETED
352;1;1;17;2; widening;15;4;0.26666666666666666; TERMINATED
353;1;1;17;3; widening;15;14;0.9333333333333333; COMPLETED
354;1;1;17;4; widening;15;11;0.7333333333333333; COMPLETED
355;1;1;18;0; widening;6;3;0.5; TERMINATED
356;1;1;18;1; widening;6;1;0.16666666666666666; COMPLETED
357;1;1;18;2; widening;6;5;0.8333333333333334; TERMINATED
358;1;1;18;3; widening;6;2;0.3333333333333333; COMPLETED
359;1;1;18;4; widening;6;4;0.6666666666666666; TERMINATED
360;1;2;1;0; densening;18;1;0.05555555555555555; COMPLETED
361;1;2;1;1; densening;18;17;0.9444444444444444; TERMINATED
362;1;2;1;2; densening;18;5;0.2777777777777778; TERMINATED
363;1;2;1;3; densening;18;14;0.7777777777777778; COMPLETED
364;1;2;1;4; densening;18;9;0.5; COMPLETED
365;1;2;2;0; densening;15;1;0.06666666666666667; COMPLETED
366;1;2;2;1; densening;15;14;0.9333333333333333; TERMINATED
367;1;2;2;2; densening;15;8;0.5333333333333333; TERMINATED
368;1;2;2;3; densening;15;11;0.7333333333333333; TERMINATED
369;1;2;2;4; densening;15;4;0.26666666666666666; COMPLETED
370;1;2;3;0; densening;15;4;0.26666666666666666; COMPLETED
371;1;2;3;1; densening;15;8;0.5333333333333333; COMPLETED
372;1;2;3;2; densening;15;11;0.7333333333333333; COMPLETED
373;1;2;3;3; densening;15;14;0.9333333333333333; COMPLETED
374;1;2;3;4; densening;15;1;0.06666666666666667; COMPLETED
375;1;2;4;0; densening;18;17;0.9444444444444444; TERMINATED
376;1;2;4;1; densening;18;14;0.7777777777777778; TERMINATED
377;1;2;4;2; densening;18;9;0.5; TERMINATED
378;1;2;4;3; densening;18;5;0.2777777777777778; TERMINATED
379;1;2;4;4; densening;18;1;0.05555555555555555; COMPLETED
380;1;2;5;0; densening;6;3;0.5; TERMINATED
381;1;2;5;1; densening;6;4;0.6666666666666666; TERMINATED
382;1;2;5;2; densening;6;5;0.8333333333333334; TERMINATED
383;1;2;5;3; densening;6;1;0.16666666666666666; COMPLETED
384;1;2;5;4; densening;6;2;0.3333333333333333; TERMINATED
385;1;2;6;0; densening;12;3;0.25; TERMINATED
386;1;2;6;1; densening;12;6;0.5; TERMINATED
387;1;2;6;2; densening;12;11;0.9166666666666666; TERMINATED
388;1;2;6;3; densening;12;1;0.08333333333333333; COMPLETED
389;1;2;6;4; densening;12;9;0.75; TERMINATED
390;1;2;7;0; densening;6;5;0.8333333333333334; TERMINATED
391;1;2;7;1; densening;6;2;0.3333333333333333; TERMINATED
392;1;2;7;2; densening;6;3;0.5; TERMINATED
393;1;2;7;3; densening;6;4;0.6666666666666666; TERMINATED
394;1;2;7;4; densening;6;1;0.16666666666666666; COMPLETED
395;1;2;8;0; densening;18;14;0.7777777777777778; COMPLETED
396;1;2;8;1; densening;18;17;0.9444444444444444; COMPLETED
397;1;2;8;2; densening;18;9;0.5; COMPLETED
398;1;2;8;3; densening;18;5;0.2777777777777778; TERMINATED
399;1;2;8;4; densening;18;1;0.05555555555555555; COMPLETED
400;1;2;9;0; densening;15;11;0.7333333333333333; COMPLETED
401;1;2;9;1; densening;15;1;0.06666666666666667; TERMINATED
402;1;2;9;2; densening;15;4;0.26666666666666666; TERMINATED
403;1;2;9;3; densening;15;14;0.9333333333333333; TERMINATED
404;1;2;9;4; densening;15;8;0.5333333333333333; TERMINATED
405;1;2;10;0; densening;21;11;0.5238095238095238; TERMINATED
406;1;2;10;1; densening;21;20;0.9523809523809523; TERMINATED
407;1;2;10;2; densening;21;16;0.7619047619047619; TERMINATED
408;1;2;10;3; densening;21;1;0.047619047619047616; COMPLETED
409;1;2;10;4; densening;21;5;0.23809523809523808; TERMINATED
410;1;2;11;0; densening;9;8;0.8888888888888888; TERMINATED
411;1;2;11;1; densening;9;1;0.1111111111111111; COMPLETED
412;1;2;11;2; densening;9;2;0.2222222222222222; COMPLETED
413;1;2;11;3; densening;9;5;0.5555555555555556; TERMINATED
414;1;2;11;4; densening;9;7;0.7777777777777778; TERMINATED
415;1;2;12;0; densening;21;5;0.23809523809523808; COMPLETED
416;1;2;12;1; densening;21;11;0.5238095238095238; COMPLETED
417;1;2;12;2; densening;21;1;0.047619047619047616; TERMINATED
418;1;2;12;3; densening;21;20;0.9523809523809523; TERMINATED
419;1;2;12;4; densening;21;16;0.7619047619047619; TERMINATED
420;1;2;13;0; densening;9;1;0.1111111111111111; COMPLETED
421;1;2;13;1; densening;9;5;0.5555555555555556; TERMINATED
422;1;2;13;2; densening;9;7;0.7777777777777778; TERMINATED
423;1;2;13;3; densening;9;2;0.2222222222222222; TERMINATED
424;1;2;13;4; densening;9;8;0.8888888888888888; TERMINATED
425;1;2;14;0; densening;12;9;0.75; TERMINATED
426;1;2;14;1; densening;12;3;0.25; TERMINATED
427;1;2;14;2; densening;12;6;0.5; TERMINATED
428;1;2;14;3; densening;12;11;0.9166666666666666; TERMINATED
429;1;2;14;4; densening;12;1;0.08333333333333333; COMPLETED
430;1;2;15;0; densening;6;4;0.6666666666666666; TERMINATED
431;1;2;15;1; densening;6;2;0.3333333333333333; TERMINATED
432;1;2;15;2; densening;6;5;0.8333333333333334; TERMINATED
433;1;2;15;3; densening;6;3;0.5; TERMINATED
434;1;2;15;4; densening;6;1;0.16666666666666666; COMPLETED
435;1;2;16;0; densening;9;7;0.7777777777777778; TERMINATED
436;1;2;16;1; densening;9;8;0.8888888888888888; TERMINATED
437;1;2;16;2; densening;9;1;0.1111111111111111; COMPLETED
438;1;2;16;3; densening;9;2;0.2222222222222222; TERMINATED
439;1;2;16;4; densening;9;5;0.5555555555555556; TERMINATED
440;1;2;17;0; densening;12;3;0.25; TERMINATED
441;1;2;17;1; densening;12;6;0.5; COMPLETED
442;1;2;17;2; densening;12;11;0.9166666666666666; COMPLETED
443;1;2;17;3; densening;12;1;0.08333333333333333; COMPLETED
444;1;2;17;4; densening;12;9;0.75; COMPLETED
445;1;2;18;0; densening;21;11;0.5238095238095238; TERMINATED
446;1;2;18;1; densening;21;5;0.23809523809523808; COMPLETED
447;1;2;18;2; densening;21;1;0.047619047619047616; TERMINATED
448;1;2;18;3; densening;21;16;0.7619047619047619; TERMINATED
449;1;2;18;4; densening;21;20;0.9523809523809523; COMPLETED
450;1;3;1;0; direct;6;4;0.6666666666666666; TERMINATED
451;1;3;1;1; direct;6;5;0.8333333333333334; TERMINATED
452;1;3;1;2; direct;6;1;0.16666666666666666; COMPLETED
453;1;3;1;3; direct;6;2;0.3333333333333333; TERMINATED
454;1;3;1;4; direct;6;3;0.5; TERMINATED
455;1;3;2;0; direct;9;8;0.8888888888888888; COMPLETED
456;1;3;2;1; direct;9;1;0.1111111111111111; TERMINATED
457;1;3;2;2; direct;9;2;0.2222222222222222; COMPLETED
458;1;3;2;3; direct;9;7;0.7777777777777778; TERMINATED
459;1;3;2;4; direct;9;5;0.5555555555555556; COMPLETED
460;1;3;3;0; direct;12;9;0.75; TERMINATED
461;1;3;3;1; direct;12;1;0.08333333333333333; COMPLETED
462;1;3;3;2; direct;12;11;0.9166666666666666; TERMINATED
463;1;3;3;3; direct;12;3;0.25; TERMINATED
464;1;3;3;4; direct;12;6;0.5; COMPLETED
465;1;3;4;0; direct;15;11;0.7333333333333333; COMPLETED
466;1;3;4;1; direct;15;1;0.06666666666666667; COMPLETED
467;1;3;4;2; direct;15;8;0.5333333333333333; COMPLETED
468;1;3;4;3; direct;15;4;0.26666666666666666; TERMINATED
469;1;3;4;4; direct;15;14;0.9333333333333333; COMPLETED
470;1;3;5;0; direct;21;11;0.5238095238095238; COMPLETED
471;1;3;5;1; direct;21;1;0.047619047619047616; COMPLETED
472;1;3;5;2; direct;21;16;0.7619047619047619; COMPLETED
473;1;3;5;3; direct;21;5;0.23809523809523808; COMPLETED
474;1;3;5;4; direct;21;20;0.9523809523809523; COMPLETED
475;1;3;6;0; direct;15;14;0.9333333333333333; COMPLETED
476;1;3;6;1; direct;15;8;0.5333333333333333; COMPLETED
477;1;3;6;2; direct;15;11;0.7333333333333333; COMPLETED
478;1;3;6;3; direct;15;1;0.06666666666666667; COMPLETED
479;1;3;6;4; direct;15;4;0.26666666666666666; TERMINATED
480;1;3;7;0; direct;6;1;0.16666666666666666; COMPLETED
481;1;3;7;1; direct;6;3;0.5; TERMINATED
482;1;3;7;2; direct;6;2;0.3333333333333333; COMPLETED
483;1;3;7;3; direct;6;4;0.6666666666666666; TERMINATED
484;1;3;7;4; direct;6;5;0.8333333333333334; TERMINATED
485;1;3;8;0; direct;12;9;0.75; TERMINATED
486;1;3;8;1; direct;12;1;0.08333333333333333; COMPLETED
487;1;3;8;2; direct;12;3;0.25; COMPLETED
488;1;3;8;3; direct;12;11;0.9166666666666666; COMPLETED
489;1;3;8;4; direct;12;6;0.5; COMPLETED
490;1;3;9;0; direct;21;11;0.5238095238095238; TERMINATED
491;1;3;9;1; direct;21;16;0.7619047619047619; COMPLETED
492;1;3;9;2; direct;21;1;0.047619047619047616; TERMINATED
493;1;3;9;3; direct;21;20;0.9523809523809523; COMPLETED
494;1;3;9;4; direct;21;5;0.23809523809523808; COMPLETED
495;1;3;10;0; direct;15;1;0.06666666666666667; COMPLETED
496;1;3;10;1; direct;15;8;0.5333333333333333; TERMINATED
497;1;3;10;2; direct;15;14;0.9333333333333333; TERMINATED
498;1;3;10;3; direct;15;11;0.7333333333333333; COMPLETED
499;1;3;10;4; direct;15;4;0.26666666666666666; COMPLETED
500;1;3;11;0; direct;18;9;0.5; COMPLETED
501;1;3;11;1; direct;18;14;0.7777777777777778; COMPLETED
502;1;3;11;2; direct;18;1;0.05555555555555555; COMPLETED
503;1;3;11;3; direct;18;17;0.9444444444444444; COMPLETED
504;1;3;11;4; direct;18;5;0.2777777777777778; TERMINATED
505;1;3;12;0; direct;21;20;0.9523809523809523; COMPLETED
506;1;3;12;1; direct;21;5;0.23809523809523808; TERMINATED
507;1;3;12;2; direct;21;11;0.5238095238095238; TERMINATED
508;1;3;12;3; direct;21;1;0.047619047619047616; TERMINATED
509;1;3;12;4; direct;21;16;0.7619047619047619; TERMINATED
510;1;3;13;0; direct;9;7;0.7777777777777778; TERMINATED
511;1;3;13;1; direct;9;8;0.8888888888888888; TERMINATED
512;1;3;13;2; direct;9;5;0.5555555555555556; COMPLETED
513;1;3;13;3; direct;9;2;0.2222222222222222; COMPLETED
514;1;3;13;4; direct;9;1;0.1111111111111111; COMPLETED
515;1;3;14;0; direct;12;3;0.25; COMPLETED
516;1;3;14;1; direct;12;11;0.9166666666666666; TERMINATED
517;1;3;14;2; direct;12;1;0.08333333333333333; COMPLETED
518;1;3;14;3; direct;12;6;0.5; COMPLETED
519;1;3;14;4; direct;12;9;0.75; COMPLETED
520;1;3;15;0; direct;18;9;0.5; COMPLETED
521;1;3;15;1; direct;18;1;0.05555555555555555; COMPLETED
522;1;3;15;2; direct;18;5;0.2777777777777778; COMPLETED
523;1;3;15;3; direct;18;14;0.7777777777777778; COMPLETED
524;1;3;15;4; direct;18;17;0.9444444444444444; COMPLETED
525;1;3;16;0; direct;18;5;0.2777777777777778; COMPLETED
526;1;3;16;1; direct;18;1;0.05555555555555555; COMPLETED
527;1;3;16;2; direct;18;14;0.7777777777777778; COMPLETED
528;1;3;16;3; direct;18;17;0.9444444444444444; COMPLETED
529;1;3;16;4; direct;18;9;0.5; TERMINATED
530;1;3;17;0; direct;6;3;0.5; TERMINATED
531;1;3;17;1; direct;6;4;0.6666666666666666; TERMINATED
532;1;3;17;2; direct;6;5;0.8333333333333334; TERMINATED
533;1;3;17;3; direct;6;2;0.3333333333333333; COMPLETED
534;1;3;17;4; direct;6;1;0.16666666666666666; COMPLETED
535;1;3;18;0; direct;9;1;0.1111111111111111; COMPLETED
536;1;3;18;1; direct;9;5;0.5555555555555556; TERMINATED
537;1;3;18;2; direct;9;2;0.2222222222222222; TERMINATED
538;1;3;18;3; direct;9;8;0.8888888888888888; COMPLETED
539;1;3;18;4; direct;9;7;0.7777777777777778; COMPLETED
