Proband;Block;Task;MappingMethod;NumLayers;0;1;2;3;4;Duration_Sum
0;1;1; direct;6;12.221;4.414;7.155;3.627;5.516;32.933
0;1;2; direct;9;9.3;6.029;13.55;11.628;9.832;50.339000000000006
0;1;3; direct;9;11.357;7.849;6.402;4.394;8.062;38.064
0;1;4; direct;15;10.526;7.91;7.202;7.145;7.956;40.739000000000004
0;1;5; direct;12;9.006;8.612;8.256;5.049;4.624;35.547000000000004
0;1;6; direct;9;9.445;6.315;8.434;6.845;6.568;37.607
0;1;7; direct;21;12.669;7.948;6.722;13.702;7.631;48.672000000000004
0;1;8; direct;18;8.59;8.166;7.459;5.696;9.571;39.482
0;1;9; direct;21;8.982;5.58;8.794;9.885;59.043;92.28399999999999
0;1;10; direct;15;10.104;8.418;8.534;8.095;6.751;41.901999999999994
0;1;11; direct;18;9.028;6.003;7.651;7.27;8.081;38.033
0;1;12; direct;15;10.461;9.016;8.358;5.87;6.198;39.903
0;1;13; direct;6;6.993;6.075;4.953;5.39;3.063;26.474
0;1;14; direct;18;8.983;5.924;9.593;5.231;7.974;37.705
0;1;15; direct;12;7.853;22.207;6.314;5.756;7.487;49.617000000000004
0;1;16; direct;12;7.758;4.7;6.486;6.352;7.861;33.157
0;1;17; direct;6;11.28;4.869;6.035;5.586;6.541;34.31100000000001
0;1;18; direct;21;10.759;12.123;7.034;7.592;7.777;45.285
0;2;1; densening;12;195.938;6.038;8.894;8.365;7.669;226.90400000000002
0;2;2; densening;9;7.932;8.446;4.465;4.078;5.351;30.272
0;2;3; densening;15;11.037;5.385;9.89;7.696;6.212;40.22
0;2;4; densening;21;10.76;5.869;11.696;7.594;8.006;43.925
0;2;5; densening;12;9.455;5.553;6.749;7.621;4.713;34.091
0;2;6; densening;6;8.597;6.353;6.421;4.731;6.299;32.400999999999996
0;2;7; densening;21;11.104;8.33;7.839;9.518;4.548;41.339
0;2;8; densening;18;8.549;9.442;12.797;7.288;10.787;48.863
0;2;9; densening;6;10.645;6.604;3.822;5.422;4.49;30.982999999999997
0;2;10; densening;15;8.971;7.085;6.838;7.176;9.224;39.294
0;2;11; densening;9;11.347;5.169;6.054;5.168;5.747;33.485
0;2;12; densening;15;13.498;6.374;5.28;5.819;8.443;39.414
0;2;13; densening;21;5.807;9.699;9.345;7.335;8.583;40.769
0;2;14; densening;18;10.202;8.056;5.041;5.31;10.186;38.795
0;2;15; densening;12;45.092;6.954;4.321;5.178;7.74;69.285
0;2;16; densening;6;8.625;6.217;3.749;6.386;2.723;27.699999999999996
0;2;17; densening;18;7.604;6.525;8.009;5.747;7.769;35.654
0;2;18; densening;9;7.26;5.41;7.588;3.527;4.654;28.439
0;3;1; widening;6;82.77;5.462;4.413;3.459;4.476;100.58
0;3;2; widening;21;12.575;7.038;7.556;7.784;6.828;41.781000000000006
0;3;3; widening;9;7.286;4.406;3.762;5.447;6.039;26.939999999999998
0;3;4; widening;21;8.402;8.843;8.514;10.311;7.91;43.97999999999999
0;3;5; widening;12;6.657;6.182;8.897;5.731;6.906;34.373
0;3;6; widening;9;6.532;7.699;6.966;5.124;6.478;32.799
0;3;7; widening;12;7.786;8.21;4.366;6.611;8.222;35.195
0;3;8; widening;21;8.392;11.649;7.525;5.74;7.309;40.614999999999995
0;3;9; widening;12;8.064;9.225;5.351;6.023;5.973;34.636
0;3;10; widening;6;7.738;4.997;3.39;5.482;4.347;25.954
0;3;11; widening;15;7.561;8.275;5.072;5.669;7.805;34.382000000000005
0;3;12; widening;15;9.322;8.192;19.87;7.316;15.782;60.482
0;3;13; widening;18;9.17;9.734;7.205;8.776;6.431;41.316
0;3;14; widening;18;12.452;8.986;6.714;6.046;6.245;40.443
0;3;15; widening;6;5.451;4.602;3.05;7.054;5.917;26.074000000000005
0;3;16; widening;18;22.856;9.259;8.999;13.116;9.905;64.135
0;3;17; widening;15;10.893;9.302;4.794;5.545;7.479;38.013
0;3;18; widening;9;9.141;6.716;6.829;28.817;7.507;59.01
1;1;1; direct;9;16.599;7.734;8.832;13.831;6.306;53.30199999999999
1;1;2; direct;6;11.447;6.467;4.361;5.929;5.232;33.436
1;1;3; direct;9;13.484;12.049;6.687;7.999;7.366;47.585
1;1;4; direct;15;20.177;8.701;6.011;7.499;8.043;50.431000000000004
1;1;5; direct;6;9.341;6.409;5.268;7.917;4.74;33.675000000000004
1;1;6; direct;15;9.09;7.655;10.552;8.167;9.983;45.447
1;1;7; direct;12;10.631;11.324;6.402;10.079;6.928;45.364
1;1;8; direct;15;9.469;10.351;7.372;6.249;9.962;43.403000000000006
1;1;9; direct;21;21.031;8.875;10.198;10.456;7.086;57.646
1;1;10; direct;21;12.153;9.659;9.392;11.155;10.81;53.169000000000004
1;1;11; direct;9;12.05;5.903;7.228;10.516;7.679;43.376
1;1;12; direct;18;13.724;6.896;14.327;8.035;7.758;50.74
1;1;13; direct;12;9.758;9.345;8.521;7.162;7.271;42.057
1;1;14; direct;12;17.196;6.138;19.547;31.57;9.385;83.836
1;1;15; direct;21;16.58;9.468;10.763;11.038;14.228;62.077000000000005
1;1;16; direct;18;96.281;9.237;5.078;11.01;19.973;141.579
1;1;17; direct;18;10.044;8.146;8.473;8.317;10.491;45.471000000000004
1;1;18; direct;6;8.981;4.492;6.004;5.915;5.706;31.097999999999995
1;2;1; widening;6;766.909;4.659;3.352;4.937;6.059;785.9159999999999
1;2;2; widening;21;13.156;10.464;9.72;12.073;8.795;54.208000000000006
1;2;3; widening;15;21.424;4.975;8.288;8.169;9.96;52.815999999999995
1;2;4; widening;12;12.612;6.649;7.706;8.93;9.472;45.369
1;2;5; widening;12;11.846;7.807;50.466;7.507;8.123;85.74900000000001
1;2;6; widening;6;12.719;4.734;6.422;6.095;12.408;42.378
1;2;7; widening;18;14.592;13.269;7.421;12.74;7.666;55.688
1;2;8; widening;18;11.058;7.999;9.051;7.814;6.849;42.771
1;2;9; widening;21;34.115;7.221;8.696;10.137;7.927;68.096
1;2;10; widening;9;8.121;4.28;5.475;10.029;4.977;32.882
1;2;11; widening;9;10.038;6.499;7.24;5.245;12.486;41.508
1;2;12; widening;12;10.046;7.831;11.542;8.215;6.333;43.967
1;2;13; widening;9;9.228;6.67;6.781;12.38;7.535;42.593999999999994
1;2;14; widening;21;17.373;9.803;12.684;7.037;20.144;67.041
1;2;15; widening;18;9.083;13.936;7.995;13.828;49.389;94.231
1;2;16; widening;15;9.104;9.086;5.309;6.215;29.889;59.602999999999994
1;2;17; widening;15;10.529;11.884;5.765;8.692;7.432;44.30200000000001
1;2;18; widening;6;11.254;8.972;5.063;5.737;7.628;38.653999999999996
1;3;1; densening;9;209.039;9.987;6.047;9.92;7.689;242.68199999999996
1;3;2; densening;15;24.135;5.908;7.231;9.705;13.444;60.423
1;3;3; densening;12;15.544;6.458;10.015;9.299;7.131;48.447
1;3;4; densening;6;7.753;7.288;6.778;6.646;3.73;32.195
1;3;5; densening;12;8.884;7.323;12.098;7.665;7.83;43.8
1;3;6; densening;15;11.564;7.808;7.3;7.199;5.903;39.774
1;3;7; densening;6;9.347;5.624;5.318;5.097;5.232;30.618000000000002
1;3;8; densening;21;7.816;10.107;9.617;9.34;9.774;46.653999999999996
1;3;9; densening;21;9.825;8.305;18.338;6.171;8.705;51.344
1;3;10; densening;9;9.471;6.568;4.249;6.492;6.238;33.018
1;3;11; densening;6;7.58;6.134;6.313;7.642;7.044;34.713
1;3;12; densening;18;11.755;7.459;9.968;8.997;8.081;46.260000000000005
1;3;13; densening;18;57.277;6.973;8.85;18.432;8.928;100.46
1;3;14; densening;21;12.932;56.43;10.29;7.572;13.49;100.71399999999998
1;3;15; densening;9;9.528;7.045;6.58;16.261;17.634;57.048
1;3;16; densening;18;14.266;7.873;7.624;8.247;11.333;49.342999999999996
1;3;17; densening;12;9.317;7.13;5.858;7.798;7.045;37.148
1;3;18; densening;15;12.475;8.688;41.144;11.491;19.082;92.88
2;1;1; direct;6;44.859;5.876;5.77;4.907;8.404;69.81599999999999
2;1;2; direct;15;10.642;3.033;9.404;9.768;5.728;38.575
2;1;3; direct;15;12.303;14.366;9.441;7.011;8.472;51.593
2;1;4; direct;6;8.197;3.753;4.741;2.304;3.464;22.458999999999996
2;1;5; direct;9;6.744;6.208;5.018;5.167;3.6;26.737000000000002
2;1;6; direct;15;9.541;5.077;13.623;10.63;15.887;54.758
2;1;7; direct;6;10.112;3.569;1.539;3.282;5.0;23.502000000000002
2;1;8; direct;21;13.806;10.719;11.929;12.801;4.438;53.693000000000005
2;1;9; direct;9;11.07;15.059;6.72;3.367;3.448;39.663999999999994
2;1;10; direct;18;26.796;38.453;10.409;10.52;7.809;93.987
2;1;11; direct;12;9.024;5.725;6.791;5.518;7.026;34.084
2;1;12; direct;12;13.789;7.0;6.863;5.391;11.918;44.961
2;1;13; direct;21;17.397;8.255;36.55;7.457;12.655;82.314
2;1;14; direct;21;31.496;16.64;7.212;14.011;6.925;76.28399999999999
2;1;15; direct;12;12.064;8.859;9.405;4.318;14.458;49.104
2;1;16; direct;9;11.368;5.817;6.181;12.96;3.079;39.40500000000001
2;1;17; direct;18;11.921;15.007;44.45;8.184;18.98;98.542
2;1;18; direct;18;11.205;10.081;5.609;6.784;17.365;51.044
2;2;1; densening;12;21.141;6.052;7.644;4.159;6.802;45.797999999999995
2;2;2; densening;21;9.515;4.201;5.508;6.466;5.979;31.669
2;2;3; densening;12;7.047;3.928;8.804;2.776;4.011;26.566
2;2;4; densening;18;20.592;26.498;10.316;6.471;7.585;71.462
2;2;5; densening;9;11.376;3.168;5.586;9.117;5.016;34.263000000000005
2;2;6; densening;21;12.172;8.655;30.96;14.918;13.598;80.303
2;2;7; densening;9;11.577;6.763;2.573;8.579;7.946;37.438
2;2;8; densening;18;11.219;8.663;7.361;42.785;11.258;81.28599999999999
2;2;9; densening;15;8.353;7.087;10.661;7.899;8.84;42.84
2;2;10; densening;6;11.575;6.998;4.525;4.351;3.217;30.665999999999997
2;2;11; densening;6;6.982;5.376;4.176;5.405;6.17;28.109
2;2;12; densening;12;14.243;6.848;6.839;8.489;4.719;41.138
2;2;13; densening;9;8.312;9.03;8.243;4.842;8.023;38.45
2;2;14; densening;21;34.183;21.964;13.989;8.384;11.878;90.398
2;2;15; densening;15;11.711;5.375;6.943;14.427;16.845;55.300999999999995
2;2;16; densening;6;9.054;4.396;3.709;5.39;3.976;26.525
2;2;17; densening;18;13.004;6.735;11.506;6.84;26.876;64.961
2;2;18; densening;15;21.822;11.333;9.078;13.346;11.873;67.45200000000001
2;3;1; widening;6;164.293;1.974;2.927;4.728;10.132;184.054
2;3;2; widening;18;6.694;5.999;6.702;40.661;14.382;74.438
2;3;3; widening;6;5.497;5.557;6.16;4.47;3.009;24.692999999999998
2;3;4; widening;9;10.95;6.254;2.707;4.624;4.432;28.967
2;3;5; widening;15;15.314;18.389;8.424;4.723;6.35;53.2
2;3;6; widening;9;7.365;6.829;10.74;7.198;5.594;37.726
2;3;7; widening;12;9.919;4.159;9.792;5.499;5.394;34.763
2;3;8; widening;15;10.654;6.705;8.461;24.174;9.554;59.548
2;3;9; widening;9;8.247;13.719;5.757;5.148;5.805;38.675999999999995
2;3;10; widening;12;9.351;16.693;6.415;14.082;6.936;53.477000000000004
2;3;11; widening;21;10.616;9.585;16.393;11.622;18.359;66.575
2;3;12; widening;21;8.139;8.7;7.159;13.024;12.233;49.254999999999995
2;3;13; widening;12;8.604;11.043;5.505;5.622;10.616;41.39
2;3;14; widening;6;9.161;6.6;3.902;5.476;3.004;28.143
2;3;15; widening;18;4.913;9.588;6.496;6.419;7.582;34.998
2;3;16; widening;15;9.864;20.058;7.632;7.727;7.682;52.96300000000001
2;3;17; widening;18;6.167;6.031;7.376;7.795;7.147;34.516
2;3;18; widening;21;24.329;12.802;7.618;8.033;6.951;59.733000000000004
3;1;1; densening;15;15.857;8.179;15.221;46.748;23.336;109.341
3;1;2; densening;18;28.153;7.507;38.745;22.948;34.145;131.49800000000002
3;1;3; densening;12;10.059;4.508;16.934;9.875;9.68;51.056000000000004
3;1;4; densening;21;18.208;32.832;18.46;27.586;7.391;104.477
3;1;5; densening;15;11.086;4.173;11.167;20.669;11.552;58.647
3;1;6; densening;12;7.987;7.407;4.264;12.034;16.139;47.831
3;1;7; densening;12;15.22;9.903;3.845;8.265;3.638;40.871
3;1;8; densening;21;18.164;12.539;17.719;12.067;7.931;68.42
3;1;9; densening;21;24.816;21.768;7.529;15.735;20.941;90.789
3;1;10; densening;9;21.361;10.38;4.952;3.536;9.191;49.42
3;1;11; densening;6;10.939;5.962;5.397;5.071;4.177;31.546
3;1;12; densening;9;11.14;8.589;8.162;4.698;3.428;36.016999999999996
3;1;13; densening;18;10.919;8.846;28.589;7.264;18.21;73.828
3;1;14; densening;15;9.863;11.584;41.334;10.376;16.213;89.37
3;1;15; densening;18;37.924;11.068;42.256;6.567;8.106;105.92099999999999
3;1;16; densening;6;8.78;5.167;7.83;3.765;4.049;29.591
3;1;17; densening;6;10.678;5.377;4.651;8.655;5.35;34.711
3;1;18; densening;9;13.108;9.209;12.4;9.08;7.412;51.208999999999996
3;2;1; direct;18;282.532;11.567;15.804;14.987;24.436;349.32599999999996
3;2;2; direct;6;7.469;3.156;3.458;6.621;6.053;26.757
3;2;3; direct;21;12.569;13.7;24.95;15.271;15.941;82.431
3;2;4; direct;21;13.952;23.357;13.252;17.171;26.004;93.736
3;2;5; direct;9;10.592;7.108;10.966;8.082;5.402;42.15
3;2;6; direct;9;9.983;4.279;7.894;7.117;5.068;34.341
3;2;7; direct;9;11.278;6.473;9.754;5.292;3.529;36.32600000000001
3;2;8; direct;12;10.173;8.762;9.457;9.195;7.814;45.401
3;2;9; direct;15;18.501;6.872;8.218;18.657;15.161;67.409
3;2;10; direct;6;9.462;3.861;5.833;10.363;4.723;34.242
3;2;11; direct;15;9.388;11.317;13.771;18.107;13.256;65.839
3;2;12; direct;12;12.579;6.449;16.97;10.535;9.031;55.564
3;2;13; direct;18;31.533;25.378;8.993;8.813;43.531;118.24799999999999
3;2;14; direct;21;37.153;21.195;24.059;21.294;8.443;112.14399999999999
3;2;15; direct;15;11.062;14.839;9.476;4.939;15.585;55.901
3;2;16; direct;6;7.964;7.697;3.275;7.632;9.693;36.260999999999996
3;2;17; direct;12;11.798;6.822;5.345;21.88;8.357;54.202
3;2;18; direct;18;21.386;12.272;45.33;25.457;7.935;112.38
3;3;1; widening;18;144.983;6.077;15.352;12.386;24.295;203.09300000000002
3;3;2; widening;9;7.783;8.373;28.11;7.333;6.186;57.785
3;3;3; widening;12;16.554;9.208;10.34;8.268;26.267;70.637
3;3;4; widening;21;8.499;14.658;20.053;29.824;10.86;83.894
3;3;5; widening;9;7.547;6.024;4.904;4.687;29.096;52.258
3;3;6; widening;21;13.621;21.749;69.053;18.552;11.423;134.398
3;3;7; widening;6;9.191;10.494;3.353;4.533;6.773;34.34400000000001
3;3;8; widening;15;13.056;13.75;16.173;9.897;5.878;58.754
3;3;9; widening;18;14.618;7.143;14.333;23.114;22.536;81.744
3;3;10; widening;6;10.553;5.667;3.069;8.937;3.428;31.654
3;3;11; widening;15;36.59;12.742;12.059;8.758;23.516;93.66499999999999
3;3;12; widening;15;8.506;14.884;39.018;13.337;10.822;86.56700000000001
3;3;13; widening;9;11.438;9.201;8.226;18.263;7.898;55.025999999999996
3;3;14; widening;21;16.55;21.167;10.315;16.892;14.274;79.198
3;3;15; widening;18;7.758;16.884;7.55;10.789;8.707;51.688
3;3;16; widening;12;10.013;6.875;23.617;4.107;13.399;58.010999999999996
3;3;17; widening;6;12.793;5.041;12.335;3.344;6.069;39.582
3;3;18; widening;12;11.615;7.769;8.143;13.627;10.611;51.765
4;1;1; densening;15;14.876;5.645;8.43;12.16;16.308;57.419000000000004
4;1;2; densening;21;10.095;5.419;13.425;6.457;8.224;43.620000000000005
4;1;3; densening;21;11.877;9.788;9.827;7.891;6.452;45.834999999999994
4;1;4; densening;15;11.346;5.518;5.184;6.899;9.535;38.482
4;1;5; densening;12;9.686;4.87;9.204;7.936;6.584;38.28
4;1;6; densening;6;7.046;9.037;5.903;6.469;4.088;32.543
4;1;7; densening;9;8.18;7.215;8.685;4.932;7.558;36.57
4;1;8; densening;9;9.051;6.687;6.018;6.294;4.725;32.775
4;1;9; densening;18;9.802;9.384;7.627;8.235;10.972;46.02
4;1;10; densening;12;8.803;6.424;9.042;7.767;6.741;38.777
4;1;11; densening;6;8.53;12.417;4.701;5.078;7.618;38.344
4;1;12; densening;6;8.188;6.31;5.096;5.14;5.496;30.230000000000004
4;1;13; densening;15;15.474;7.08;8.439;5.808;14.194;50.995000000000005
4;1;14; densening;12;14.5;10.034;9.482;6.909;8.902;49.827
4;1;15; densening;9;7.116;8.134;6.128;2.484;5.717;29.579
4;1;16; densening;18;12.422;8.925;8.354;6.972;7.385;44.058
4;1;17; densening;18;11.512;9.26;13.718;12.334;5.346;52.17
4;1;18; densening;21;9.314;8.942;10.981;7.319;15.253;51.809000000000005
4;2;1; widening;15;12.808;11.469;4.405;10.113;6.677;45.472
4;2;2; widening;9;8.982;7.163;5.568;4.508;4.197;30.418
4;2;3; widening;21;12.406;7.272;9.189;5.684;6.321;40.872
4;2;4; widening;15;10.292;6.71;7.693;6.21;7.321;38.226
4;2;5; widening;6;7.282;5.884;6.509;4.994;6.984;31.653
4;2;6; widening;6;6.289;4.801;5.151;3.773;9.615;29.628999999999998
4;2;7; widening;12;11.151;5.362;10.565;3.738;7.233;38.04899999999999
4;2;8; widening;18;9.616;9.284;9.503;7.4;9.763;45.565999999999995
4;2;9; widening;15;10.378;8.224;12.113;10.285;6.574;47.574
4;2;10; widening;21;16.093;4.327;9.863;7.938;7.806;46.027
4;2;11; widening;12;12.642;5.082;6.763;8.36;9.428;42.275000000000006
4;2;12; widening;18;9.273;11.022;9.222;8.946;10.043;48.506
4;2;13; widening;6;7.297;5.376;3.143;5.371;5.812;26.999
4;2;14; widening;21;10.798;11.374;7.317;10.474;11.253;51.216
4;2;15; widening;18;10.688;5.795;8.941;8.319;10.862;44.605000000000004
4;2;16; widening;9;6.179;5.991;6.008;7.916;3.935;30.029
4;2;17; widening;12;7.57;7.153;5.868;9.667;6.768;37.026
4;2;18; widening;9;10.231;5.236;3.842;8.625;6.828;34.762
4;3;1; direct;12;14.004;9.272;5.59;7.488;7.007;43.361
4;3;2; direct;21;12.909;5.69;9.094;8.304;7.38;43.377
4;3;3; direct;6;6.185;5.025;3.655;4.906;5.008;24.779
4;3;4; direct;15;13.158;6.631;6.758;6.876;7.599;41.022000000000006
4;3;5; direct;6;7.168;6.178;5.075;4.764;4.487;27.671999999999997
4;3;6; direct;21;11.503;17.441;9.491;8.485;5.697;52.617000000000004
4;3;7; direct;9;8.34;4.683;5.388;5.004;7.325;30.74
4;3;8; direct;18;13.733;9.42;6.567;13.095;6.424;49.239
4;3;9; direct;12;9.688;9.857;6.882;8.348;6.908;41.683
4;3;10; direct;6;6.047;5.248;3.676;5.157;8.408;28.536
4;3;11; direct;21;12.378;7.87;10.723;5.882;8.028;44.881
4;3;12; direct;18;13.456;6.183;7.324;8.603;6.643;42.209
4;3;13; direct;9;7.743;5.174;7.208;9.558;7.97;37.653
4;3;14; direct;18;15.53;9.03;7.687;11.677;7.53;51.454
4;3;15; direct;12;8.811;7.148;4.538;6.607;5.26;32.364
4;3;16; direct;15;13.369;5.249;7.89;5.948;7.372;39.828
4;3;17; direct;15;13.343;6.731;6.281;10.651;6.992;43.998
4;3;18; direct;9;8.061;4.347;5.746;5.086;9.947;33.187
5;1;1; densening;15;43.606;5.833;10.856;14.77;7.762;82.827
5;1;2; densening;9;15.525;33.604;6.698;10.36;5.146;71.333
5;1;3; densening;21;17.565;14.37;8.84;10.684;13.08;64.539
5;1;4; densening;12;29.323;9.583;7.532;10.783;9.884;67.105
5;1;5; densening;15;13.496;19.437;8.902;10.84;21.605;74.28
5;1;6; densening;21;14.511;9.175;12.062;10.257;6.355;52.36
5;1;7; densening;18;13.679;8.21;9.711;5.475;13.331;50.406000000000006
5;1;8; densening;15;14.364;8.457;12.852;6.452;11.687;53.812
5;1;9; densening;6;15.726;6.811;15.353;6.103;5.758;49.751000000000005
5;1;10; densening;6;6.264;9.153;3.75;8.518;7.264;34.949000000000005
5;1;11; densening;6;9.857;6.14;7.549;6.09;10.072;39.708
5;1;12; densening;21;9.318;5.202;8.165;11.502;9.624;43.811
5;1;13; densening;12;14.846;5.86;9.562;11.795;6.844;48.907000000000004
5;1;14; densening;9;23.45;9.507;5.777;6.385;8.49;53.609
5;1;15; densening;9;5.682;9.287;6.435;6.3;7.595;35.299
5;1;16; densening;18;9.778;7.568;3.374;10.109;9.371;40.2
5;1;17; densening;12;10.547;6.821;7.041;8.724;4.061;37.194
5;1;18; densening;18;16.071;8.334;10.091;5.562;6.002;46.06
5;2;1; direct;18;300.003;7.045;11.819;13.143;10.57;342.58
5;2;2; direct;12;13.287;9.095;7.778;6.446;4.978;41.584
5;2;3; direct;15;14.589;13.32;11.542;10.41;5.074;54.935
5;2;4; direct;15;13.822;7.958;5.41;8.998;5.171;41.359
5;2;5; direct;6;10.614;7.835;6.805;6.924;5.143;37.321000000000005
5;2;6; direct;9;8.984;3.764;5.054;8.691;8.0;34.493
5;2;7; direct;18;10.824;4.215;9.33;5.438;11.386;41.193
5;2;8; direct;15;8.159;6.549;3.839;10.405;14.024;42.976
5;2;9; direct;21;8.619;12.865;10.128;17.349;7.617;56.577999999999996
5;2;10; direct;6;14.096;8.057;5.541;5.141;7.385;40.22
5;2;11; direct;12;13.116;9.526;7.326;6.459;7.978;44.405
5;2;12; direct;9;7.528;11.763;7.048;6.619;5.54;38.498
5;2;13; direct;12;10.32;17.356;7.514;8.783;6.97;50.943000000000005
5;2;14; direct;18;11.054;6.019;8.193;7.512;6.89;39.668
5;2;15; direct;9;20.613;8.034;5.941;4.108;8.395;47.090999999999994
5;2;16; direct;21;11.65;20.659;7.316;6.455;18.568;64.648
5;2;17; direct;21;10.527;34.884;8.913;8.865;6.759;69.94800000000001
5;2;18; direct;6;11.397;3.219;5.634;4.098;6.053;30.401
5;3;1; widening;9;280.779;6.445;5.848;5.753;7.182;306.007
5;3;2; widening;12;10.392;7.222;6.691;9.597;7.779;41.681
5;3;3; widening;15;13.129;12.984;6.032;11.986;11.35;55.481
5;3;4; widening;18;13.188;7.421;9.114;5.985;6.847;42.55500000000001
5;3;5; widening;6;8.615;5.012;9.022;5.615;8.153;36.417
5;3;6; widening;12;7.391;6.802;4.904;9.826;10.308;39.231
5;3;7; widening;9;20.916;6.569;7.194;7.98;18.147;60.806000000000004
5;3;8; widening;21;48.752;8.72;6.238;7.832;9.091;80.633
5;3;9; widening;6;10.207;5.59;4.989;6.167;6.543;33.496
5;3;10; widening;21;13.289;7.242;7.181;17.709;24.238;69.65899999999999
5;3;11; widening;21;11.247;20.575;7.627;7.302;7.052;53.803
5;3;12; widening;18;46.479;12.773;7.429;6.89;11.092;84.663
5;3;13; widening;9;23.982;8.386;5.175;8.446;14.171;60.15999999999999
5;3;14; widening;6;23.443;9.808;6.557;5.644;4.656;50.108000000000004
5;3;15; widening;12;18.677;14.072;4.435;17.136;10.047;64.36699999999999
5;3;16; widening;15;11.903;6.942;7.268;7.272;6.906;40.291
5;3;17; widening;18;11.326;9.433;10.571;10.14;6.469;47.939
5;3;18; widening;15;9.016;8.85;6.225;8.206;7.437;39.733999999999995
6;1;1; widening;18;11.002;10.153;9.309;9.169;6.874;46.507
6;1;2; widening;15;18.272;7.601;8.672;8.072;6.627;49.24400000000001
6;1;3; widening;12;13.808;8.002;6.754;7.422;7.911;43.897
6;1;4; widening;12;39.344;6.314;7.874;8.135;9.967;71.634
6;1;5; widening;21;18.896;10.666;11.768;8.406;7.223;56.958999999999996
6;1;6; widening;6;8.826;4.296;4.109;6.539;5.952;29.722
6;1;7; widening;9;11.788;7.246;8.834;6.738;8.064;42.67
6;1;8; widening;18;9.832;9.292;16.555;11.003;9.431;56.113
6;1;9; widening;18;14.499;10.011;8.598;6.519;9.339;48.965999999999994
6;1;10; widening;21;40.173;11.139;9.797;26.779;7.077;94.96499999999999
6;1;11; widening;9;36.081;8.392;4.489;6.293;9.271;64.526
6;1;12; widening;6;6.333;5.579;5.866;8.846;5.204;31.828
6;1;13; widening;21;16.072;15.879;9.336;14.129;8.083;63.498999999999995
6;1;14; widening;15;14.481;10.373;7.035;10.078;14.675;56.641999999999996
6;1;15; widening;9;7.842;5.39;8.805;6.713;11.715;40.465
6;1;16; widening;6;10.195;6.179;6.821;7.205;6.476;36.876
6;1;17; widening;12;12.876;4.787;46.325;11.494;6.169;81.651
6;1;18; widening;15;18.081;8.872;10.062;11.718;11.183;59.916000000000004
6;2;1; direct;9;937.625;6.11;4.675;11.66;5.422;965.492
6;2;2; direct;21;13.3;6.242;16.187;10.919;12.608;59.256
6;2;3; direct;12;11.896;9.468;5.597;16.114;8.277;51.352000000000004
6;2;4; direct;15;20.546;6.714;5.486;5.853;11.341;49.94
6;2;5; direct;21;8.644;7.515;10.618;14.804;13.356;54.937000000000005
6;2;6; direct;18;14.326;6.613;11.655;5.05;10.544;48.188
6;2;7; direct;6;9.028;3.941;5.367;2.671;8.003;29.01
6;2;8; direct;12;7.151;10.167;7.15;10.632;10.764;45.86399999999999
6;2;9; direct;15;14.075;7.765;9.83;6.51;13.636;51.816
6;2;10; direct;12;8.432;10.001;7.572;8.255;6.693;40.952999999999996
6;2;11; direct;21;16.256;8.089;9.91;13.884;15.833;63.971999999999994
6;2;12; direct;6;11.695;3.887;4.587;6.129;6.857;33.155
6;2;13; direct;9;9.638;6.459;10.014;7.179;8.253;41.543
6;2;14; direct;15;13.528;12.69;5.992;8.76;2.896;43.866
6;2;15; direct;18;12.639;13.177;12.094;5.071;5.52;48.50099999999999
6;2;16; direct;18;17.775;9.051;9.613;6.634;8.886;51.959
6;2;17; direct;9;12.99;6.143;10.843;11.448;6.201;47.625
6;2;18; direct;6;34.27;5.833;5.911;8.199;5.905;60.118
6;3;1; densening;15;14.57;5.8;11.321;11.401;8.538;51.629999999999995
6;3;2; densening;21;11.771;15.193;7.38;4.851;11.054;50.249
6;3;3; densening;21;10.07;11.278;9.262;4.853;8.021;43.484
6;3;4; densening;12;12.468;8.029;6.737;11.348;5.658;44.24
6;3;5; densening;12;13.592;9.247;8.62;4.388;6.535;42.38199999999999
6;3;6; densening;9;10.174;5.369;5.758;8.347;8.061;37.708999999999996
6;3;7; densening;21;14.662;18.183;4.22;11.319;8.401;56.785
6;3;8; densening;6;10.36;6.447;7.166;4.502;51.131;79.606
6;3;9; densening;15;11.056;6.748;7.79;12.854;4.773;43.22099999999999
6;3;10; densening;9;12.201;6.392;7.76;3.415;9.352;39.120000000000005
6;3;11; densening;18;11.452;5.069;6.036;7.725;8.964;39.246
6;3;12; densening;18;11.01;6.168;8.983;9.186;19.221;54.568
6;3;13; densening;18;9.338;12.716;8.412;7.763;8.336;46.565
6;3;14; densening;6;9.075;6.613;7.207;6.599;6.715;36.209
6;3;15; densening;6;36.603;6.513;5.769;76.612;6.73;132.22699999999998
6;3;16; densening;15;12.39;6.268;20.338;7.572;9.004;55.572
6;3;17; densening;9;9.192;7.457;7.252;5.813;6.762;36.476
6;3;18; densening;12;6.28;6.784;5.812;9.074;7.583;35.533
7;1;1; densening;15;35.247;11.963;11.92;15.152;12.257;86.539
7;1;2; densening;21;21.313;6.845;12.31;9.08;18.385;67.93299999999999
7;1;3; densening;18;58.95;11.035;6.677;32.703;9.9;119.26500000000001
7;1;4; densening;9;13.118;13.888;6.125;12.252;10.984;56.367000000000004
7;1;5; densening;15;13.892;14.066;9.183;5.816;6.674;49.631
7;1;6; densening;9;131.611;7.904;8.297;15.536;10.108;173.456
7;1;7; densening;21;38.711;19.666;9.718;12.754;9.017;89.866
7;1;8; densening;15;17.444;14.813;6.778;5.051;10.822;54.908
7;1;9; densening;6;15.124;7.071;8.704;6.517;7.365;44.781000000000006
7;1;10; densening;12;82.684;11.375;12.191;7.833;10.573;124.656
7;1;11; densening;6;13.683;8.096;9.473;10.186;6.083;47.521
7;1;12; densening;18;20.045;9.652;1.727;9.653;13.053;54.13000000000001
7;1;13; densening;12;19.774;8.736;6.069;7.692;8.231;50.502
7;1;14; densening;18;11.149;8.79;5.918;14.057;10.325;50.239000000000004
7;1;15; densening;6;36.092;7.153;4.444;6.163;6.431;60.283
7;1;16; densening;12;13.153;7.273;7.73;9.094;6.974;44.224000000000004
7;1;17; densening;9;11.544;13.349;7.797;11.011;7.988;51.68899999999999
7;1;18; densening;21;10.812;23.354;6.104;12.153;11.198;63.620999999999995
7;2;1; direct;21;343.889;10.261;13.402;8.595;7.91;384.0570000000001
7;2;2; direct;12;9.942;6.183;10.001;5.883;6.681;38.69
7;2;3; direct;12;11.749;6.779;7.295;7.94;5.823;39.586
7;2;4; direct;15;45.603;20.026;8.796;5.033;9.026;88.48400000000001
7;2;5; direct;18;15.757;9.817;5.084;8.25;7.451;46.359
7;2;6; direct;6;10.793;5.327;4.253;4.055;7.936;32.364
7;2;7; direct;21;12.392;10.979;6.069;7.137;9.275;45.852
7;2;8; direct;9;12.733;5.557;5.893;7.94;6.698;38.821
7;2;9; direct;18;12.745;7.674;7.686;9.014;7.109;44.228
7;2;10; direct;6;11.77;5.82;3.847;3.353;10.204;34.994
7;2;11; direct;21;16.9;17.522;11.691;18.983;10.135;75.23100000000001
7;2;12; direct;15;18.28;10.644;6.909;11.0;12.396;59.229
7;2;13; direct;15;22.326;23.709;7.764;10.749;12.983;77.531
7;2;14; direct;18;46.717;20.237;10.646;11.619;12.741;101.96
7;2;15; direct;9;16.736;8.432;8.639;7.448;6.091;47.346000000000004
7;2;16; direct;9;62.683;3.556;6.564;8.239;9.305;90.34700000000001
7;2;17; direct;12;14.575;7.045;9.527;5.646;7.727;44.519999999999996
7;2;18; direct;6;15.802;8.232;5.261;5.641;4.669;39.605
7;3;1; widening;9;244.79;21.746;5.774;11.351;10.414;294.075
7;3;2; widening;9;12.034;4.449;9.067;5.624;6.797;37.971
7;3;3; widening;15;16.643;9.388;9.002;7.621;10.18;52.834
7;3;4; widening;15;45.107;6.625;7.078;10.742;10.052;79.60400000000001
7;3;5; widening;18;22.561;6.93;8.439;14.248;17.021;69.199
7;3;6; widening;12;33.335;10.74;7.868;8.685;7.094;67.72200000000001
7;3;7; widening;21;23.337;20.088;13.545;13.287;24.094;94.351
7;3;8; widening;12;13.834;4.935;14.473;14.716;9.365;57.323
7;3;9; widening;12;8.538;13.868;4.827;13.253;8.73;49.215999999999994
7;3;10; widening;6;103.329;5.546;9.991;6.808;3.989;129.663
7;3;11; widening;21;30.541;13.037;13.226;8.961;8.382;74.147
7;3;12; widening;18;9.547;7.67;5.587;10.366;18.636;51.806
7;3;13; widening;9;12.906;4.072;8.635;7.444;6.942;39.999
7;3;14; widening;6;7.226;4.336;6.986;5.333;6.838;30.719
7;3;15; widening;21;77.965;9.301;9.82;9.5;25.176;131.762
7;3;16; widening;15;13.067;8.596;12.289;8.215;9.365;51.532000000000004
7;3;17; widening;6;15.138;6.203;4.461;9.018;3.762;38.582
7;3;18; widening;18;12.843;12.89;11.319;8.192;9.759;55.003
8;1;1; widening;12;18.576;18.269;13.759;7.506;8.196;66.306
8;1;2; widening;18;16.594;7.432;14.503;33.376;6.945;78.85
8;1;3; widening;9;14.96;8.331;4.678;2.6;4.706;35.275000000000006
8;1;4; widening;15;12.863;37.506;7.243;8.901;7.162;73.67500000000001
8;1;5; widening;15;13.846;8.896;8.102;13.588;8.944;53.376000000000005
8;1;6; widening;6;12.942;6.698;5.028;6.574;7.186;38.428
8;1;7; widening;6;16.445;7.406;6.9;6.527;6.551;43.829
8;1;8; widening;9;10.494;9.116;6.349;8.075;8.719;42.753
8;1;9; widening;6;7.734;6.315;6.608;6.334;5.284;32.275
8;1;10; widening;18;8.092;39.379;7.597;13.947;8.013;77.028
8;1;11; widening;12;10.134;5.854;9.511;7.666;6.102;39.266999999999996
8;1;12; widening;9;10.723;9.92;7.698;10.101;6.593;45.035
8;1;13; widening;21;23.538;16.993;6.969;12.469;8.636;68.605
8;1;14; widening;21;11.604;9.256;17.856;19.249;21.875;79.84
8;1;15; widening;21;11.459;7.925;12.389;8.37;5.451;45.594
8;1;16; widening;18;11.655;10.109;19.231;8.323;9.602;58.92
8;1;17; widening;12;22.582;7.582;4.132;8.543;7.866;50.705
8;1;18; widening;15;18.24;9.708;18.312;8.835;11.976;67.07100000000001
8;2;1; densening;9;293.275;12.774;9.609;4.778;6.855;327.291
8;2;2; densening;15;15.45;4.851;8.128;42.036;11.277;81.742
8;2;3; densening;6;9.545;7.845;6.871;22.227;11.189;57.677
8;2;4; densening;15;8.512;19.827;11.519;11.1;10.864;61.822
8;2;5; densening;18;9.352;10.125;10.545;20.344;8.459;58.825
8;2;6; densening;9;10.757;9.485;5.398;17.41;7.795;50.845
8;2;7; densening;15;27.566;7.384;8.894;12.205;6.365;62.414
8;2;8; densening;21;19.777;10.166;6.121;9.688;8.479;54.231
8;2;9; densening;6;9.813;7.207;5.932;6.519;6.118;35.589
8;2;10; densening;12;11.438;8.198;4.991;7.063;7.767;39.457
8;2;11; densening;21;10.069;8.576;14.413;21.78;6.29;61.12800000000001
8;2;12; densening;18;13.848;10.734;7.99;25.46;6.346;64.378
8;2;13; densening;18;11.062;9.542;18.292;13.859;9.536;62.291000000000004
8;2;14; densening;6;7.549;10.462;7.173;5.7;9.28;40.163999999999994
8;2;15; densening;21;11.051;10.372;10.931;9.77;7.032;49.15599999999999
8;2;16; densening;9;12.455;12.781;5.035;14.998;7.816;53.085
8;2;17; densening;12;10.459;8.23;11.783;9.932;6.231;46.635000000000005
8;2;18; densening;12;12.909;5.77;9.87;10.45;9.068;48.06699999999999
8;3;1; direct;6;166.785;5.305;4.285;5.305;7.409;189.089
8;3;2; direct;15;13.5;32.952;6.072;7.861;23.074;83.459
8;3;3; direct;6;9.007;7.414;6.484;4.684;6.935;34.524
8;3;4; direct;6;7.959;4.508;6.032;5.634;6.443;30.576
8;3;5; direct;18;10.996;9.405;8.618;9.425;14.452;52.896
8;3;6; direct;9;5.926;5.672;6.249;6.321;5.681;29.849
8;3;7; direct;21;10.777;9.332;9.106;6.067;11.016;46.298
8;3;8; direct;15;13.456;13.888;6.488;10.131;7.933;51.896
8;3;9; direct;21;13.249;10.038;8.54;14.221;7.016;53.064
8;3;10; direct;18;10.19;13.327;6.066;8.901;9.979;48.462999999999994
8;3;11; direct;9;9.147;6.575;5.734;7.193;5.699;34.348
8;3;12; direct;21;9.959;8.061;7.106;7.773;7.109;40.008
8;3;13; direct;12;12.676;6.301;8.616;6.079;8.231;41.903
8;3;14; direct;9;8.447;6.859;6.604;5.961;12.646;40.517
8;3;15; direct;12;12.304;14.542;7.747;8.689;6.759;50.041000000000004
8;3;16; direct;15;7.865;14.851;6.997;6.958;6.363;43.034
8;3;17; direct;12;12.191;6.264;5.715;8.648;9.038;41.855999999999995
8;3;18; direct;18;12.527;12.345;9.209;7.83;8.001;49.912
9;1;1; densening;15;10.926;9.491;9.525;20.049;6.846;56.837
9;1;2; densening;12;10.468;13.875;9.253;11.502;6.99;52.08800000000001
9;1;3; densening;9;12.491;3.466;5.998;5.13;4.778;31.863
9;1;4; densening;6;5.409;7.174;5.158;4.797;4.587;27.125
9;1;5; densening;12;7.504;2.959;2.762;9.14;4.332;26.697000000000003
9;1;6; densening;18;7.26;4.54;5.984;15.285;13.943;47.012
9;1;7; densening;6;8.975;2.675;3.536;6.421;5.53;27.137
9;1;8; densening;9;21.405;5.951;7.582;4.126;5.69;44.754
9;1;9; densening;15;11.927;8.281;13.378;7.309;12.646;53.541
9;1;10; densening;12;8.56;9.275;14.053;9.762;5.103;46.75300000000001
9;1;11; densening;18;56.315;9.983;7.84;4.593;10.219;88.95
9;1;12; densening;21;30.574;19.709;24.008;5.961;9.637;89.889
9;1;13; densening;21;15.462;6.823;10.661;15.191;5.748;53.885
9;1;14; densening;9;8.713;3.358;4.711;7.26;4.024;28.066000000000003
9;1;15; densening;18;15.887;10.363;11.465;6.419;3.277;47.411
9;1;16; densening;6;5.127;9.789;2.597;4.413;5.606;27.532000000000004
9;1;17; densening;15;9.31;5.622;5.918;8.15;4.27;33.269999999999996
9;1;18; densening;21;35.479;6.136;9.319;10.929;13.874;75.73700000000001
9;2;1; direct;9;267.212;5.792;6.083;3.278;5.451;287.81600000000003
9;2;2; direct;12;7.06;6.891;5.061;7.564;4.355;30.931
9;2;3; direct;6;6.566;2.804;3.486;5.149;3.038;21.043
9;2;4; direct;18;8.734;4.936;7.191;5.661;9.14;35.662
9;2;5; direct;21;10.01;6.833;5.633;6.645;10.041;39.162
9;2;6; direct;21;3.729;13.315;10.528;16.975;22.325;66.872
9;2;7; direct;21;30.161;19.527;16.399;8.23;7.689;82.006
9;2;8; direct;9;14.465;10.328;6.796;5.899;6.89;44.378
9;2;9; direct;18;21.821;16.6;11.655;6.432;6.596;63.10400000000001
9;2;10; direct;15;19.506;4.185;6.246;4.224;4.481;38.642
9;2;11; direct;6;8.117;6.838;4.173;6.327;4.616;30.070999999999998
9;2;12; direct;18;15.449;8.619;4.877;6.617;43.499;79.061
9;2;13; direct;15;7.69;6.131;4.39;7.357;12.222;37.79
9;2;14; direct;9;9.123;6.351;3.56;1.985;5.258;26.276999999999997
9;2;15; direct;12;6.691;9.39;3.238;6.287;6.173;31.778999999999996
9;2;16; direct;15;8.912;4.861;5.045;3.652;7.584;30.054
9;2;17; direct;6;9.44;4.909;5.026;5.288;7.197;31.86
9;2;18; direct;12;7.988;8.149;4.012;6.221;3.719;30.089000000000002
9;3;1; widening;21;140.577;11.324;6.348;4.078;8.253;170.58000000000004
9;3;2; widening;12;5.424;3.67;11.625;5.176;5.544;31.439000000000004
9;3;3; widening;9;12.576;3.574;3.315;4.01;4.867;28.342000000000002
9;3;4; widening;6;10.12;5.319;3.964;3.684;6.663;29.75
9;3;5; widening;9;6.574;16.109;4.876;4.179;9.129;40.867
9;3;6; widening;18;38.099;4.019;15.523;4.338;3.154;65.133
9;3;7; widening;15;5.651;3.74;4.443;4.237;7.815;25.886
9;3;8; widening;18;10.061;14.639;2.398;3.425;5.241;35.763999999999996
9;3;9; widening;15;6.665;9.509;6.181;5.683;15.948;43.986000000000004
9;3;10; widening;12;13.598;10.933;5.17;15.577;4.833;50.111
9;3;11; widening;18;30.94;4.526;9.312;7.03;6.791;58.599000000000004
9;3;12; widening;9;10.11;3.326;6.366;5.355;5.965;31.122
9;3;13; widening;12;10.717;18.888;6.952;5.592;4.791;46.94
9;3;14; widening;15;8.723;7.758;5.64;8.473;6.738;37.332
9;3;15; widening;21;16.795;7.663;6.375;7.97;9.358;48.161
9;3;16; widening;6;7.891;10.343;3.576;5.485;1.689;28.984
9;3;17; widening;6;9.541;5.091;26.38;1.451;5.408;47.871
9;3;18; widening;21;7.998;4.881;9.559;3.176;7.115;32.729000000000006
10;1;1; widening;21;18.174;9.083;10.901;9.551;12.522;60.231
10;1;2; widening;18;26.685;9.582;9.997;7.354;6.376;59.99399999999999
10;1;3; widening;6;24.45;5.265;4.327;5.856;4.318;44.216
10;1;4; widening;9;7.671;7.023;5.112;4.277;5.058;29.141
10;1;5; widening;21;16.967;7.805;6.658;10.549;12.489;54.468
10;1;6; widening;21;15.381;8.136;7.594;7.364;19.305;57.78
10;1;7; widening;12;14.671;6.255;4.252;6.471;5.861;37.51
10;1;8; widening;15;9.475;6.171;8.433;13.76;7.83;45.669
10;1;9; widening;6;11.635;4.521;8.014;4.727;6.179;35.076
10;1;10; widening;18;9.24;12.341;9.313;10.629;8.708;50.230999999999995
10;1;11; widening;9;11.407;6.941;4.842;5.024;4.485;32.699
10;1;12; widening;12;7.309;9.199;16.423;9.007;8.756;50.693999999999996
10;1;13; widening;9;6.653;4.306;6.797;5.559;4.938;28.253
10;1;14; widening;12;12.647;8.905;4.904;8.681;6.689;41.826
10;1;15; widening;15;14.144;7.703;5.755;4.076;5.729;37.407000000000004
10;1;16; widening;18;21.496;6.191;5.633;6.9;10.636;50.855999999999995
10;1;17; widening;15;10.892;9.857;3.603;11.95;6.225;42.527
10;1;18; widening;6;6.815;4.981;3.693;8.313;4.58;28.381999999999998
10;2;1; densening;18;242.304;4.253;3.604;16.169;15.093;281.42300000000006
10;2;2; densening;15;6.169;2.747;6.559;3.725;9.207;28.407000000000004
10;2;3; densening;15;10.152;11.589;11.739;12.611;11.902;57.99300000000001
10;2;4; densening;18;15.418;9.906;9.284;5.48;4.33;44.41799999999999
10;2;5; densening;6;8.556;12.125;7.344;9.467;5.328;42.82
10;2;6; densening;12;8.824;4.289;6.032;6.781;4.261;30.186999999999998
10;2;7; densening;6;11.884;6.465;5.132;7.744;7.74;38.965
10;2;8; densening;18;17.602;12.662;9.072;7.0;3.982;50.318
10;2;9; densening;15;17.049;5.371;3.827;9.841;9.562;45.65
10;2;10; densening;21;11.518;17.003;9.712;8.915;3.885;51.033
10;2;11; densening;9;9.514;7.544;6.042;8.373;5.396;36.869
10;2;12; densening;21;10.416;12.85;4.747;12.521;10.608;51.141999999999996
10;2;13; densening;9;6.942;3.536;3.839;4.35;4.372;23.039
10;2;14; densening;12;9.205;3.563;4.622;8.081;6.773;32.244
10;2;15; densening;6;10.615;5.486;5.413;3.655;5.599;30.768
10;2;16; densening;9;7.825;6.03;6.227;5.525;3.871;29.477999999999998
10;2;17; densening;12;13.801;8.829;13.508;7.171;10.052;53.361000000000004
10;2;18; densening;21;8.692;7.178;4.579;17.627;13.048;51.124
10;3;1; direct;6;152.173;6.005;5.802;5.009;4.415;173.40399999999997
10;3;2; direct;9;12.914;5.438;7.087;8.496;7.762;41.697
10;3;3; direct;12;8.74;6.012;10.567;5.302;8.05;38.671
10;3;4; direct;15;14.984;9.148;13.363;6.743;12.713;56.951
10;3;5; direct;21;11.206;8.776;10.059;6.41;11.891;48.34199999999999
10;3;6; direct;15;14.193;8.146;11.731;6.197;7.325;47.592000000000006
10;3;7; direct;6;7.434;4.038;7.06;5.365;6.629;30.525999999999996
10;3;8; direct;12;7.039;6.157;5.325;13.636;7.273;39.42999999999999
10;3;9; direct;21;7.629;11.078;10.542;13.295;8.205;50.749
10;3;10; direct;15;7.325;9.295;8.978;8.753;7.425;41.775999999999996
10;3;11; direct;18;11.426;11.401;13.198;14.969;4.572;55.566
10;3;12; direct;21;17.106;5.632;7.619;6.936;8.981;46.274
10;3;13; direct;9;7.164;6.659;6.446;4.224;4.206;28.698999999999998
10;3;14; direct;12;8.57;10.568;6.119;6.645;8.727;40.629
10;3;15; direct;18;11.292;9.588;6.693;9.735;8.948;46.256
10;3;16; direct;18;8.972;5.781;14.042;12.198;4.782;45.775000000000006
10;3;17; direct;6;5.55;3.618;4.84;5.123;4.278;23.409
10;3;18; direct;9;6.573;2.958;3.536;13.482;7.908;34.457
11;1;1; direct;15;33.558;13.612;7.655;10.894;10.62;76.33900000000001
11;1;2; direct;21;11.455;13.032;8.828;8.369;8.215;49.899
11;1;3; direct;6;8.413;5.534;7.297;6.002;6.031;33.277
11;1;4; direct;6;8.338;6.621;5.813;5.81;6.982;33.564
11;1;5; direct;12;7.244;7.488;8.92;7.928;8.538;40.118
11;1;6; direct;12;7.177;6.027;7.444;8.23;8.48;37.358000000000004
11;1;7; direct;15;9.912;10.12;5.655;14.619;9.349;49.655
11;1;8; direct;6;8.264;5.406;10.511;5.679;6.219;36.079
11;1;9; direct;9;14.512;6.1;14.586;8.561;6.102;49.861000000000004
11;1;10; direct;18;9.998;7.441;9.651;7.957;8.717;43.763999999999996
11;1;11; direct;9;7.68;8.429;6.826;5.88;5.656;34.471000000000004
11;1;12; direct;12;10.776;7.361;7.26;7.754;6.102;39.253
11;1;13; direct;9;8.248;7.008;8.075;9.14;9.143;41.614000000000004
11;1;14; direct;15;8.58;7.901;7.943;10.734;7.765;42.923
11;1;15; direct;21;13.896;9.02;11.908;19.238;6.984;61.046
11;1;16; direct;18;10.826;7.634;8.44;10.454;6.257;43.611
11;1;17; direct;21;10.7;8.584;12.01;6.836;6.391;44.520999999999994
11;1;18; direct;18;16.736;7.696;6.197;12.888;7.26;50.777
11;2;1; densening;21;369.228;5.293;10.715;12.653;6.371;404.26
11;2;2; densening;12;11.357;5.431;11.037;8.59;8.082;44.49700000000001
11;2;3; densening;9;9.697;7.443;6.405;5.422;5.334;34.301
11;2;4; densening;12;9.945;5.116;8.015;7.468;9.138;39.682
11;2;5; densening;12;17.834;8.352;5.497;6.665;7.794;46.141999999999996
11;2;6; densening;18;10.079;7.182;6.939;6.819;8.48;39.499
11;2;7; densening;6;7.914;5.107;3.047;8.365;8.253;32.686
11;2;8; densening;18;13.233;9.29;11.676;6.464;7.393;48.056
11;2;9; densening;15;7.997;5.537;9.65;10.232;8.491;41.907
11;2;10; densening;6;9.851;6.631;5.512;6.643;4.524;33.161
11;2;11; densening;15;8.409;5.669;9.087;8.409;9.649;41.223
11;2;12; densening;21;10.872;9.371;11.327;9.561;5.163;46.294
11;2;13; densening;9;7.687;7.412;7.35;5.435;7.283;35.166999999999994
11;2;14; densening;21;8.512;7.737;8.555;6.411;11.158;42.373000000000005
11;2;15; densening;15;10.875;5.881;9.118;5.538;7.847;39.259
11;2;16; densening;9;7.883;6.756;6.492;5.795;9.157;36.083
11;2;17; densening;18;10.083;5.242;7.756;9.13;9.105;41.316
11;2;18; densening;6;9.88;6.278;4.976;6.066;5.842;33.042
11;3;1; widening;9;284.679;5.307;7.632;6.373;5.943;309.93399999999997
11;3;2; widening;21;9.335;11.121;7.209;9.996;7.108;44.769
11;3;3; widening;6;7.766;5.781;4.152;5.919;5.322;28.94
11;3;4; widening;6;8.259;6.109;4.691;5.298;5.242;29.599
11;3;5; widening;12;11.5;6.294;6.601;6.19;8.342;38.927
11;3;6; widening;21;8.468;7.214;6.803;8.006;9.37;39.861
11;3;7; widening;18;10.198;10.237;7.548;7.963;8.91;44.85600000000001
11;3;8; widening;18;9.471;9.464;6.375;9.895;6.737;41.942
11;3;9; widening;12;11.051;6.098;7.115;9.909;6.559;40.732
11;3;10; widening;9;7.22;7.348;8.009;6.055;4.598;33.23
11;3;11; widening;15;9.151;8.758;4.727;9.089;8.172;39.897000000000006
11;3;12; widening;18;10.628;8.75;7.52;14.824;4.966;46.688
11;3;13; widening;15;10.182;9.78;7.306;7.583;7.323;42.174
11;3;14; widening;6;8.511;5.058;5.099;5.818;5.395;29.880999999999997
11;3;15; widening;21;11.298;13.437;8.3;6.189;10.679;49.903
11;3;16; widening;12;10.291;9.843;6.628;5.353;8.733;40.848
11;3;17; widening;9;13.125;5.901;9.822;6.056;6.853;41.757
11;3;18; widening;15;10.707;6.549;7.385;5.892;8.722;39.254999999999995
12;1;1; widening;21;25.343;10.791;24.606;9.578;8.775;79.093
12;1;2; widening;12;14.772;8.72;15.751;7.062;8.109;54.414
12;1;3; widening;18;12.486;19.677;14.538;11.711;10.154;68.56599999999999
12;1;4; widening;12;18.762;6.034;6.241;7.96;5.37;44.367
12;1;5; widening;21;37.336;10.356;5.852;9.128;18.275;80.947
12;1;6; widening;9;10.593;7.795;8.083;7.401;4.881;38.753
12;1;7; widening;21;35.087;8.865;34.89;14.208;18.849;111.89900000000002
12;1;8; widening;9;17.063;6.275;6.07;5.942;6.125;41.475
12;1;9; widening;18;17.7;7.154;11.241;9.86;123.369;169.324
12;1;10; widening;12;20.536;8.77;7.174;9.783;6.868;53.13100000000001
12;1;11; widening;6;9.535;5.408;4.826;6.829;3.397;29.995
12;1;12; widening;6;36.67;3.689;5.964;4.596;6.344;57.263
12;1;13; widening;15;16.775;6.799;19.841;9.642;22.862;75.919
12;1;14; widening;9;20.864;5.728;18.41;11.296;10.78;67.07799999999999
12;1;15; widening;18;11.446;40.41;12.139;5.34;10.681;80.01599999999999
12;1;16; widening;15;98.502;8.196;6.386;9.446;7.462;129.992
12;1;17; widening;15;13.184;17.941;7.469;7.798;7.93;54.322
12;1;18; widening;6;17.453;5.976;3.611;3.515;5.067;35.622
12;2;1; densening;15;312.334;9.09;10.025;10.646;6.081;348.176
12;2;2; densening;18;20.011;31.044;15.262;6.909;4.857;78.08300000000001
12;2;3; densening;9;23.38;8.699;8.27;5.774;9.849;55.97200000000001
12;2;4; densening;21;21.233;6.268;7.446;10.362;17.176;62.485
12;2;5; densening;9;12.939;5.752;5.56;2.822;8.134;35.206999999999994
12;2;6; densening;6;10.475;5.9;5.01;4.19;14.862;40.437
12;2;7; densening;18;20.923;8.33;10.002;9.154;7.787;56.196000000000005
12;2;8; densening;12;9.356;9.836;76.522;15.14;7.709;118.563
12;2;9; densening;21;25.396;17.036;20.437;9.873;10.743;83.485
12;2;10; densening;12;112.971;9.127;17.063;10.372;4.51;154.043
12;2;11; densening;6;7.284;5.697;8.4;5.504;11.187;38.071999999999996
12;2;12; densening;12;22.123;10.504;6.882;6.052;11.667;57.228
12;2;13; densening;15;12.369;7.96;11.176;6.996;12.186;50.687000000000005
12;2;14; densening;21;12.913;7.78;19.878;9.802;10.728;61.101
12;2;15; densening;15;8.599;8.375;9.672;6.988;11.295;44.929
12;2;16; densening;6;9.333;8.358;6.038;4.31;7.394;35.433
12;2;17; densening;9;10.743;7.138;8.582;5.097;9.573;41.133
12;2;18; densening;18;17.132;10.461;6.961;4.277;9.892;48.723
12;3;1; direct;6;312.768;3.953;2.441;4.819;5.044;329.0249999999999
12;3;2; direct;12;8.717;9.14;9.444;9.474;5.376;42.151
12;3;3; direct;12;18.075;6.229;24.771;9.565;5.033;63.673
12;3;4; direct;6;29.198;5.797;7.258;12.939;3.437;58.629
12;3;5; direct;18;16.47;2.262;9.158;12.318;11.78;51.988
12;3;6; direct;15;8.584;9.814;9.43;7.552;7.439;42.818999999999996
12;3;7; direct;21;8.257;9.882;8.7;9.526;8.486;44.851
12;3;8; direct;15;23.618;4.841;59.67;11.084;13.805;113.018
12;3;9; direct;9;20.59;5.969;7.112;5.493;5.677;44.841
12;3;10; direct;15;8.951;9.34;14.911;14.455;11.032;58.68899999999999
12;3;11; direct;21;12.838;6.156;29.52;8.028;27.461;84.00299999999999
12;3;12; direct;18;11.418;10.023;18.709;8.217;6.295;54.662
12;3;13; direct;12;12.693;6.267;6.864;9.184;7.473;42.481
12;3;14; direct;6;6.772;7.865;5.427;4.068;5.953;30.084999999999997
12;3;15; direct;21;15.181;5.513;4.97;8.39;8.835;42.889
12;3;16; direct;9;15.04;6.426;7.111;6.028;7.702;42.307
12;3;17; direct;18;10.121;6.986;13.096;18.031;8.626;56.85999999999999
12;3;18; direct;9;11.507;5.595;6.688;6.788;8.047;38.625
13;1;1; densening;21;47.461;8.353;7.038;13.202;9.002;85.056
13;1;2; densening;9;7.808;8.083;6.109;4.342;9.838;36.18
13;1;3; densening;6;7.109;5.986;4.744;5.599;4.971;28.409
13;1;4; densening;6;8.132;5.639;22.21;5.876;5.202;47.059
13;1;5; densening;12;13.393;5.039;14.521;7.43;7.41;47.793000000000006
13;1;6; densening;18;15.241;8.046;8.028;9.39;7.462;48.167
13;1;7; densening;18;13.721;8.203;10.129;9.252;9.033;50.338
13;1;8; densening;15;13.055;9.82;6.806;7.75;9.252;46.683
13;1;9; densening;15;12.431;7.638;9.247;7.727;8.622;45.665
13;1;10; densening;12;13.869;5.789;11.195;10.293;4.388;45.534
13;1;11; densening;9;6.594;5.376;8.057;7.036;7.207;34.27
13;1;12; densening;18;28.164;6.56;7.61;10.645;11.807;64.786
13;1;13; densening;6;8.481;5.141;5.24;4.058;7.086;30.006
13;1;14; densening;21;14.904;10.981;9.625;7.97;11.595;55.074999999999996
13;1;15; densening;21;9.817;7.62;5.26;10.59;10.815;44.102000000000004
13;1;16; densening;12;11.829;7.648;4.54;5.346;7.971;37.334
13;1;17; densening;9;6.263;7.162;6.875;5.061;6.913;32.274
13;1;18; densening;15;11.704;8.709;5.976;6.123;10.887;43.399
13;2;1; widening;12;176.316;5.271;7.177;5.35;5.395;199.509
13;2;2; widening;9;7.944;6.164;6.171;7.776;9.622;37.677
13;2;3; widening;6;8.938;5.551;4.564;5.86;6.863;31.776
13;2;4; widening;15;17.481;25.003;9.501;7.235;7.376;66.596
13;2;5; widening;18;8.834;5.943;21.399;9.517;7.038;52.730999999999995
13;2;6; widening;21;10.72;11.778;14.098;8.467;8.474;53.537000000000006
13;2;7; widening;12;7.762;5.316;7.166;7.94;22.959;51.143
13;2;8; widening;6;11.276;4.527;2.981;5.102;6.674;30.56
13;2;9; widening;21;16.052;6.991;23.313;13.862;6.439;66.657
13;2;10; widening;15;7.373;10.287;6.95;6.288;6.772;37.67
13;2;11; widening;9;10.245;6.926;3.293;8.437;24.53;53.431
13;2;12; widening;15;19.105;14.593;18.584;15.475;7.271;75.02799999999999
13;2;13; widening;9;12.156;5.173;9.973;6.508;3.477;37.287
13;2;14; widening;12;10.016;3.914;5.557;10.164;3.643;33.294000000000004
13;2;15; widening;6;10.327;5.869;5.543;4.149;4.071;29.958999999999996
13;2;16; widening;18;12.895;6.723;6.697;5.335;8.715;40.364999999999995
13;2;17; widening;21;61.068;8.276;8.766;16.943;6.007;101.06
13;2;18; widening;18;13.689;9.099;7.941;9.491;13.604;53.824
13;3;1; direct;21;99.169;8.469;9.583;16.08;12.272;145.57299999999998
13;3;2; direct;21;6.565;14.974;12.06;9.831;12.259;55.68900000000001
13;3;3; direct;15;10.483;7.069;7.34;15.145;7.489;47.525999999999996
13;3;4; direct;15;13.089;7.647;8.322;15.431;12.617;57.105999999999995
13;3;5; direct;12;9.678;6.649;7.374;8.078;5.273;37.052
13;3;6; direct;15;20.633;7.409;8.66;13.193;5.548;55.443
13;3;7; direct;6;8.005;4.066;6.132;7.504;6.953;32.660000000000004
13;3;8; direct;18;9.595;7.53;9.997;6.597;9.802;43.521
13;3;9; direct;12;8.675;9.8;6.57;6.904;5.875;37.824
13;3;10; direct;6;10.327;7.131;4.888;4.23;5.373;31.948999999999998
13;3;11; direct;9;8.2;7.968;6.321;6.786;5.465;34.739999999999995
13;3;12; direct;12;15.986;7.062;7.191;14.034;5.726;49.999
13;3;13; direct;18;10.656;8.859;7.035;8.36;24.536;59.446
13;3;14; direct;21;23.949;4.225;9.89;11.009;8.091;57.164
13;3;15; direct;9;9.978;9.563;6.278;10.323;8.73;44.872
13;3;16; direct;6;8.462;7.678;5.121;6.591;7.07;34.922000000000004
13;3;17; direct;9;9.904;8.53;5.671;7.834;6.38;38.318999999999996
13;3;18; direct;18;8.787;7.949;12.492;11.648;10.211;51.087
14;1;1; widening;21;34.08;12.55;24.528;11.599;11.351;94.10799999999999
14;1;2; widening;6;12.687;3.706;6.029;11.279;9.439;43.14
14;1;3; widening;15;20.643;12.746;10.391;6.435;8.58;58.795
14;1;4; widening;15;29.088;14.782;8.871;8.867;10.257;71.86500000000001
14;1;5; widening;6;9.875;7.362;4.853;5.291;6.225;33.606
14;1;6; widening;9;18.911;10.031;6.369;7.254;7.033;49.598
14;1;7; widening;21;13.399;6.49;9.315;8.266;7.623;45.092999999999996
14;1;8; widening;12;15.054;7.567;5.948;7.583;7.668;43.82
14;1;9; widening;15;10.7;6.958;10.428;32.493;8.909;69.48800000000001
14;1;10; widening;18;13.394;8.641;10.855;6.808;10.477;50.175
14;1;11; widening;18;15.123;15.39;7.204;11.978;7.702;57.397
14;1;12; widening;12;10.788;7.834;6.357;9.719;8.463;43.161
14;1;13; widening;6;10.656;6.299;4.359;6.69;8.758;36.762
14;1;14; widening;18;14.509;9.001;22.237;7.48;9.29;62.517
14;1;15; widening;21;9.02;10.224;9.919;7.915;10.039;47.117000000000004
14;1;16; widening;12;10.891;6.017;8.157;16.256;6.588;47.909
14;1;17; widening;9;8.392;5.73;8.897;16.537;9.944;49.5
14;1;18; widening;9;24.67;7.951;6.223;6.305;5.561;50.71
14;2;1; densening;9;377.584;6.705;7.973;10.611;9.649;412.522
14;2;2; densening;12;42.156;11.354;7.722;6.26;14.462;81.95400000000001
14;2;3; densening;6;11.782;3.803;7.904;4.223;9.327;37.039
14;2;4; densening;18;10.882;5.955;7.286;12.486;15.773;52.38199999999999
14;2;5; densening;21;15.599;10.467;8.351;6.213;13.729;54.359
14;2;6; densening;18;8.725;12.322;11.982;12.446;8.937;54.41199999999999
14;2;7; densening;6;13.758;5.874;4.022;7.008;4.119;34.78099999999999
14;2;8; densening;9;12.008;10.73;5.596;8.671;5.825;42.83
14;2;9; densening;21;45.293;12.962;12.677;13.938;15.301;100.17099999999999
14;2;10; densening;9;9.939;14.498;8.678;11.6;5.628;50.342999999999996
14;2;11; densening;15;10.485;9.491;8.584;11.102;10.235;49.897
14;2;12; densening;6;7.997;7.847;12.841;8.414;4.54;41.639
14;2;13; densening;12;14.411;16.367;8.954;5.94;10.167;55.839
14;2;14; densening;15;12.817;4.685;16.135;9.006;6.921;49.564
14;2;15; densening;12;12.962;8.766;11.399;5.377;8.006;46.510000000000005
14;2;16; densening;18;23.921;6.45;9.436;9.139;12.519;61.464999999999996
14;2;17; densening;21;18.195;12.665;6.518;14.211;10.185;61.774
14;2;18; densening;15;15.669;10.902;9.722;9.38;6.128;51.801
14;3;1; direct;6;128.716;5.996;6.708;3.674;5.97;151.06400000000002
14;3;2; direct;15;11.306;5.876;13.531;7.304;12.508;50.525000000000006
14;3;3; direct;6;11.332;3.505;5.817;5.348;3.518;29.52
14;3;4; direct;9;13.36;5.985;7.037;7.685;12.852;46.919
14;3;5; direct;21;11.266;10.567;6.911;17.73;14.083;60.557
14;3;6; direct;15;13.941;7.123;6.87;11.557;10.239;49.730000000000004
14;3;7; direct;15;31.544;5.375;8.953;16.308;20.222;82.402
14;3;8; direct;21;10.402;27.915;76.09;5.977;11.311;131.69500000000002
14;3;9; direct;9;8.995;21.554;8.372;9.105;4.931;52.956999999999994
14;3;10; direct;21;14.143;6.383;25.292;6.282;10.105;62.205
14;3;11; direct;9;9.012;7.005;5.083;6.315;9.365;36.78
14;3;12; direct;12;11.42;6.414;8.455;12.396;8.116;46.801
14;3;13; direct;18;9.05;12.436;12.848;7.095;6.681;48.11
14;3;14; direct;6;6.994;5.814;5.577;7.835;8.569;34.789
14;3;15; direct;12;9.404;9.924;6.593;7.843;8.036;41.8
14;3;16; direct;12;10.075;6.281;11.914;7.278;10.065;45.61299999999999
14;3;17; direct;18;16.31;6.013;10.482;10.079;10.744;53.628
14;3;18; direct;18;8.164;8.745;6.822;11.401;8.78;43.912
15;1;1; widening;12;25.992;19.807;7.377;9.631;4.392;67.199
15;1;2; widening;6;9.761;5.08;2.798;4.871;6.805;29.314999999999998
15;1;3; widening;18;7.111;15.196;5.895;15.038;18.347;61.586999999999996
15;1;4; widening;6;12.934;6.518;9.585;3.448;6.156;38.641
15;1;5; widening;12;16.222;6.754;5.869;7.507;8.182;44.534
15;1;6; widening;15;15.665;52.277;8.032;4.474;5.329;85.777
15;1;7; widening;15;11.439;8.821;9.784;5.826;20.674;56.544
15;1;8; widening;18;13.715;16.397;9.443;41.21;6.585;87.35
15;1;9; widening;6;8.452;5.215;6.797;7.126;8.273;35.863
15;1;10; widening;18;7.523;9.953;9.666;6.142;6.959;40.242999999999995
15;1;11; widening;9;9.255;6.636;9.359;11.843;12.28;49.373000000000005
15;1;12; widening;15;20.966;17.6;8.326;8.358;12.314;67.564
15;1;13; widening;9;10.071;5.653;5.321;4.172;4.095;29.312
15;1;14; widening;12;10.291;14.937;8.817;9.707;28.261;72.013
15;1;15; widening;21;15.194;25.841;14.685;6.313;25.751;87.784
15;1;16; widening;21;11.331;9.175;55.845;14.252;27.214;117.817
15;1;17; widening;21;58.337;8.763;6.256;5.873;7.478;86.70700000000001
15;1;18; widening;9;12.061;7.444;9.681;4.967;4.073;38.226
15;2;1; direct;15;228.001;8.283;5.804;11.384;6.594;260.066
15;2;2; direct;12;8.632;2.377;13.954;15.83;9.606;50.399
15;2;3; direct;15;15.335;3.963;14.14;8.642;36.746;78.826
15;2;4; direct;21;10.112;12.716;8.972;8.347;6.955;47.102
15;2;5; direct;9;10.478;9.489;6.368;4.644;11.831;42.81
15;2;6; direct;15;10.52;13.524;12.607;10.395;10.152;57.19799999999999
15;2;7; direct;12;21.834;13.937;9.072;20.683;19.352;84.87800000000001
15;2;8; direct;9;10.363;6.462;8.341;7.738;3.107;36.010999999999996
15;2;9; direct;18;9.912;11.416;13.844;6.868;7.378;49.418000000000006
15;2;10; direct;18;9.312;10.693;5.713;15.314;33.692;74.72399999999999
15;2;11; direct;6;9.244;13.38;4.697;7.444;5.323;40.088
15;2;12; direct;6;7.804;9.784;6.921;4.013;3.294;31.816
15;2;13; direct;6;9.477;8.94;5.404;4.799;5.555;34.175
15;2;14; direct;21;19.592;7.767;7.738;18.88;10.298;64.275
15;2;15; direct;12;10.028;8.238;3.539;5.412;5.882;33.099
15;2;16; direct;9;10.871;9.848;4.009;7.635;8.129;40.492
15;2;17; direct;21;27.986;53.276;11.753;10.486;11.481;114.982
15;2;18; direct;18;14.778;19.711;7.267;11.555;9.021;62.332
15;3;1; densening;9;138.693;10.486;9.398;7.383;6.487;172.447
15;3;2; densening;21;11.649;7.017;8.859;7.008;11.204;45.737
15;3;3; densening;12;9.509;2.327;18.684;8.065;6.554;45.139
15;3;4; densening;6;6.905;7.424;2.875;5.519;7.291;30.014
15;3;5; densening;21;10.218;8.04;9.105;5.261;26.182;58.806
15;3;6; densening;6;8.377;4.859;6.919;5.624;10.263;36.042
15;3;7; densening;21;12.97;6.388;14.033;5.169;3.367;41.92699999999999
15;3;8; densening;12;10.216;4.156;8.474;5.491;10.917;39.254
15;3;9; densening;18;7.041;9.302;8.665;10.935;9.591;45.534
15;3;10; densening;9;7.973;8.209;5.283;8.277;4.123;33.864999999999995
15;3;11; densening;15;9.922;7.416;17.399;15.788;15.335;65.86000000000001
15;3;12; densening;18;11.827;6.425;12.486;19.975;18.773;69.486
15;3;13; densening;15;15.446;12.171;6.322;6.608;6.597;47.144
15;3;14; densening;6;8.62;4.9;1.773;7.346;5.958;28.597
15;3;15; densening;9;9.376;7.265;7.699;9.918;5.231;39.489
15;3;16; densening;18;12.693;13.049;15.659;7.432;5.229;54.062
15;3;17; densening;12;13.191;7.711;7.779;7.234;6.258;42.173
15;3;18; densening;15;9.311;8.139;6.79;11.041;6.286;41.567
16;1;1; widening;21;62.988;5.382;14.789;8.778;7.077;99.01400000000001
16;1;2; widening;6;8.908;4.98;6.528;6.046;4.604;31.066
16;1;3; widening;9;11.142;9.26;6.19;7.741;7.349;41.682
16;1;4; widening;15;7.92;6.06;9.285;20.477;6.93;50.672000000000004
16;1;5; widening;9;9.286;5.859;6.169;8.405;13.949;43.668
16;1;6; widening;6;10.46;44.572;6.535;3.582;3.727;68.876
16;1;7; widening;21;11.94;5.464;7.678;5.846;5.66;36.588
16;1;8; widening;9;17.347;9.907;6.762;8.051;14.033;56.1
16;1;9; widening;18;7.857;6.61;6.751;5.855;6.447;33.52
16;1;10; widening;18;9.904;5.689;6.267;7.351;9.431;38.641999999999996
16;1;11; widening;15;16.986;7.859;6.945;6.951;12.003;50.744
16;1;12; widening;18;11.784;5.928;4.442;5.585;7.066;34.805
16;1;13; widening;15;17.806;4.722;7.878;6.143;6.641;43.19
16;1;14; widening;12;11.809;6.851;6.299;6.324;5.733;37.016
16;1;15; widening;6;11.165;5.399;4.867;5.979;9.669;37.079
16;1;16; widening;12;10.01;5.95;5.947;6.831;6.477;35.215
16;1;17; widening;12;14.062;7.385;8.163;6.13;7.218;42.958
16;1;18; widening;21;13.694;6.859;9.424;30.839;6.908;67.724
16;2;1; densening;12;483.374;6.196;9.537;7.832;6.927;513.866
16;2;2; densening;18;11.577;7.67;6.409;10.909;6.048;42.613
16;2;3; densening;9;9.669;5.43;7.383;5.59;5.158;33.23
16;2;4; densening;6;10.303;5.599;6.817;5.222;9.944;37.885000000000005
16;2;5; densening;6;9.636;4.281;4.873;5.734;6.088;30.612000000000002
16;2;6; densening;15;14.614;7.757;7.92;4.092;7.51;41.893
16;2;7; densening;21;12.661;5.53;5.775;6.42;9.008;39.394000000000005
16;2;8; densening;15;15.702;8.125;6.599;5.621;12.463;48.51
16;2;9; densening;18;11.919;5.847;8.7;6.648;6.831;39.94500000000001
16;2;10; densening;21;12.033;4.843;5.384;9.988;10.098;42.346
16;2;11; densening;9;36.467;5.438;5.243;7.872;5.894;60.914
16;2;12; densening;18;9.364;6.795;6.324;9.001;5.415;36.898999999999994
16;2;13; densening;6;9.314;5.66;5.977;8.147;5.357;34.455
16;2;14; densening;9;13.974;5.15;6.24;6.594;3.518;35.476000000000006
16;2;15; densening;12;7.838;6.147;9.413;7.275;4.585;35.258
16;2;16; densening;12;9.42;7.385;5.137;6.676;5.875;34.493
16;2;17; densening;21;14.332;10.803;5.526;8.34;8.106;47.107000000000006
16;2;18; densening;15;10.189;9.475;4.862;8.485;5.534;38.545
16;3;1; direct;18;182.398;10.555;8.018;10.339;6.993;218.303
16;3;2; direct;12;9.182;5.636;6.368;7.163;6.674;35.023
16;3;3; direct;15;9.932;8.355;5.638;7.538;6.535;37.998
16;3;4; direct;9;10.143;5.155;5.144;5.898;7.007;33.347
16;3;5; direct;12;8.746;6.216;7.284;5.56;6.64;34.446
16;3;6; direct;6;7.092;9.939;5.45;5.239;4.916;32.635999999999996
16;3;7; direct;9;7.067;5.869;6.068;6.004;6.333;31.340999999999994
16;3;8; direct;12;9.088;6.871;12.741;5.564;8.232;42.495999999999995
16;3;9; direct;9;9.442;5.86;6.381;5.698;6.634;34.015
16;3;10; direct;15;9.976;5.779;10.478;20.127;7.353;53.713
16;3;11; direct;18;6.117;8.328;5.421;7.224;5.862;32.952
16;3;12; direct;18;12.6;7.089;5.334;7.387;6.727;39.137
16;3;13; direct;6;8.377;5.23;5.531;5.221;5.993;30.352000000000004
16;3;14; direct;21;8.777;5.775;7.842;6.757;9.744;38.894999999999996
16;3;15; direct;21;12.451;6.115;4.739;8.746;8.319;40.370000000000005
16;3;16; direct;15;12.366;6.152;8.161;7.915;7.724;42.318
16;3;17; direct;21;8.502;7.781;8.564;8.281;7.778;40.906
16;3;18; direct;6;9.058;3.917;4.8;3.491;5.833;27.098999999999997
17;1;1; direct;12;8.821;9.848;9.052;10.33;8.053;46.104
17;1;2; direct;12;9.829;7.593;12.352;8.243;11.263;49.28
17;1;3; direct;6;7.162;8.015;5.957;5.616;5.395;32.144999999999996
17;1;4; direct;15;9.681;8.144;5.939;6.27;6.228;36.262
17;1;5; direct;12;8.032;7.274;5.479;7.851;6.57;35.206
17;1;6; direct;18;10.277;6.407;7.86;8.475;11.177;44.196
17;1;7; direct;6;8.605;5.706;4.447;6.451;4.4;29.609
17;1;8; direct;21;10.04;7.008;7.456;6.805;7.6;38.909
17;1;9; direct;18;13.092;6.697;7.106;6.89;15.214;48.999
17;1;10; direct;9;7.641;7.142;5.421;8.675;5.341;34.22
17;1;11; direct;9;11.455;3.85;5.81;5.978;6.566;33.659
17;1;12; direct;18;10.76;7.918;6.611;10.719;6.9;42.908
17;1;13; direct;9;9.587;7.207;6.923;6.821;4.758;35.296
17;1;14; direct;21;11.183;9.874;10.178;7.084;8.231;46.550000000000004
17;1;15; direct;15;7.975;6.084;8.208;7.891;7.315;37.473
17;1;16; direct;21;8.592;8.147;11.748;7.316;8.276;44.07900000000001
17;1;17; direct;15;10.865;8.641;6.315;5.741;9.006;40.568
17;1;18; direct;6;8.637;7.785;7.774;4.062;6.199;34.457
17;2;1; widening;21;22.075;8.749;13.162;6.894;9.534;60.413999999999994
17;2;2; widening;12;8.501;5.65;6.496;8.911;4.307;33.865
17;2;3; widening;21;10.917;7.93;7.129;6.75;8.214;40.94
17;2;4; widening;18;17.554;9.08;7.048;365.353;8.201;407.23600000000005
17;2;5; widening;6;5.119;3.455;3.029;3.291;3.948;18.842
17;2;6; widening;12;10.221;7.395;5.474;9.745;6.27;39.105000000000004
17;2;7; widening;9;9.921;5.929;6.321;7.215;7.686;37.072
17;2;8; widening;18;11.84;6.005;6.781;7.805;8.89;41.321
17;2;9; widening;15;11.917;5.635;5.491;14.209;6.221;43.473
17;2;10; widening;6;10.823;8.276;6.742;4.755;3.688;34.284
17;2;11; widening;6;10.025;6.685;5.353;4.166;4.373;30.602000000000004
17;2;12; widening;15;6.894;8.546;8.068;6.077;5.979;35.564
17;2;13; widening;9;9.885;6.336;7.411;5.974;6.151;35.757
17;2;14; widening;21;13.785;9.604;11.328;6.993;5.3;47.01
17;2;15; widening;18;10.504;6.844;9.145;7.054;6.732;40.278999999999996
17;2;16; widening;15;7.353;11.748;6.105;7.93;13.471;46.607
17;2;17; widening;12;9.114;5.036;8.296;15.791;5.596;43.833
17;2;18; widening;9;8.436;9.962;6.954;10.639;7.221;43.212
17;3;1; densening;12;10.109;5.876;7.399;9.264;6.776;39.42399999999999
17;3;2; densening;6;8.29;8.021;290.556;4.105;8.525;319.49699999999996
17;3;3; densening;21;18.29;8.97;21.398;11.834;4.47;64.962
17;3;4; densening;9;6.914;7.1;8.975;6.399;4.814;34.202
17;3;5; densening;9;9.04;5.775;5.302;6.599;9.12;35.836
17;3;6; densening;18;23.856;5.894;17.783;8.844;8.463;64.84
17;3;7; densening;15;12.457;4.96;8.167;7.596;8.7;41.88000000000001
17;3;8; densening;18;10.794;11.749;10.747;8.401;5.542;47.233000000000004
17;3;9; densening;15;9.279;11.681;7.426;8.115;7.659;44.160000000000004
17;3;10; densening;21;10.817;7.8;6.803;9.453;13.174;48.047000000000004
17;3;11; densening;6;9.229;5.105;4.084;8.222;17.601;44.241
17;3;12; densening;21;9.297;6.723;7.718;6.201;9.111;39.05
17;3;13; densening;9;8.898;5.699;4.453;8.024;8.815;35.888999999999996
17;3;14; densening;6;8.856;4.299;4.437;5.106;5.422;28.12
17;3;15; densening;12;7.344;26.141;35.161;10.915;5.428;84.989
17;3;16; densening;18;35.638;5.776;9.238;7.84;28.098;86.59
17;3;17; densening;15;22.331;5.088;8.574;7.345;5.839;49.177
17;3;18; densening;12;14.398;7.457;9.504;25.104;7.122;63.585
18;1;1; densening;6;9.768;8.35;5.533;11.419;4.82;39.89000000000001
18;1;2; densening;9;16.054;7.7;13.622;6.893;9.487;53.756
18;1;3; densening;18;24.723;7.385;13.512;9.675;9.903;65.19800000000001
18;1;4; densening;12;20.064;8.759;4.731;13.918;9.35;56.822
18;1;5; densening;15;11.137;13.446;9.031;5.295;12.097;51.006
18;1;6; densening;6;13.808;5.936;4.386;4.067;4.341;32.538
18;1;7; densening;21;8.958;16.765;10.502;9.828;13.427;59.48
18;1;8; densening;18;8.895;10.624;12.808;13.55;19.821;65.698
18;1;9; densening;15;15.271;12.968;6.411;11.772;7.507;53.928999999999995
18;1;10; densening;9;16.098;5.094;9.42;5.004;7.483;43.099
18;1;11; densening;6;17.85;6.934;5.898;6.355;7.175;44.212
18;1;12; densening;12;12.276;10.604;7.111;8.583;12.068;50.641999999999996
18;1;13; densening;18;17.504;10.575;7.513;12.033;12.339;59.964
18;1;14; densening;9;13.985;7.262;11.357;7.011;5.297;44.912
18;1;15; densening;12;13.453;10.22;5.18;12.271;7.685;48.809000000000005
18;1;16; densening;21;7.084;15.257;9.007;11.416;7.884;50.647999999999996
18;1;17; densening;21;17.16;11.912;11.236;8.661;3.943;52.912000000000006
18;1;18; densening;15;9.652;8.696;8.931;11.937;18.933;58.148999999999994
18;2;1; direct;9;10.889;6.022;8.652;6.926;5.881;38.370000000000005
18;2;2; direct;9;259.882;6.071;7.075;8.946;8.266;290.24000000000007
18;2;3; direct;18;14.403;7.672;6.265;10.997;6.98;46.31700000000001
18;2;4; direct;18;18.182;4.748;7.398;6.12;11.737;48.185
18;2;5; direct;6;7.106;5.583;5.632;6.734;7.004;32.059
18;2;6; direct;21;15.998;6.414;12.271;9.953;6.444;51.08
18;2;7; direct;6;10.946;8.322;6.237;4.655;5.925;36.085
18;2;8; direct;12;12.398;5.533;4.684;8.482;7.034;38.131
18;2;9; direct;6;9.881;3.938;7.217;7.258;5.615;33.909
18;2;10; direct;21;11.526;10.422;19.346;11.945;7.695;60.934
18;2;11; direct;15;18.164;7.995;12.905;27.243;15.303;81.61
18;2;12; direct;9;24.424;15.755;4.384;7.003;6.627;58.193000000000005
18;2;13; direct;15;23.858;8.592;7.63;40.165;13.14;93.385
18;2;14; direct;12;14.945;8.133;9.722;8.528;5.88;47.208
18;2;15; direct;12;10.291;14.768;9.661;11.833;7.294;53.846999999999994
18;2;16; direct;21;12.763;9.609;10.299;6.001;15.627;54.299
18;2;17; direct;18;14.127;8.669;13.276;5.638;9.919;51.629000000000005
18;2;18; direct;15;8.129;23.065;12.989;9.48;9.182;62.84500000000001
18;3;1; widening;9;140.018;7.161;5.036;9.183;6.285;167.683
18;3;2; widening;12;11.458;8.167;7.269;8.667;13.47;49.031
18;3;3; widening;18;21.439;8.37;16.614;16.269;9.568;72.26
18;3;4; widening;15;17.28;14.187;6.831;8.141;7.014;53.453
18;3;5; widening;6;9.008;6.861;4.551;6.53;5.221;32.17100000000001
18;3;6; widening;9;6.99;8.55;8.404;5.374;7.322;36.64
18;3;7; widening;21;10.273;17.344;11.453;8.028;10.109;57.207
18;3;8; widening;6;16.967;18.537;7.386;5.722;6.099;54.711
18;3;9; widening;6;17.182;6.182;4.699;5.826;6.288;40.17699999999999
18;3;10; widening;12;10.613;9.106;7.555;7.915;6.933;42.122
18;3;11; widening;12;7.186;11.916;6.618;5.601;6.815;38.135999999999996
18;3;12; widening;15;15.232;7.579;7.609;6.837;8.659;45.916000000000004
18;3;13; widening;18;10.216;6.656;7.472;9.564;9.26;43.168
18;3;14; widening;15;7.528;13.02;10.286;5.638;6.966;43.437999999999995
18;3;15; widening;21;11.432;8.457;9.232;6.077;40.808;76.006
18;3;16; widening;21;10.425;6.252;7.57;8.19;8.374;40.811
18;3;17; widening;18;13.543;13.962;8.483;10.631;10.368;56.987
18;3;18; widening;9;9.757;5.184;8.424;5.04;5.852;34.257
19;1;1; widening;6;11.971;7.338;6.631;4.975;2.388;33.303
19;1;2; widening;6;10.856;6.221;8.541;5.047;4.235;34.9
19;1;3; widening;18;11.208;6.19;8.653;10.327;9.505;45.883
19;1;4; widening;9;11.39;7.188;6.755;5.807;6.231;37.371
19;1;5; widening;21;11.346;5.626;6.42;17.107;7.214;47.713
19;1;6; widening;9;9.022;6.524;9.455;7.551;5.8;38.352
19;1;7; widening;18;11.502;6.354;7.963;8.436;11.743;45.998000000000005
19;1;8; widening;15;10.174;5.929;7.404;6.972;7.0;37.479
19;1;9; widening;21;11.063;9.945;7.986;39.537;6.146;74.677
19;1;10; widening;12;11.435;6.932;9.034;5.745;6.548;39.694
19;1;11; widening;21;10.156;8.367;9.429;12.988;14.712;55.652
19;1;12; widening;12;9.732;7.93;9.136;7.177;5.907;39.88199999999999
19;1;13; widening;6;8.411;5.319;8.854;5.061;5.739;33.384
19;1;14; widening;18;11.215;6.909;18.252;9.209;48.935;94.52
19;1;15; widening;12;9.929;7.177;7.81;13.66;5.79;44.366
19;1;16; widening;9;10.679;8.13;5.713;7.582;6.147;38.251
19;1;17; widening;15;21.189;6.693;9.724;7.82;6.056;51.48199999999999
19;1;18; widening;15;13.178;6.446;5.287;8.646;6.774;40.331
19;2;1; direct;9;150.94;8.926;5.119;6.434;5.696;177.11499999999998
19;2;2; direct;12;12.308;7.629;4.681;6.938;8.917;40.473
19;2;3; direct;6;8.195;6.371;4.75;5.153;7.163;31.632
19;2;4; direct;6;10.126;5.885;6.148;6.606;5.219;33.984
19;2;5; direct;9;10.234;7.567;5.836;8.005;5.334;36.976
19;2;6; direct;21;10.319;8.32;9.666;16.401;7.78;52.486000000000004
19;2;7; direct;15;13.33;5.646;8.311;7.538;7.095;41.92
19;2;8; direct;18;12.969;8.11;9.049;6.635;11.493;48.256
19;2;9; direct;15;12.229;7.659;8.058;11.433;9.181;48.559999999999995
19;2;10; direct;12;12.364;7.493;7.815;11.031;5.885;44.588
19;2;11; direct;9;8.25;6.021;5.493;7.996;7.099;34.85900000000001
19;2;12; direct;21;11.157;7.735;7.181;17.441;6.791;50.30499999999999
19;2;13; direct;12;9.442;7.154;6.38;7.224;5.893;36.092999999999996
19;2;14; direct;21;11.241;6.772;11.874;5.154;6.936;41.977
19;2;15; direct;6;8.08;5.598;4.322;5.337;6.593;29.93
19;2;16; direct;15;9.65;6.779;7.002;6.517;4.745;34.693
19;2;17; direct;18;16.83;6.865;5.336;7.263;14.851;51.144999999999996
19;2;18; direct;18;11.365;7.792;7.681;6.9;6.938;40.676
19;3;1; densening;21;103.779;9.478;5.161;8.159;7.026;133.603
19;3;2; densening;9;8.88;4.993;8.712;7.472;6.506;36.563
19;3;3; densening;18;32.579;7.682;7.783;10.346;7.004;65.394
19;3;4; densening;6;7.553;5.611;5.617;7.153;6.417;32.351
19;3;5; densening;15;10.058;5.999;5.199;12.363;7.23;40.849000000000004
19;3;6; densening;6;6.427;6.108;6.613;5.43;4.106;28.683999999999997
19;3;7; densening;6;8.201;6.375;5.165;4.83;4.544;29.115
19;3;8; densening;18;13.598;14.696;9.775;5.535;9.536;53.14
19;3;9; densening;15;11.008;11.429;10.39;8.203;7.291;48.321
19;3;10; densening;21;12.098;9.355;5.796;5.55;7.653;40.452
19;3;11; densening;21;11.178;6.093;11.019;7.414;14.104;49.808
19;3;12; densening;12;10.473;5.638;8.7;7.24;7.374;39.425000000000004
19;3;13; densening;9;6.652;9.599;5.272;8.292;5.416;35.23100000000001
19;3;14; densening;9;8.415;6.315;6.341;6.985;7.703;35.759
19;3;15; densening;18;16.795;5.522;8.228;9.172;14.851;54.568
19;3;16; densening;12;11.038;8.64;4.36;7.161;5.593;36.792
19;3;17; densening;12;9.243;3.47;8.326;5.025;6.866;32.93
19;3;18; densening;15;10.836;5.297;6.285;7.77;10.12;40.308
20;1;1; densening;12;11.35;14.84;9.795;5.72;5.517;47.222
20;1;2; densening;18;19.187;6.628;6.606;9.57;5.621;47.612
20;1;3; densening;9;9.117;8.419;7.17;5.442;7.527;37.675000000000004
20;1;4; densening;6;15.767;6.43;5.011;4.568;7.552;39.327999999999996
20;1;5; densening;18;12.791;8.336;9.021;9.294;6.838;46.28000000000001
20;1;6; densening;15;12.381;12.16;5.683;6.855;8.358;45.437
20;1;7; densening;6;10.978;6.667;10.959;9.718;7.857;46.179
20;1;8; densening;12;9.857;9.509;5.272;10.352;9.929;44.919
20;1;9; densening;21;10.246;10.84;11.59;10.378;12.348;55.402
20;1;10; densening;18;11.013;8.322;6.125;5.744;13.186;44.39
20;1;11; densening;21;14.912;6.284;8.389;11.156;6.919;47.66
20;1;12; densening;15;8.804;10.785;10.013;8.862;7.455;45.919
20;1;13; densening;9;10.453;5.507;7.988;9.941;5.981;39.870000000000005
20;1;14; densening;21;12.575;5.534;10.46;7.64;6.708;42.916999999999994
20;1;15; densening;6;6.526;5.683;4.416;8.05;6.317;30.992
20;1;16; densening;9;8.803;6.34;3.344;5.953;6.846;31.286
20;1;17; densening;15;10.91;5.214;8.77;5.044;5.952;35.89
20;1;18; densening;12;16.107;7.759;15.414;7.041;2.958;49.278999999999996
20;2;1; widening;9;11.971;6.678;6.423;6.728;3.134;34.934000000000005
20;2;2; widening;21;10.929;6.266;8.969;9.757;7.241;43.162
20;2;3; widening;18;12.634;8.828;5.926;5.986;9.149;42.522999999999996
20;2;4; widening;9;7.467;3.695;7.702;6.043;6.972;31.878999999999998
20;2;5; widening;12;10.462;7.074;11.745;6.654;7.333;43.268
20;2;6; widening;15;10.359;8.022;5.624;5.972;7.695;37.672
20;2;7; widening;21;13.734;9.789;8.457;7.134;7.257;46.371
20;2;8; widening;18;11.698;11.025;4.048;7.855;8.694;43.32000000000001
20;2;9; widening;9;6.892;5.822;6.474;6.843;9.078;35.109
20;2;10; widening;6;7.975;4.559;6.212;2.729;6.81;28.284999999999997
20;2;11; widening;6;6.861;6.808;5.61;4.544;6.293;30.116
20;2;12; widening;6;8.291;3.48;4.152;4.237;3.512;23.672000000000004
20;2;13; widening;18;16.015;11.623;10.056;6.533;7.486;51.712999999999994
20;2;14; widening;15;10.227;8.042;6.82;11.102;4.581;40.772000000000006
20;2;15; widening;15;8.592;7.995;8.461;7.227;6.311;38.586000000000006
20;2;16; widening;12;9.008;7.391;15.3;10.645;9.179;51.523
20;2;17; widening;21;11.143;11.446;11.314;21.068;7.974;62.94500000000001
20;2;18; widening;12;12.513;7.147;6.811;6.938;11.21;44.619
20;3;1; direct;21;149.536;8.449;9.911;6.326;7.45;181.672
20;3;2; direct;9;11.393;5.035;3.115;10.015;8.758;38.316
20;3;3; direct;12;9.494;7.297;15.895;5.886;7.322;45.894000000000005
20;3;4; direct;12;10.951;7.51;8.901;8.059;8.171;43.592
20;3;5; direct;15;9.184;10.03;8.402;8.449;13.788;49.852999999999994
20;3;6; direct;15;12.145;5.733;11.453;7.185;7.261;43.777
20;3;7; direct;6;10.397;6.329;6.949;5.662;6.656;35.992999999999995
20;3;8; direct;18;11.31;9.276;6.719;10.897;8.326;46.528
20;3;9; direct;15;14.837;6.874;9.122;9.095;10.666;50.593999999999994
20;3;10; direct;21;9.524;9.111;9.715;5.957;6.456;40.763
20;3;11; direct;9;10.037;10.239;6.792;5.26;6.743;39.071000000000005
20;3;12; direct;6;9.69;5.796;3.851;4.939;5.405;29.681
20;3;13; direct;12;8.461;8.039;3.893;4.97;8.469;33.832
20;3;14; direct;6;7.806;5.642;4.987;5.754;5.558;29.747
20;3;15; direct;18;12.53;7.282;12.203;5.952;7.679;45.646
20;3;16; direct;18;10.894;5.951;7.432;10.217;7.215;41.709
20;3;17; direct;9;11.53;10.122;5.831;5.577;5.829;38.889
20;3;18; direct;21;13.363;6.377;10.171;8.926;12.328;51.16499999999999
21;1;1; direct;12;8.956;9.597;7.669;7.535;9.09;42.846999999999994
21;1;2; direct;15;10.356;6.643;6.606;9.083;10.883;43.571
21;1;3; direct;15;12.531;7.615;11.197;8.497;9.706;49.54600000000001
21;1;4; direct;9;8.671;6.921;7.438;7.064;6.44;36.534
21;1;5; direct;21;10.445;13.941;7.852;5.276;9.623;47.13699999999999
21;1;6; direct;6;5.776;5.141;5.797;5.148;5.424;27.285999999999998
21;1;7; direct;18;12.693;8.105;6.506;6.312;11.92;45.536
21;1;8; direct;9;10.754;6.085;7.238;4.398;11.087;39.562
21;1;9; direct;12;8.85;6.735;5.257;7.618;6.565;35.025
21;1;10; direct;21;12.028;12.513;8.034;6.958;8.212;47.745000000000005
21;1;11; direct;18;8.098;6.668;10.628;6.67;9.996;42.06
21;1;12; direct;12;9.4;6.156;7.029;5.717;6.676;34.978
21;1;13; direct;6;7.872;6.015;5.312;6.163;5.935;31.297
21;1;14; direct;6;6.987;6.739;8.895;5.106;6.895;34.622
21;1;15; direct;15;10.952;7.04;7.29;11.259;10.906;47.446999999999996
21;1;16; direct;21;13.096;8.884;5.33;5.345;7.463;40.118
21;1;17; direct;18;11.488;6.072;7.244;7.389;6.369;38.562
21;1;18; direct;9;7.852;6.642;5.204;7.517;6.572;33.787
21;2;1; widening;9;13.577;4.956;6.202;6.07;5.334;36.138999999999996
21;2;2; widening;12;10.429;6.042;19.098;6.239;13.453;55.260999999999996
21;2;3; widening;18;9.029;12.271;45.35;8.138;5.759;80.54700000000001
21;2;4; widening;21;11.105;7.767;5.851;55.618;5.879;86.22000000000001
21;2;5; widening;6;8.619;6.393;5.481;5.178;5.05;30.721000000000004
21;2;6; widening;21;9.459;7.021;7.546;12.143;7.607;43.775999999999996
21;2;7; widening;12;8.937;7.012;7.316;5.996;6.247;35.507999999999996
21;2;8; widening;9;9.156;5.464;6.383;5.246;6.369;32.618
21;2;9; widening;18;10.488;7.439;5.772;5.696;8.419;37.81399999999999
21;2;10; widening;6;9.019;5.852;5.417;5.471;6.289;32.048
21;2;11; widening;6;8.519;4.34;5.142;6.436;5.443;29.880000000000003
21;2;12; widening;9;9.04;6.831;6.869;6.448;5.58;34.768
21;2;13; widening;15;19.235;6.708;7.532;8.711;9.12;51.30599999999999
21;2;14; widening;21;10.652;5.661;9.261;15.958;7.133;48.665
21;2;15; widening;15;9.726;7.683;5.648;9.548;6.418;39.022999999999996
21;2;16; widening;12;7.888;8.823;6.539;5.545;7.755;36.550000000000004
21;2;17; widening;18;9.596;6.051;6.095;8.051;7.299;37.092
21;2;18; widening;15;11.79;6.975;5.825;10.827;6.395;41.812
21;3;1; densening;18;151.731;7.96;9.289;5.544;12.511;187.035
21;3;2; densening;9;10.359;4.879;9.314;9.923;6.77;41.245000000000005
21;3;3; densening;6;9.192;6.728;3.263;6.418;7.431;33.032
21;3;4; densening;12;10.398;7.294;7.699;6.469;6.47;38.33
21;3;5; densening;18;8.861;9.035;6.145;7.824;8.918;40.783
21;3;6; densening;15;12.455;6.259;9.152;6.033;8.465;42.364000000000004
21;3;7; densening;21;9.159;13.654;10.3;5.075;10.624;48.812000000000005
21;3;8; densening;12;8.3;9.318;5.159;7.87;9.775;40.422000000000004
21;3;9; densening;15;9.088;5.534;9.653;7.791;7.906;39.972
21;3;10; densening;21;11.515;5.615;8.916;10.131;11.362;47.53900000000001
21;3;11; densening;21;10.905;9.191;7.399;10.464;6.632;44.591
21;3;12; densening;15;9.254;6.011;10.777;9.323;7.522;42.887
21;3;13; densening;18;13.666;10.14;5.419;10.346;6.401;45.971999999999994
21;3;14; densening;9;7.672;8.235;4.431;9.405;6.093;35.836
21;3;15; densening;6;7.21;7.15;5.465;3.899;4.033;27.757
21;3;16; densening;12;9.412;4.836;8.919;8.89;8.859;40.916000000000004
21;3;17; densening;9;8.976;8.299;5.242;8.159;5.391;36.067
21;3;18; densening;6;9.23;5.156;6.603;8.721;6.198;35.908
22;1;1; densening;9;14.444;6.855;10.167;10.828;2.941;45.235
22;1;2; densening;18;14.631;12.745;6.48;9.126;7.193;50.17499999999999
22;1;3; densening;6;12.288;9.087;6.428;5.216;4.801;37.82
22;1;4; densening;12;11.289;11.561;6.99;8.471;8.571;46.882000000000005
22;1;5; densening;18;16.605;5.18;6.262;5.556;9.7;43.303
22;1;6; densening;6;8.976;5.97;4.324;8.321;2.827;30.418
22;1;7; densening;21;13.031;7.677;8.476;29.476;10.636;69.29599999999999
22;1;8; densening;12;9.505;8.209;12.213;5.466;7.504;42.897
22;1;9; densening;15;11.346;3.218;11.748;8.56;6.631;41.503
22;1;10; densening;15;10.592;9.725;5.11;4.709;6.474;36.61
22;1;11; densening;9;10.303;4.291;4.542;5.978;13.247;38.361000000000004
22;1;12; densening;9;8.689;6.763;6.078;16.983;5.681;44.194
22;1;13; densening;15;10.365;9.851;12.395;9.7;7.416;49.727000000000004
22;1;14; densening;12;12.237;11.687;7.842;5.682;12.62;50.068
22;1;15; densening;18;8.713;18.235;9.987;5.214;16.412;58.561
22;1;16; densening;6;11.143;4.73;8.041;4.196;6.395;34.504999999999995
22;1;17; densening;21;18.846;7.129;13.769;7.012;7.062;53.818
22;1;18; densening;21;14.292;11.741;10.601;10.361;7.324;54.319
22;2;1; direct;12;10.759;6.017;10.873;8.958;7.865;44.472
22;2;2; direct;18;11.363;9.587;7.907;9.437;7.227;45.521
22;2;3; direct;9;10.195;4.375;6.263;2.927;7.516;31.275999999999996
22;2;4; direct;6;5.912;5.378;5.555;3.33;4.556;24.730999999999998
22;2;5; direct;6;8.761;5.621;5.906;5.424;5.045;30.756999999999998
22;2;6; direct;21;7.493;6.72;8.742;8.744;15.219;46.918
22;2;7; direct;15;8.792;13.549;7.75;6.817;10.662;47.57
22;2;8; direct;18;9.884;6.269;7.108;11.072;5.72;40.053
22;2;9; direct;9;7.771;5.714;5.8;7.089;7.331;33.705000000000005
22;2;10; direct;15;9.863;6.644;4.939;7.997;6.317;35.76
22;2;11; direct;15;10.221;6.277;6.368;9.918;7.218;40.001999999999995
22;2;12; direct;12;10.235;6.488;6.519;10.004;6.82;40.065999999999995
22;2;13; direct;21;7.798;9.04;6.378;15.145;12.976;51.337
22;2;14; direct;9;11.5;6.249;4.413;10.55;5.254;37.966
22;2;15; direct;12;11.704;7.11;6.632;6.762;6.658;38.866
22;2;16; direct;18;9.209;10.047;6.61;4.885;7.38;38.131
22;2;17; direct;6;8.542;6.831;5.53;6.971;4.356;32.230000000000004
22;2;18; direct;21;11.062;7.449;12.003;5.213;6.418;42.144999999999996
22;3;1; widening;18;11.645;7.934;9.192;8.639;7.333;44.742999999999995
22;3;2; widening;21;10.555;10.089;7.299;7.013;20.592;55.547999999999995
22;3;3; widening;9;8.118;6.557;5.23;4.506;5.824;30.235
22;3;4; widening;15;7.587;6.881;6.616;5.837;7.225;34.146
22;3;5; widening;12;10.822;4.256;8.442;8.524;4.165;36.208999999999996
22;3;6; widening;6;7.829;6.002;5.138;4.154;6.89;30.013
22;3;7; widening;6;7.3;8.332;4.263;5.363;5.475;30.733000000000004
22;3;8; widening;18;8.542;6.266;8.124;4.796;5.525;33.253
22;3;9; widening;21;7.538;12.226;11.626;5.711;8.214;45.315
22;3;10; widening;9;9.748;7.112;6.449;5.36;4.293;32.961999999999996
22;3;11; widening;15;7.919;7.16;6.72;5.046;6.265;33.11
22;3;12; widening;15;9.042;8.118;5.386;8.79;6.698;38.034
22;3;13; widening;18;12.942;4.541;9.724;4.787;5.356;37.35
22;3;14; widening;9;7.163;4.929;5.777;6.53;5.683;30.082
22;3;15; widening;12;10.43;5.419;8.24;5.712;6.656;36.457
22;3;16; widening;12;10.177;15.856;6.571;6.755;5.323;44.682
22;3;17; widening;21;12.128;9.413;4.488;4.4;6.644;37.073
22;3;18; widening;6;7.359;5.325;3.438;5.467;5.088;26.677
