;Proband;MappingMethod;NumLayers;Completed_Sum;Completed_Avg;Completed_Num;Failed_Sum;Failed_Avg;Failed_Num;Terminated_Sum;Terminated_Avg;Terminated_Num;All_Sum;All_Avg;All_Num
0;1; densening;6;9.0;1.0;9.0;0.0;0.0;0.0;6.0;1.0;6.0;15.0;1.0;15.0
1;1; densening;9;11.0;1.0;11.0;0.0;0.0;0.0;4.0;1.0;4.0;15.0;1.0;15.0
2;1; densening;12;10.0;1.0;10.0;0.0;0.0;0.0;5.0;1.0;5.0;15.0;1.0;15.0
3;1; densening;15;14.0;1.0;14.0;0.0;0.0;0.0;1.0;1.0;1.0;15.0;1.0;15.0
4;1; densening;18;10.0;1.0;10.0;0.0;0.0;0.0;5.0;1.0;5.0;15.0;1.0;15.0
5;1; densening;21;10.0;1.0;10.0;0.0;0.0;0.0;5.0;1.0;5.0;15.0;1.0;15.0
6;1; direct;6;9.0;1.0;9.0;0.0;0.0;0.0;5.0;1.0;5.0;14.0;1.0;14.0
7;1; direct;9;12.0;1.0;12.0;0.0;0.0;0.0;3.0;1.0;3.0;15.0;1.0;15.0
8;1; direct;12;10.0;1.0;10.0;0.0;0.0;0.0;5.0;1.0;5.0;15.0;1.0;15.0
9;1; direct;15;9.0;1.0;9.0;1.0;1.0;1.0;5.0;1.0;5.0;15.0;1.0;15.0
10;1; direct;18;10.0;1.0;10.0;1.0;1.0;1.0;4.0;1.0;4.0;15.0;1.0;15.0
11;1; direct;21;10.0;1.0;10.0;1.0;1.0;1.0;4.0;1.0;4.0;15.0;1.0;15.0
12;1; widening;6;8.0;1.0;8.0;0.0;0.0;0.0;7.0;1.0;7.0;15.0;1.0;15.0
13;1; widening;9;8.0;1.0;8.0;0.0;0.0;0.0;7.0;1.0;7.0;15.0;1.0;15.0
14;1; widening;12;9.0;1.0;9.0;1.0;1.0;1.0;5.0;1.0;5.0;15.0;1.0;15.0
15;1; widening;15;10.0;1.0;10.0;1.0;1.0;1.0;4.0;1.0;4.0;15.0;1.0;15.0
16;1; widening;18;11.0;1.0;11.0;0.0;0.0;0.0;4.0;1.0;4.0;15.0;1.0;15.0
17;1; widening;21;7.0;1.0;7.0;2.0;1.0;2.0;6.0;1.0;6.0;15.0;1.0;15.0
18;2; densening;6;14.0;1.0;14.0;0.0;0.0;0.0;1.0;1.0;1.0;15.0;1.0;15.0
19;2; densening;9;15.0;1.0;15.0;0.0;0.0;0.0;0.0;0.0;0.0;15.0;1.0;15.0
20;2; densening;12;15.0;1.0;15.0;0.0;0.0;0.0;0.0;0.0;0.0;15.0;1.0;15.0
21;2; densening;15;13.0;1.0;13.0;0.0;0.0;0.0;2.0;1.0;2.0;15.0;1.0;15.0
22;2; densening;18;13.0;1.0;13.0;0.0;0.0;0.0;2.0;1.0;2.0;15.0;1.0;15.0
23;2; densening;21;13.0;1.0;13.0;0.0;0.0;0.0;2.0;1.0;2.0;15.0;1.0;15.0
24;2; direct;6;13.0;1.0;13.0;0.0;0.0;0.0;2.0;1.0;2.0;15.0;1.0;15.0
25;2; direct;9;13.0;1.0;13.0;0.0;0.0;0.0;2.0;1.0;2.0;15.0;1.0;15.0
26;2; direct;12;14.0;1.0;14.0;1.0;1.0;1.0;0.0;0.0;0.0;15.0;1.0;15.0
27;2; direct;15;14.0;1.0;14.0;0.0;0.0;0.0;1.0;1.0;1.0;15.0;1.0;15.0
28;2; direct;18;12.0;1.0;12.0;0.0;0.0;0.0;3.0;1.0;3.0;15.0;1.0;15.0
29;2; direct;21;10.0;1.0;10.0;1.0;1.0;1.0;4.0;1.0;4.0;15.0;1.0;15.0
30;2; widening;6;12.0;1.0;12.0;0.0;0.0;0.0;3.0;1.0;3.0;15.0;1.0;15.0
31;2; widening;9;13.0;1.0;13.0;0.0;0.0;0.0;2.0;1.0;2.0;15.0;1.0;15.0
32;2; widening;12;11.0;1.0;11.0;1.0;1.0;1.0;3.0;1.0;3.0;15.0;1.0;15.0
33;2; widening;15;7.0;1.0;7.0;1.0;1.0;1.0;7.0;1.0;7.0;15.0;1.0;15.0
34;2; widening;18;11.0;1.0;11.0;3.0;1.0;3.0;1.0;1.0;1.0;15.0;1.0;15.0
35;2; widening;21;10.0;1.0;10.0;2.0;1.0;2.0;3.0;1.0;3.0;15.0;1.0;15.0
36;3; densening;6;10.0;1.0;10.0;1.0;1.0;1.0;4.0;1.0;4.0;15.0;1.0;15.0
37;3; densening;9;11.0;1.0;11.0;0.0;0.0;0.0;4.0;1.0;4.0;15.0;1.0;15.0
38;3; densening;12;7.0;1.0;7.0;0.0;0.0;0.0;8.0;1.0;8.0;15.0;1.0;15.0
39;3; densening;15;12.0;1.0;12.0;0.0;0.0;0.0;3.0;1.0;3.0;15.0;1.0;15.0
40;3; densening;18;10.0;1.0;10.0;0.0;0.0;0.0;5.0;1.0;5.0;15.0;1.0;15.0
41;3; densening;21;6.0;1.0;6.0;0.0;0.0;0.0;9.0;1.0;9.0;15.0;1.0;15.0
42;3; direct;6;5.0;1.0;5.0;1.0;1.0;1.0;9.0;1.0;9.0;15.0;1.0;15.0
43;3; direct;9;5.0;1.0;5.0;1.0;1.0;1.0;9.0;1.0;9.0;15.0;1.0;15.0
44;3; direct;12;5.0;1.0;5.0;0.0;0.0;0.0;10.0;1.0;10.0;15.0;1.0;15.0
45;3; direct;15;6.0;1.0;6.0;0.0;0.0;0.0;9.0;1.0;9.0;15.0;1.0;15.0
46;3; direct;18;7.0;1.0;7.0;1.0;1.0;1.0;7.0;1.0;7.0;15.0;1.0;15.0
47;3; direct;21;6.0;1.0;6.0;0.0;0.0;0.0;9.0;1.0;9.0;15.0;1.0;15.0
48;3; widening;6;8.0;1.0;8.0;0.0;0.0;0.0;7.0;1.0;7.0;15.0;1.0;15.0
49;3; widening;9;8.0;1.0;8.0;1.0;1.0;1.0;6.0;1.0;6.0;15.0;1.0;15.0
50;3; widening;12;10.0;1.0;10.0;0.0;0.0;0.0;5.0;1.0;5.0;15.0;1.0;15.0
51;3; widening;15;9.0;1.0;9.0;2.0;1.0;2.0;4.0;1.0;4.0;15.0;1.0;15.0
52;3; widening;18;6.0;1.0;6.0;1.0;1.0;1.0;8.0;1.0;8.0;15.0;1.0;15.0
53;3; widening;21;10.0;1.0;10.0;0.0;0.0;0.0;5.0;1.0;5.0;15.0;1.0;15.0
54;4; densening;6;8.0;1.0;8.0;0.0;0.0;0.0;7.0;1.0;7.0;15.0;1.0;15.0
55;4; densening;9;11.0;1.0;11.0;0.0;0.0;0.0;4.0;1.0;4.0;15.0;1.0;15.0
56;4; densening;12;9.0;1.0;9.0;0.0;0.0;0.0;6.0;1.0;6.0;15.0;1.0;15.0
57;4; densening;15;7.0;1.0;7.0;0.0;0.0;0.0;8.0;1.0;8.0;15.0;1.0;15.0
58;4; densening;18;3.0;1.0;3.0;0.0;0.0;0.0;12.0;1.0;12.0;15.0;1.0;15.0
59;4; densening;21;6.0;1.0;6.0;0.0;0.0;0.0;9.0;1.0;9.0;15.0;1.0;15.0
60;4; direct;6;8.0;1.0;8.0;0.0;0.0;0.0;7.0;1.0;7.0;15.0;1.0;15.0
61;4; direct;9;8.0;1.0;8.0;0.0;0.0;0.0;7.0;1.0;7.0;15.0;1.0;15.0
62;4; direct;12;5.0;1.0;5.0;0.0;0.0;0.0;10.0;1.0;10.0;15.0;1.0;15.0
63;4; direct;15;5.0;1.0;5.0;0.0;0.0;0.0;10.0;1.0;10.0;15.0;1.0;15.0
64;4; direct;18;6.0;1.0;6.0;0.0;0.0;0.0;9.0;1.0;9.0;15.0;1.0;15.0
65;4; direct;21;5.0;1.0;5.0;0.0;0.0;0.0;10.0;1.0;10.0;15.0;1.0;15.0
66;4; widening;6;8.0;1.0;8.0;0.0;0.0;0.0;7.0;1.0;7.0;15.0;1.0;15.0
67;4; widening;9;8.0;1.0;8.0;0.0;0.0;0.0;7.0;1.0;7.0;15.0;1.0;15.0
68;4; widening;12;4.0;1.0;4.0;0.0;0.0;0.0;11.0;1.0;11.0;15.0;1.0;15.0
69;4; widening;15;3.0;1.0;3.0;0.0;0.0;0.0;12.0;1.0;12.0;15.0;1.0;15.0
70;4; widening;18;3.0;1.0;3.0;0.0;0.0;0.0;12.0;1.0;12.0;15.0;1.0;15.0
71;4; widening;21;4.0;1.0;4.0;0.0;0.0;0.0;11.0;1.0;11.0;15.0;1.0;15.0
72;5; densening;6;12.0;1.0;12.0;0.0;0.0;0.0;3.0;1.0;3.0;15.0;1.0;15.0
73;5; densening;9;13.0;1.0;13.0;0.0;0.0;0.0;2.0;1.0;2.0;15.0;1.0;15.0
74;5; densening;12;15.0;1.0;15.0;0.0;0.0;0.0;0.0;0.0;0.0;15.0;1.0;15.0
75;5; densening;15;10.0;1.0;10.0;0.0;0.0;0.0;5.0;1.0;5.0;15.0;1.0;15.0
76;5; densening;18;14.0;1.0;14.0;0.0;0.0;0.0;1.0;1.0;1.0;15.0;1.0;15.0
77;5; densening;21;12.0;1.0;12.0;0.0;0.0;0.0;3.0;1.0;3.0;15.0;1.0;15.0
78;5; direct;6;12.0;1.0;12.0;0.0;0.0;0.0;3.0;1.0;3.0;15.0;1.0;15.0
79;5; direct;9;12.0;1.0;12.0;0.0;0.0;0.0;3.0;1.0;3.0;15.0;1.0;15.0
80;5; direct;12;13.0;1.0;13.0;0.0;0.0;0.0;2.0;1.0;2.0;15.0;1.0;15.0
81;5; direct;15;10.0;1.0;10.0;0.0;0.0;0.0;5.0;1.0;5.0;15.0;1.0;15.0
82;5; direct;18;10.0;1.0;10.0;0.0;0.0;0.0;5.0;1.0;5.0;15.0;1.0;15.0
83;5; direct;21;9.0;1.0;9.0;0.0;0.0;0.0;6.0;1.0;6.0;15.0;1.0;15.0
84;5; widening;6;13.0;1.0;13.0;0.0;0.0;0.0;2.0;1.0;2.0;15.0;1.0;15.0
85;5; widening;9;9.0;1.0;9.0;0.0;0.0;0.0;6.0;1.0;6.0;15.0;1.0;15.0
86;5; widening;12;11.0;1.0;11.0;0.0;0.0;0.0;4.0;1.0;4.0;15.0;1.0;15.0
87;5; widening;15;10.0;1.0;10.0;1.0;1.0;1.0;4.0;1.0;4.0;15.0;1.0;15.0
88;5; widening;18;10.0;1.0;10.0;0.0;0.0;0.0;5.0;1.0;5.0;15.0;1.0;15.0
89;5; widening;21;9.0;1.0;9.0;0.0;0.0;0.0;6.0;1.0;6.0;15.0;1.0;15.0
90;6; densening;6;13.0;1.0;13.0;0.0;0.0;0.0;2.0;1.0;2.0;15.0;1.0;15.0
91;6; densening;9;14.0;1.0;14.0;0.0;0.0;0.0;1.0;1.0;1.0;15.0;1.0;15.0
92;6; densening;12;13.0;1.0;13.0;0.0;0.0;0.0;2.0;1.0;2.0;15.0;1.0;15.0
93;6; densening;15;15.0;1.0;15.0;0.0;0.0;0.0;0.0;0.0;0.0;15.0;1.0;15.0
94;6; densening;18;8.0;1.0;8.0;0.0;0.0;0.0;7.0;1.0;7.0;15.0;1.0;15.0
95;6; densening;21;9.0;1.0;9.0;0.0;0.0;0.0;6.0;1.0;6.0;15.0;1.0;15.0
96;6; direct;6;13.0;1.0;13.0;0.0;0.0;0.0;2.0;1.0;2.0;15.0;1.0;15.0
97;6; direct;9;10.0;1.0;10.0;0.0;0.0;0.0;5.0;1.0;5.0;15.0;1.0;15.0
98;6; direct;12;12.0;1.0;12.0;0.0;0.0;0.0;3.0;1.0;3.0;15.0;1.0;15.0
99;6; direct;15;10.0;1.0;10.0;0.0;0.0;0.0;5.0;1.0;5.0;15.0;1.0;15.0
100;6; direct;18;7.0;1.0;7.0;0.0;0.0;0.0;8.0;1.0;8.0;15.0;1.0;15.0
101;6; direct;21;12.0;1.0;12.0;0.0;0.0;0.0;3.0;1.0;3.0;15.0;1.0;15.0
102;6; widening;6;14.0;1.0;14.0;0.0;0.0;0.0;1.0;1.0;1.0;15.0;1.0;15.0
103;6; widening;9;10.0;1.0;10.0;0.0;0.0;0.0;5.0;1.0;5.0;15.0;1.0;15.0
104;6; widening;12;9.0;1.0;9.0;0.0;0.0;0.0;6.0;1.0;6.0;15.0;1.0;15.0
105;6; widening;15;11.0;1.0;11.0;2.0;1.0;2.0;2.0;1.0;2.0;15.0;1.0;15.0
106;6; widening;18;10.0;1.0;10.0;1.0;1.0;1.0;4.0;1.0;4.0;15.0;1.0;15.0
107;6; widening;21;8.0;1.0;8.0;2.0;1.0;2.0;5.0;1.0;5.0;15.0;1.0;15.0
108;7; densening;6;15.0;1.0;15.0;0.0;0.0;0.0;0.0;0.0;0.0;15.0;1.0;15.0
109;7; densening;9;14.0;1.0;14.0;0.0;0.0;0.0;1.0;1.0;1.0;15.0;1.0;15.0
110;7; densening;12;15.0;1.0;15.0;0.0;0.0;0.0;0.0;0.0;0.0;15.0;1.0;15.0
111;7; densening;15;9.0;1.0;9.0;0.0;0.0;0.0;6.0;1.0;6.0;15.0;1.0;15.0
112;7; densening;18;13.0;1.0;13.0;0.0;0.0;0.0;2.0;1.0;2.0;15.0;1.0;15.0
113;7; densening;21;7.0;1.0;7.0;0.0;0.0;0.0;8.0;1.0;8.0;15.0;1.0;15.0
114;7; direct;6;10.0;1.0;10.0;0.0;0.0;0.0;5.0;1.0;5.0;15.0;1.0;15.0
115;7; direct;9;13.0;1.0;13.0;0.0;0.0;0.0;2.0;1.0;2.0;15.0;1.0;15.0
116;7; direct;12;11.0;1.0;11.0;0.0;0.0;0.0;4.0;1.0;4.0;15.0;1.0;15.0
117;7; direct;15;12.0;1.0;12.0;0.0;0.0;0.0;3.0;1.0;3.0;15.0;1.0;15.0
118;7; direct;18;10.0;1.0;10.0;0.0;0.0;0.0;5.0;1.0;5.0;15.0;1.0;15.0
119;7; direct;21;11.0;1.0;11.0;0.0;0.0;0.0;4.0;1.0;4.0;15.0;1.0;15.0
120;7; widening;6;10.0;1.0;10.0;0.0;0.0;0.0;5.0;1.0;5.0;15.0;1.0;15.0
121;7; widening;9;9.0;1.0;9.0;0.0;0.0;0.0;6.0;1.0;6.0;15.0;1.0;15.0
122;7; widening;12;12.0;1.0;12.0;0.0;0.0;0.0;3.0;1.0;3.0;15.0;1.0;15.0
123;7; widening;15;10.0;1.0;10.0;1.0;1.0;1.0;4.0;1.0;4.0;15.0;1.0;15.0
124;7; widening;18;12.0;1.0;12.0;1.0;1.0;1.0;2.0;1.0;2.0;15.0;1.0;15.0
125;7; widening;21;9.0;1.0;9.0;3.0;1.0;3.0;3.0;1.0;3.0;15.0;1.0;15.0
126;8; densening;6;12.0;1.0;12.0;0.0;0.0;0.0;3.0;1.0;3.0;15.0;1.0;15.0
127;8; densening;9;11.0;1.0;11.0;1.0;1.0;1.0;3.0;1.0;3.0;15.0;1.0;15.0
128;8; densening;12;10.0;1.0;10.0;0.0;0.0;0.0;5.0;1.0;5.0;15.0;1.0;15.0
129;8; densening;15;11.0;1.0;11.0;0.0;0.0;0.0;4.0;1.0;4.0;15.0;1.0;15.0
130;8; densening;18;12.0;1.0;12.0;0.0;0.0;0.0;3.0;1.0;3.0;15.0;1.0;15.0
131;8; densening;21;8.0;1.0;8.0;0.0;0.0;0.0;7.0;1.0;7.0;15.0;1.0;15.0
132;8; direct;6;9.0;1.0;9.0;0.0;0.0;0.0;6.0;1.0;6.0;15.0;1.0;15.0
133;8; direct;9;13.0;1.0;13.0;0.0;0.0;0.0;2.0;1.0;2.0;15.0;1.0;15.0
134;8; direct;12;13.0;1.0;13.0;0.0;0.0;0.0;2.0;1.0;2.0;15.0;1.0;15.0
135;8; direct;15;13.0;1.0;13.0;0.0;0.0;0.0;2.0;1.0;2.0;15.0;1.0;15.0
136;8; direct;18;9.0;1.0;9.0;0.0;0.0;0.0;6.0;1.0;6.0;15.0;1.0;15.0
137;8; direct;21;11.0;1.0;11.0;0.0;0.0;0.0;4.0;1.0;4.0;15.0;1.0;15.0
138;8; widening;6;11.0;1.0;11.0;0.0;0.0;0.0;4.0;1.0;4.0;15.0;1.0;15.0
139;8; widening;9;8.0;1.0;8.0;0.0;0.0;0.0;7.0;1.0;7.0;15.0;1.0;15.0
140;8; widening;12;9.0;1.0;9.0;0.0;0.0;0.0;6.0;1.0;6.0;15.0;1.0;15.0
141;8; widening;15;10.0;1.0;10.0;0.0;0.0;0.0;5.0;1.0;5.0;15.0;1.0;15.0
142;8; widening;18;4.0;1.0;4.0;0.0;0.0;0.0;11.0;1.0;11.0;15.0;1.0;15.0
143;8; widening;21;10.0;1.0;10.0;0.0;0.0;0.0;5.0;1.0;5.0;15.0;1.0;15.0
144;9; densening;6;14.0;1.0;14.0;0.0;0.0;0.0;1.0;1.0;1.0;15.0;1.0;15.0
145;9; densening;9;12.0;1.0;12.0;0.0;0.0;0.0;3.0;1.0;3.0;15.0;1.0;15.0
146;9; densening;12;14.0;1.0;14.0;0.0;0.0;0.0;1.0;1.0;1.0;15.0;1.0;15.0
147;9; densening;15;13.0;1.0;13.0;1.0;1.0;1.0;1.0;1.0;1.0;15.0;1.0;15.0
148;9; densening;18;12.0;1.0;12.0;0.0;0.0;0.0;3.0;1.0;3.0;15.0;1.0;15.0
149;9; densening;21;13.0;1.0;13.0;0.0;0.0;0.0;2.0;1.0;2.0;15.0;1.0;15.0
150;9; direct;6;14.0;1.0;14.0;0.0;0.0;0.0;1.0;1.0;1.0;15.0;1.0;15.0
151;9; direct;9;14.0;1.0;14.0;0.0;0.0;0.0;1.0;1.0;1.0;15.0;1.0;15.0
152;9; direct;12;15.0;1.0;15.0;0.0;0.0;0.0;0.0;0.0;0.0;15.0;1.0;15.0
153;9; direct;15;14.0;1.0;14.0;0.0;0.0;0.0;1.0;1.0;1.0;15.0;1.0;15.0
154;9; direct;18;14.0;1.0;14.0;0.0;0.0;0.0;1.0;1.0;1.0;15.0;1.0;15.0
155;9; direct;21;13.0;1.0;13.0;0.0;0.0;0.0;2.0;1.0;2.0;15.0;1.0;15.0
156;9; widening;6;12.0;1.0;12.0;0.0;0.0;0.0;3.0;1.0;3.0;15.0;1.0;15.0
157;9; widening;9;9.0;1.0;9.0;0.0;0.0;0.0;6.0;1.0;6.0;15.0;1.0;15.0
158;9; widening;12;11.0;1.0;11.0;0.0;0.0;0.0;4.0;1.0;4.0;15.0;1.0;15.0
159;9; widening;15;10.0;1.0;10.0;0.0;0.0;0.0;5.0;1.0;5.0;15.0;1.0;15.0
160;9; widening;18;8.0;1.0;8.0;0.0;0.0;0.0;7.0;1.0;7.0;15.0;1.0;15.0
161;9; widening;21;7.0;1.0;7.0;0.0;0.0;0.0;8.0;1.0;8.0;15.0;1.0;15.0
162;10; densening;6;5.0;1.0;5.0;1.0;1.0;1.0;9.0;1.0;9.0;15.0;1.0;15.0
163;10; densening;9;5.0;1.0;5.0;4.0;1.0;4.0;6.0;1.0;6.0;15.0;1.0;15.0
164;10; densening;12;3.0;1.0;3.0;1.0;1.0;1.0;11.0;1.0;11.0;15.0;1.0;15.0
165;10; densening;15;10.0;1.0;10.0;0.0;0.0;0.0;5.0;1.0;5.0;15.0;1.0;15.0
166;10; densening;18;7.0;1.0;7.0;1.0;1.0;1.0;7.0;1.0;7.0;15.0;1.0;15.0
167;10; densening;21;7.0;1.0;7.0;4.0;1.0;4.0;4.0;1.0;4.0;15.0;1.0;15.0
168;10; direct;6;5.0;1.0;5.0;0.0;0.0;0.0;10.0;1.0;10.0;15.0;1.0;15.0
169;10; direct;9;7.0;1.0;7.0;1.0;1.0;1.0;7.0;1.0;7.0;15.0;1.0;15.0
170;10; direct;12;3.0;1.0;3.0;1.0;1.0;1.0;11.0;1.0;11.0;15.0;1.0;15.0
171;10; direct;15;2.0;1.0;2.0;1.0;1.0;1.0;12.0;1.0;12.0;15.0;1.0;15.0
172;10; direct;18;6.0;1.0;6.0;3.0;1.0;3.0;6.0;1.0;6.0;15.0;1.0;15.0
173;10; direct;21;5.0;1.0;5.0;0.0;0.0;0.0;10.0;1.0;10.0;15.0;1.0;15.0
174;10; widening;6;3.0;1.0;3.0;5.0;1.0;5.0;7.0;1.0;7.0;15.0;1.0;15.0
175;10; widening;9;4.0;1.0;4.0;0.0;0.0;0.0;11.0;1.0;11.0;15.0;1.0;15.0
176;10; widening;12;4.0;1.0;4.0;4.0;1.0;4.0;7.0;1.0;7.0;15.0;1.0;15.0
177;10; widening;15;4.0;1.0;4.0;2.0;1.0;2.0;9.0;1.0;9.0;15.0;1.0;15.0
178;10; widening;18;5.0;1.0;5.0;2.0;1.0;2.0;8.0;1.0;8.0;15.0;1.0;15.0
179;10; widening;21;5.0;1.0;5.0;1.0;1.0;1.0;9.0;1.0;9.0;15.0;1.0;15.0
180;11; densening;6;3.0;1.0;3.0;0.0;0.0;0.0;12.0;1.0;12.0;15.0;1.0;15.0
181;11; densening;9;4.0;1.0;4.0;0.0;0.0;0.0;11.0;1.0;11.0;15.0;1.0;15.0
182;11; densening;12;6.0;1.0;6.0;0.0;0.0;0.0;9.0;1.0;9.0;15.0;1.0;15.0
183;11; densening;15;8.0;1.0;8.0;0.0;0.0;0.0;7.0;1.0;7.0;15.0;1.0;15.0
184;11; densening;18;8.0;1.0;8.0;0.0;0.0;0.0;7.0;1.0;7.0;15.0;1.0;15.0
185;11; densening;21;5.0;1.0;5.0;0.0;0.0;0.0;10.0;1.0;10.0;15.0;1.0;15.0
186;11; direct;6;5.0;1.0;5.0;0.0;0.0;0.0;10.0;1.0;10.0;15.0;1.0;15.0
187;11; direct;9;9.0;1.0;9.0;0.0;0.0;0.0;6.0;1.0;6.0;15.0;1.0;15.0
188;11; direct;12;10.0;1.0;10.0;0.0;0.0;0.0;5.0;1.0;5.0;15.0;1.0;15.0
189;11; direct;15;11.0;1.0;11.0;0.0;0.0;0.0;4.0;1.0;4.0;15.0;1.0;15.0
190;11; direct;18;13.0;1.0;13.0;0.0;0.0;0.0;2.0;1.0;2.0;15.0;1.0;15.0
191;11; direct;21;9.0;1.0;9.0;0.0;0.0;0.0;6.0;1.0;6.0;15.0;1.0;15.0
192;11; widening;6;5.0;1.0;5.0;0.0;0.0;0.0;10.0;1.0;10.0;15.0;1.0;15.0
193;11; widening;9;5.0;1.0;5.0;0.0;0.0;0.0;10.0;1.0;10.0;15.0;1.0;15.0
194;11; widening;12;6.0;1.0;6.0;0.0;0.0;0.0;9.0;1.0;9.0;15.0;1.0;15.0
195;11; widening;15;5.0;1.0;5.0;0.0;0.0;0.0;10.0;1.0;10.0;15.0;1.0;15.0
196;11; widening;18;10.0;1.0;10.0;0.0;0.0;0.0;5.0;1.0;5.0;15.0;1.0;15.0
197;11; widening;21;6.0;1.0;6.0;1.0;1.0;1.0;8.0;1.0;8.0;15.0;1.0;15.0
198;12; densening;6;12.0;1.0;12.0;0.0;0.0;0.0;3.0;1.0;3.0;15.0;1.0;15.0
199;12; densening;9;14.0;1.0;14.0;0.0;0.0;0.0;1.0;1.0;1.0;15.0;1.0;15.0
200;12; densening;12;14.0;1.0;14.0;0.0;0.0;0.0;1.0;1.0;1.0;15.0;1.0;15.0
201;12; densening;15;13.0;1.0;13.0;0.0;0.0;0.0;2.0;1.0;2.0;15.0;1.0;15.0
202;12; densening;18;15.0;1.0;15.0;0.0;0.0;0.0;0.0;0.0;0.0;15.0;1.0;15.0
203;12; densening;21;13.0;1.0;13.0;0.0;0.0;0.0;2.0;1.0;2.0;15.0;1.0;15.0
204;12; direct;6;14.0;1.0;14.0;0.0;0.0;0.0;1.0;1.0;1.0;15.0;1.0;15.0
205;12; direct;9;15.0;1.0;15.0;0.0;0.0;0.0;0.0;0.0;0.0;15.0;1.0;15.0
206;12; direct;12;12.0;1.0;12.0;0.0;0.0;0.0;3.0;1.0;3.0;15.0;1.0;15.0
207;12; direct;15;12.0;1.0;12.0;0.0;0.0;0.0;3.0;1.0;3.0;15.0;1.0;15.0
208;12; direct;18;12.0;1.0;12.0;0.0;0.0;0.0;3.0;1.0;3.0;15.0;1.0;15.0
209;12; direct;21;15.0;1.0;15.0;0.0;0.0;0.0;0.0;0.0;0.0;15.0;1.0;15.0
210;12; widening;6;14.0;1.0;14.0;0.0;0.0;0.0;1.0;1.0;1.0;15.0;1.0;15.0
211;12; widening;9;11.0;1.0;11.0;0.0;0.0;0.0;4.0;1.0;4.0;15.0;1.0;15.0
212;12; widening;12;11.0;1.0;11.0;0.0;0.0;0.0;4.0;1.0;4.0;15.0;1.0;15.0
213;12; widening;15;9.0;1.0;9.0;0.0;0.0;0.0;6.0;1.0;6.0;15.0;1.0;15.0
214;12; widening;18;12.0;1.0;12.0;0.0;0.0;0.0;3.0;1.0;3.0;15.0;1.0;15.0
215;12; widening;21;9.0;1.0;9.0;0.0;0.0;0.0;6.0;1.0;6.0;15.0;1.0;15.0
216;13; densening;6;11.0;1.0;11.0;0.0;0.0;0.0;4.0;1.0;4.0;15.0;1.0;15.0
217;13; densening;9;13.0;1.0;13.0;0.0;0.0;0.0;2.0;1.0;2.0;15.0;1.0;15.0
218;13; densening;12;10.0;1.0;10.0;0.0;0.0;0.0;5.0;1.0;5.0;15.0;1.0;15.0
219;13; densening;15;10.0;1.0;10.0;0.0;0.0;0.0;5.0;1.0;5.0;15.0;1.0;15.0
220;13; densening;18;10.0;1.0;10.0;0.0;0.0;0.0;5.0;1.0;5.0;15.0;1.0;15.0
221;13; densening;21;14.0;1.0;14.0;0.0;0.0;0.0;1.0;1.0;1.0;15.0;1.0;15.0
222;13; direct;6;11.0;1.0;11.0;0.0;0.0;0.0;4.0;1.0;4.0;15.0;1.0;15.0
223;13; direct;9;15.0;1.0;15.0;0.0;0.0;0.0;0.0;0.0;0.0;15.0;1.0;15.0
224;13; direct;12;13.0;1.0;13.0;0.0;0.0;0.0;2.0;1.0;2.0;15.0;1.0;15.0
225;13; direct;15;12.0;1.0;12.0;1.0;1.0;1.0;2.0;1.0;2.0;15.0;1.0;15.0
226;13; direct;18;11.0;1.0;11.0;0.0;0.0;0.0;4.0;1.0;4.0;15.0;1.0;15.0
227;13; direct;21;8.0;1.0;8.0;1.0;1.0;1.0;6.0;1.0;6.0;15.0;1.0;15.0
228;13; widening;6;10.0;1.0;10.0;0.0;0.0;0.0;5.0;1.0;5.0;15.0;1.0;15.0
229;13; widening;9;12.0;1.0;12.0;0.0;0.0;0.0;3.0;1.0;3.0;15.0;1.0;15.0
230;13; widening;12;10.0;1.0;10.0;0.0;0.0;0.0;5.0;1.0;5.0;15.0;1.0;15.0
231;13; widening;15;10.0;1.0;10.0;0.0;0.0;0.0;5.0;1.0;5.0;15.0;1.0;15.0
232;13; widening;18;8.0;1.0;8.0;0.0;0.0;0.0;7.0;1.0;7.0;15.0;1.0;15.0
233;13; widening;21;11.0;1.0;11.0;1.0;1.0;1.0;3.0;1.0;3.0;15.0;1.0;15.0
234;14; densening;6;14.0;1.0;14.0;0.0;0.0;0.0;1.0;1.0;1.0;15.0;1.0;15.0
235;14; densening;9;11.0;1.0;11.0;0.0;0.0;0.0;4.0;1.0;4.0;15.0;1.0;15.0
236;14; densening;12;13.0;1.0;13.0;0.0;0.0;0.0;2.0;1.0;2.0;15.0;1.0;15.0
237;14; densening;15;12.0;1.0;12.0;0.0;0.0;0.0;3.0;1.0;3.0;15.0;1.0;15.0
238;14; densening;18;12.0;1.0;12.0;0.0;0.0;0.0;3.0;1.0;3.0;15.0;1.0;15.0
239;14; densening;21;14.0;1.0;14.0;0.0;0.0;0.0;1.0;1.0;1.0;15.0;1.0;15.0
240;14; direct;6;14.0;1.0;14.0;0.0;0.0;0.0;1.0;1.0;1.0;15.0;1.0;15.0
241;14; direct;9;13.0;1.0;13.0;0.0;0.0;0.0;2.0;1.0;2.0;15.0;1.0;15.0
242;14; direct;12;13.0;1.0;13.0;0.0;0.0;0.0;2.0;1.0;2.0;15.0;1.0;15.0
243;14; direct;15;14.0;1.0;14.0;0.0;0.0;0.0;1.0;1.0;1.0;15.0;1.0;15.0
244;14; direct;18;12.0;1.0;12.0;0.0;0.0;0.0;3.0;1.0;3.0;15.0;1.0;15.0
245;14; direct;21;11.0;1.0;11.0;0.0;0.0;0.0;4.0;1.0;4.0;15.0;1.0;15.0
246;14; widening;6;11.0;1.0;11.0;0.0;0.0;0.0;4.0;1.0;4.0;15.0;1.0;15.0
247;14; widening;9;10.0;1.0;10.0;0.0;0.0;0.0;5.0;1.0;5.0;15.0;1.0;15.0
248;14; widening;12;11.0;1.0;11.0;0.0;0.0;0.0;4.0;1.0;4.0;15.0;1.0;15.0
249;14; widening;15;12.0;1.0;12.0;0.0;0.0;0.0;3.0;1.0;3.0;15.0;1.0;15.0
250;14; widening;18;11.0;1.0;11.0;0.0;0.0;0.0;4.0;1.0;4.0;15.0;1.0;15.0
251;14; widening;21;9.0;1.0;9.0;0.0;0.0;0.0;6.0;1.0;6.0;15.0;1.0;15.0
252;15; densening;6;7.0;1.0;7.0;0.0;0.0;0.0;8.0;1.0;8.0;15.0;1.0;15.0
253;15; densening;9;14.0;1.0;14.0;0.0;0.0;0.0;1.0;1.0;1.0;15.0;1.0;15.0
254;15; densening;12;13.0;1.0;13.0;0.0;0.0;0.0;2.0;1.0;2.0;15.0;1.0;15.0
255;15; densening;15;13.0;1.0;13.0;0.0;0.0;0.0;2.0;1.0;2.0;15.0;1.0;15.0
256;15; densening;18;14.0;1.0;14.0;0.0;0.0;0.0;1.0;1.0;1.0;15.0;1.0;15.0
257;15; densening;21;14.0;1.0;14.0;0.0;0.0;0.0;1.0;1.0;1.0;15.0;1.0;15.0
258;15; direct;6;9.0;1.0;9.0;0.0;0.0;0.0;6.0;1.0;6.0;15.0;1.0;15.0
259;15; direct;9;12.0;1.0;12.0;0.0;0.0;0.0;3.0;1.0;3.0;15.0;1.0;15.0
260;15; direct;12;15.0;1.0;15.0;0.0;0.0;0.0;0.0;0.0;0.0;15.0;1.0;15.0
261;15; direct;15;14.0;1.0;14.0;0.0;0.0;0.0;1.0;1.0;1.0;15.0;1.0;15.0
262;15; direct;18;15.0;1.0;15.0;0.0;0.0;0.0;0.0;0.0;0.0;15.0;1.0;15.0
263;15; direct;21;15.0;1.0;15.0;0.0;0.0;0.0;0.0;0.0;0.0;15.0;1.0;15.0
264;15; widening;6;12.0;1.0;12.0;0.0;0.0;0.0;3.0;1.0;3.0;15.0;1.0;15.0
265;15; widening;9;13.0;1.0;13.0;1.0;1.0;1.0;1.0;1.0;1.0;15.0;1.0;15.0
266;15; widening;12;11.0;1.0;11.0;0.0;0.0;0.0;4.0;1.0;4.0;15.0;1.0;15.0
267;15; widening;15;12.0;1.0;12.0;3.0;1.0;3.0;0.0;0.0;0.0;15.0;1.0;15.0
268;15; widening;18;12.0;1.0;12.0;1.0;1.0;1.0;2.0;1.0;2.0;15.0;1.0;15.0
269;15; widening;21;11.0;1.0;11.0;3.0;1.0;3.0;1.0;1.0;1.0;15.0;1.0;15.0
270;16; densening;6;12.0;1.0;12.0;1.0;1.0;1.0;2.0;1.0;2.0;15.0;1.0;15.0
271;16; densening;9;9.0;1.0;9.0;0.0;0.0;0.0;6.0;1.0;6.0;15.0;1.0;15.0
272;16; densening;12;6.0;1.0;6.0;0.0;0.0;0.0;9.0;1.0;9.0;15.0;1.0;15.0
273;16; densening;15;8.0;1.0;8.0;1.0;1.0;1.0;6.0;1.0;6.0;15.0;1.0;15.0
274;16; densening;18;10.0;1.0;10.0;0.0;0.0;0.0;5.0;1.0;5.0;15.0;1.0;15.0
275;16; densening;21;10.0;1.0;10.0;0.0;0.0;0.0;5.0;1.0;5.0;15.0;1.0;15.0
276;16; direct;6;11.0;1.0;11.0;0.0;0.0;0.0;4.0;1.0;4.0;15.0;1.0;15.0
277;16; direct;9;9.0;1.0;9.0;0.0;0.0;0.0;6.0;1.0;6.0;15.0;1.0;15.0
278;16; direct;12;6.0;1.0;6.0;0.0;0.0;0.0;9.0;1.0;9.0;15.0;1.0;15.0
279;16; direct;15;8.0;1.0;8.0;0.0;0.0;0.0;7.0;1.0;7.0;15.0;1.0;15.0
280;16; direct;18;7.0;1.0;7.0;0.0;0.0;0.0;8.0;1.0;8.0;15.0;1.0;15.0
281;16; direct;21;6.0;1.0;6.0;0.0;0.0;0.0;9.0;1.0;9.0;15.0;1.0;15.0
282;16; widening;6;8.0;1.0;8.0;1.0;1.0;1.0;6.0;1.0;6.0;15.0;1.0;15.0
283;16; widening;9;5.0;1.0;5.0;0.0;0.0;0.0;10.0;1.0;10.0;15.0;1.0;15.0
284;16; widening;12;7.0;1.0;7.0;0.0;0.0;0.0;8.0;1.0;8.0;15.0;1.0;15.0
285;16; widening;15;5.0;1.0;5.0;1.0;1.0;1.0;9.0;1.0;9.0;15.0;1.0;15.0
286;16; widening;18;4.0;1.0;4.0;1.0;1.0;1.0;10.0;1.0;10.0;15.0;1.0;15.0
287;16; widening;21;2.0;1.0;2.0;1.0;1.0;1.0;12.0;1.0;12.0;15.0;1.0;15.0
288;17; densening;6;14.0;1.0;14.0;0.0;0.0;0.0;1.0;1.0;1.0;15.0;1.0;15.0
289;17; densening;9;13.0;1.0;13.0;0.0;0.0;0.0;2.0;1.0;2.0;15.0;1.0;15.0
290;17; densening;12;10.0;1.0;10.0;0.0;0.0;0.0;5.0;1.0;5.0;15.0;1.0;15.0
291;17; densening;15;12.0;1.0;12.0;0.0;0.0;0.0;3.0;1.0;3.0;15.0;1.0;15.0
292;17; densening;18;13.0;1.0;13.0;1.0;1.0;1.0;1.0;1.0;1.0;15.0;1.0;15.0
293;17; densening;21;9.0;1.0;9.0;1.0;1.0;1.0;5.0;1.0;5.0;15.0;1.0;15.0
294;17; direct;6;13.0;1.0;13.0;0.0;0.0;0.0;2.0;1.0;2.0;15.0;1.0;15.0
295;17; direct;9;14.0;1.0;14.0;0.0;0.0;0.0;1.0;1.0;1.0;15.0;1.0;15.0
296;17; direct;12;11.0;1.0;11.0;1.0;1.0;1.0;3.0;1.0;3.0;15.0;1.0;15.0
297;17; direct;15;13.0;1.0;13.0;2.0;1.0;2.0;0.0;0.0;0.0;15.0;1.0;15.0
298;17; direct;18;10.0;1.0;10.0;0.0;0.0;0.0;5.0;1.0;5.0;15.0;1.0;15.0
299;17; direct;21;10.0;1.0;10.0;2.0;1.0;2.0;3.0;1.0;3.0;15.0;1.0;15.0
300;17; widening;6;10.0;1.0;10.0;1.0;1.0;1.0;4.0;1.0;4.0;15.0;1.0;15.0
301;17; widening;9;10.0;1.0;10.0;3.0;1.0;3.0;2.0;1.0;2.0;15.0;1.0;15.0
302;17; widening;12;8.0;1.0;8.0;3.0;1.0;3.0;4.0;1.0;4.0;15.0;1.0;15.0
303;17; widening;15;5.0;1.0;5.0;2.0;1.0;2.0;8.0;1.0;8.0;15.0;1.0;15.0
304;17; widening;18;7.0;1.0;7.0;1.0;1.0;1.0;7.0;1.0;7.0;15.0;1.0;15.0
305;17; widening;21;9.0;1.0;9.0;5.0;1.0;5.0;1.0;1.0;1.0;15.0;1.0;15.0
306;18; densening;6;11.0;1.0;11.0;0.0;0.0;0.0;4.0;1.0;4.0;15.0;1.0;15.0
307;18; densening;9;14.0;1.0;14.0;0.0;0.0;0.0;1.0;1.0;1.0;15.0;1.0;15.0
308;18; densening;12;14.0;1.0;14.0;0.0;0.0;0.0;1.0;1.0;1.0;15.0;1.0;15.0
309;18; densening;15;13.0;1.0;13.0;0.0;0.0;0.0;2.0;1.0;2.0;15.0;1.0;15.0
310;18; densening;18;13.0;1.0;13.0;0.0;0.0;0.0;2.0;1.0;2.0;15.0;1.0;15.0
311;18; densening;21;10.0;1.0;10.0;0.0;0.0;0.0;5.0;1.0;5.0;15.0;1.0;15.0
312;18; direct;6;15.0;1.0;15.0;0.0;0.0;0.0;0.0;0.0;0.0;15.0;1.0;15.0
313;18; direct;9;15.0;1.0;15.0;0.0;0.0;0.0;0.0;0.0;0.0;15.0;1.0;15.0
314;18; direct;12;12.0;1.0;12.0;0.0;0.0;0.0;3.0;1.0;3.0;15.0;1.0;15.0
315;18; direct;15;15.0;1.0;15.0;0.0;0.0;0.0;0.0;0.0;0.0;15.0;1.0;15.0
316;18; direct;18;11.0;1.0;11.0;1.0;1.0;1.0;3.0;1.0;3.0;15.0;1.0;15.0
317;18; direct;21;14.0;1.0;14.0;0.0;0.0;0.0;1.0;1.0;1.0;15.0;1.0;15.0
318;18; widening;6;7.0;1.0;7.0;0.0;0.0;0.0;8.0;1.0;8.0;15.0;1.0;15.0
319;18; widening;9;14.0;1.0;14.0;0.0;0.0;0.0;1.0;1.0;1.0;15.0;1.0;15.0
320;18; widening;12;8.0;1.0;8.0;0.0;0.0;0.0;7.0;1.0;7.0;15.0;1.0;15.0
321;18; widening;15;12.0;1.0;12.0;0.0;0.0;0.0;3.0;1.0;3.0;15.0;1.0;15.0
322;18; widening;18;11.0;1.0;11.0;1.0;1.0;1.0;3.0;1.0;3.0;15.0;1.0;15.0
323;18; widening;21;12.0;1.0;12.0;0.0;0.0;0.0;3.0;1.0;3.0;15.0;1.0;15.0
324;19; densening;6;10.0;1.0;10.0;0.0;0.0;0.0;5.0;1.0;5.0;15.0;1.0;15.0
325;19; densening;9;15.0;1.0;15.0;0.0;0.0;0.0;0.0;0.0;0.0;15.0;1.0;15.0
326;19; densening;12;13.0;1.0;13.0;0.0;0.0;0.0;2.0;1.0;2.0;15.0;1.0;15.0
327;19; densening;15;13.0;1.0;13.0;0.0;0.0;0.0;2.0;1.0;2.0;15.0;1.0;15.0
328;19; densening;18;15.0;1.0;15.0;0.0;0.0;0.0;0.0;0.0;0.0;15.0;1.0;15.0
329;19; densening;21;12.0;1.0;12.0;0.0;0.0;0.0;3.0;1.0;3.0;15.0;1.0;15.0
330;19; direct;6;10.0;1.0;10.0;1.0;1.0;1.0;4.0;1.0;4.0;15.0;1.0;15.0
331;19; direct;9;12.0;1.0;12.0;0.0;0.0;0.0;3.0;1.0;3.0;15.0;1.0;15.0
332;19; direct;12;11.0;1.0;11.0;0.0;0.0;0.0;4.0;1.0;4.0;15.0;1.0;15.0
333;19; direct;15;12.0;1.0;12.0;0.0;0.0;0.0;3.0;1.0;3.0;15.0;1.0;15.0
334;19; direct;18;13.0;1.0;13.0;0.0;0.0;0.0;2.0;1.0;2.0;15.0;1.0;15.0
335;19; direct;21;13.0;1.0;13.0;0.0;0.0;0.0;2.0;1.0;2.0;15.0;1.0;15.0
336;19; widening;6;12.0;1.0;12.0;0.0;0.0;0.0;3.0;1.0;3.0;15.0;1.0;15.0
337;19; widening;9;10.0;1.0;10.0;0.0;0.0;0.0;5.0;1.0;5.0;15.0;1.0;15.0
338;19; widening;12;12.0;1.0;12.0;0.0;0.0;0.0;3.0;1.0;3.0;15.0;1.0;15.0
339;19; widening;15;11.0;1.0;11.0;0.0;0.0;0.0;4.0;1.0;4.0;15.0;1.0;15.0
340;19; widening;18;12.0;1.0;12.0;0.0;0.0;0.0;3.0;1.0;3.0;15.0;1.0;15.0
341;19; widening;21;9.0;1.0;9.0;1.0;1.0;1.0;5.0;1.0;5.0;15.0;1.0;15.0
342;20; densening;6;13.0;1.0;13.0;0.0;0.0;0.0;2.0;1.0;2.0;15.0;1.0;15.0
343;20; densening;9;14.0;1.0;14.0;0.0;0.0;0.0;1.0;1.0;1.0;15.0;1.0;15.0
344;20; densening;12;12.0;1.0;12.0;0.0;0.0;0.0;3.0;1.0;3.0;15.0;1.0;15.0
345;20; densening;15;10.0;1.0;10.0;0.0;0.0;0.0;5.0;1.0;5.0;15.0;1.0;15.0
346;20; densening;18;15.0;1.0;15.0;0.0;0.0;0.0;0.0;0.0;0.0;15.0;1.0;15.0
347;20; densening;21;8.0;1.0;8.0;0.0;0.0;0.0;7.0;1.1666666666666667;6.0;15.0;1.0714285714285714;14.0
348;20; direct;6;15.0;1.0;15.0;0.0;0.0;0.0;0.0;0.0;0.0;15.0;1.0;15.0
349;20; direct;9;15.0;1.0;15.0;0.0;0.0;0.0;0.0;0.0;0.0;15.0;1.0;15.0
350;20; direct;12;15.0;1.0;15.0;0.0;0.0;0.0;0.0;0.0;0.0;15.0;1.0;15.0
351;20; direct;15;10.0;1.0;10.0;0.0;0.0;0.0;5.0;1.0;5.0;15.0;1.0;15.0
352;20; direct;18;14.0;1.0;14.0;0.0;0.0;0.0;1.0;1.0;1.0;15.0;1.0;15.0
353;20; direct;21;14.0;1.0;14.0;0.0;0.0;0.0;1.0;1.0;1.0;15.0;1.0;15.0
354;20; widening;6;12.0;1.0;12.0;0.0;0.0;0.0;3.0;1.0;3.0;15.0;1.0;15.0
355;20; widening;9;12.0;1.0;12.0;0.0;0.0;0.0;3.0;1.0;3.0;15.0;1.0;15.0
356;20; widening;12;11.0;1.1;10.0;0.0;0.0;0.0;4.0;1.0;4.0;15.0;1.0714285714285714;14.0
357;20; widening;15;11.0;1.0;11.0;0.0;0.0;0.0;4.0;1.0;4.0;15.0;1.0;15.0
358;20; widening;18;8.0;1.0;8.0;0.0;0.0;0.0;7.0;1.0;7.0;15.0;1.0;15.0
359;20; widening;21;10.0;1.0;10.0;0.0;0.0;0.0;5.0;1.0;5.0;15.0;1.0;15.0
360;22; densening;6;13.0;1.0;13.0;0.0;0.0;0.0;2.0;1.0;2.0;15.0;1.0;15.0
361;22; densening;9;13.0;1.0;13.0;0.0;0.0;0.0;2.0;1.0;2.0;15.0;1.0;15.0
362;22; densening;12;14.0;1.0;14.0;0.0;0.0;0.0;1.0;1.0;1.0;15.0;1.0;15.0
363;22; densening;15;14.0;1.0;14.0;0.0;0.0;0.0;1.0;1.0;1.0;15.0;1.0;15.0
364;22; densening;18;12.0;1.0;12.0;0.0;0.0;0.0;3.0;1.0;3.0;15.0;1.0;15.0
365;22; densening;21;14.0;1.0;14.0;0.0;0.0;0.0;1.0;1.0;1.0;15.0;1.0;15.0
366;22; direct;6;14.0;1.0;14.0;0.0;0.0;0.0;1.0;1.0;1.0;15.0;1.0;15.0
367;22; direct;9;14.0;1.0;14.0;0.0;0.0;0.0;1.0;1.0;1.0;15.0;1.0;15.0
368;22; direct;12;13.0;1.0;13.0;0.0;0.0;0.0;2.0;1.0;2.0;15.0;1.0;15.0
369;22; direct;15;13.0;1.0;13.0;0.0;0.0;0.0;2.0;1.0;2.0;15.0;1.0;15.0
370;22; direct;18;11.0;1.0;11.0;0.0;0.0;0.0;4.0;1.0;4.0;15.0;1.0;15.0
371;22; direct;21;11.0;1.0;11.0;0.0;0.0;0.0;4.0;1.0;4.0;15.0;1.0;15.0
372;22; widening;6;7.0;1.0;7.0;0.0;0.0;0.0;8.0;1.0;8.0;15.0;1.0;15.0
373;22; widening;9;10.0;1.0;10.0;0.0;0.0;0.0;5.0;1.0;5.0;15.0;1.0;15.0
374;22; widening;12;11.0;1.0;11.0;0.0;0.0;0.0;4.0;1.0;4.0;15.0;1.0;15.0
375;22; widening;15;9.0;1.0;9.0;0.0;0.0;0.0;6.0;1.0;6.0;15.0;1.0;15.0
376;22; widening;18;11.0;1.0;11.0;0.0;0.0;0.0;4.0;1.0;4.0;15.0;1.0;15.0
377;22; widening;21;10.0;1.0;10.0;0.0;0.0;0.0;5.0;1.0;5.0;15.0;1.0;15.0
378;23; densening;6;11.0;1.0;11.0;0.0;0.0;0.0;4.0;1.0;4.0;15.0;1.0;15.0
379;23; densening;9;13.0;1.0;13.0;0.0;0.0;0.0;2.0;1.0;2.0;15.0;1.0;15.0
380;23; densening;12;14.0;1.0;14.0;0.0;0.0;0.0;1.0;1.0;1.0;15.0;1.0;15.0
381;23; densening;15;13.0;1.0;13.0;0.0;0.0;0.0;2.0;1.0;2.0;15.0;1.0;15.0
382;23; densening;18;14.0;1.0;14.0;0.0;0.0;0.0;1.0;1.0;1.0;15.0;1.0;15.0
383;23; densening;21;12.0;1.0;12.0;0.0;0.0;0.0;3.0;1.0;3.0;15.0;1.0;15.0
384;23; direct;6;13.0;1.0;13.0;0.0;0.0;0.0;2.0;1.0;2.0;15.0;1.0;15.0
385;23; direct;9;14.0;1.0;14.0;0.0;0.0;0.0;1.0;1.0;1.0;15.0;1.0;15.0
386;23; direct;12;14.0;1.0;14.0;0.0;0.0;0.0;1.0;1.0;1.0;15.0;1.0;15.0
387;23; direct;15;15.0;1.0;15.0;0.0;0.0;0.0;0.0;0.0;0.0;15.0;1.0;15.0
388;23; direct;18;12.0;1.0;12.0;0.0;0.0;0.0;3.0;1.0;3.0;15.0;1.0;15.0
389;23; direct;21;14.0;1.0;14.0;0.0;0.0;0.0;1.0;1.0;1.0;15.0;1.0;15.0
390;23; widening;6;14.0;1.0;14.0;0.0;0.0;0.0;1.0;1.0;1.0;15.0;1.0;15.0
391;23; widening;9;14.0;1.0;14.0;0.0;0.0;0.0;1.0;1.0;1.0;15.0;1.0;15.0
392;23; widening;12;10.0;1.0;10.0;0.0;0.0;0.0;5.0;1.0;5.0;15.0;1.0;15.0
393;23; widening;15;12.0;1.0;12.0;0.0;0.0;0.0;3.0;1.0;3.0;15.0;1.0;15.0
394;23; widening;18;10.0;1.0;10.0;0.0;0.0;0.0;5.0;1.0;5.0;15.0;1.0;15.0
395;23; widening;21;11.0;1.0;11.0;0.0;0.0;0.0;4.0;1.0;4.0;15.0;1.0;15.0
396;24; densening;6;11.0;1.0;11.0;0.0;0.0;0.0;4.0;1.0;4.0;15.0;1.0;15.0
397;24; densening;9;12.0;1.0;12.0;1.0;1.0;1.0;2.0;1.0;2.0;15.0;1.0;15.0
398;24; densening;12;11.0;1.0;11.0;0.0;0.0;0.0;4.0;1.0;4.0;15.0;1.0;15.0
399;24; densening;15;9.0;1.0;9.0;1.0;1.0;1.0;5.0;1.0;5.0;15.0;1.0;15.0
400;24; densening;18;10.0;1.0;10.0;2.0;1.0;2.0;3.0;1.0;3.0;15.0;1.0;15.0
401;24; densening;21;13.0;1.0;13.0;0.0;0.0;0.0;2.0;1.0;2.0;15.0;1.0;15.0
402;24; direct;6;12.0;1.0;12.0;0.0;0.0;0.0;3.0;1.0;3.0;15.0;1.0;15.0
403;24; direct;9;11.0;1.0;11.0;1.0;1.0;1.0;3.0;1.0;3.0;15.0;1.0;15.0
404;24; direct;12;9.0;1.0;9.0;1.0;1.0;1.0;5.0;1.0;5.0;15.0;1.0;15.0
405;24; direct;15;10.0;1.0;10.0;3.0;1.0;3.0;2.0;1.0;2.0;15.0;1.0;15.0
406;24; direct;18;10.0;1.0;10.0;1.0;1.0;1.0;4.0;1.0;4.0;15.0;1.0;15.0
407;24; direct;21;9.0;1.0;9.0;2.0;1.0;2.0;4.0;1.0;4.0;15.0;1.0;15.0
408;24; widening;6;11.0;1.0;11.0;1.0;1.0;1.0;3.0;1.0;3.0;15.0;1.0;15.0
409;24; widening;9;8.0;1.0;8.0;2.0;1.0;2.0;5.0;1.0;5.0;15.0;1.0;15.0
410;24; widening;12;10.0;1.0;10.0;1.0;1.0;1.0;4.0;1.0;4.0;15.0;1.0;15.0
411;24; widening;15;8.0;1.0;8.0;0.0;0.0;0.0;7.0;1.0;7.0;15.0;1.0;15.0
412;24; widening;18;7.0;1.0;7.0;4.0;1.0;4.0;4.0;1.0;4.0;15.0;1.0;15.0
413;24; widening;21;8.0;1.0;8.0;3.0;1.0;3.0;4.0;1.0;4.0;15.0;1.0;15.0
